Date,Premium_USD
2012-01-24,5.055066306
2012-01-25,6.7580857739999995
2012-01-26,-4.151949504000001
2012-01-27,-6.159111556
2012-01-30,-4.401881884
2012-01-31,-6.340601443999999
2012-02-01,-8.056397504
2012-02-02,2.0130940619999995
2012-02-03,1.9416416179999998
2012-02-06,3.8435006400000007
2012-02-07,5.545898796
2012-02-08,8.267729656
2012-02-09,9.513897094
2012-02-10,10.744581804000001
2012-02-13,6.943930481999999
2012-02-14,5.9928741180000005
2012-02-15,4.723606968
2012-02-16,6.133432098
2012-02-17,5.637697228
2012-02-20,5.870793536
2012-02-21,7.368054744
2012-02-22,7.02692072
2012-02-23,3.6092541680000005
2012-02-24,3.924221928
2012-02-27,6.081303468
2012-02-28,5.152514484
2012-02-29,5.015219834
2012-03-01,5.078189422
2012-03-02,5.808018022000001
2012-03-05,3.6280044859999996
2012-03-06,5.21831732
2012-03-07,2.7231109019999997
2012-03-08,-2.902001348
2012-03-09,-4.92714322
2012-03-12,-5.072374466
2012-03-13,-6.779440434
2012-03-14,-3.240700772000001
2012-03-15,5.559653896
2012-03-16,4.380381816
2012-03-19,2.603949012
2012-03-20,0.7227571680000002
2012-03-21,-5.844907004
2012-03-22,-12.206505234
2012-03-23,-15.077784722
2012-03-26,-22.677513038
2012-03-27,-35.016624926
2012-03-28,-40.252487926
2012-03-29,-44.659712638
2012-03-30,-48.650080074
2012-04-02,-44.042072456
2012-04-03,-32.933143524
2012-04-04,-24.706341174
2012-04-05,-16.96562097
2012-04-06,-8.154452811999999
2012-04-09,0.09649935600000034
2012-04-10,3.4427192840000003
2012-04-11,5.449650614
2012-04-12,5.010472516
2012-04-13,4.955857386
2012-04-16,1.3372703119999998
2012-04-17,0.724868208
2012-04-18,2.3697957520000004
2012-04-19,2.83662859
2012-04-20,4.209653879999999
2012-04-23,6.076194033999999
2012-04-24,5.754770213999999
2012-04-25,5.003173648
2012-04-26,4.417087058
2012-04-27,2.2370948840000002
2012-04-30,0.9437866840000002
2012-05-01,2.4450528900000004
2012-05-02,2.2589417640000002
2012-05-03,3.857473328
2012-05-04,3.54560476
2012-05-07,3.579709898
2012-05-08,4.983928726
2012-05-09,6.944229642000001
2012-05-10,6.884794428000001
2012-05-11,8.447153414
2012-05-14,9.552863598
2012-05-15,7.403162216
2012-05-16,5.905507018
2012-05-17,5.879326698
2012-05-18,2.6766839379999996
2012-05-21,1.296067024
2012-05-22,3.022282268
2012-05-23,2.366949
2012-05-24,-1.3195589620000003
2012-05-25,-0.3792484039999996
2012-05-28,-1.4108359060000002
2012-05-29,-3.964733254
2012-05-30,-3.94790756
2012-05-31,-4.678864814
2012-06-01,-2.08172065
2012-06-04,10.959266790000001
2012-06-05,24.365105178
2012-06-06,22.184789964000004
2012-06-07,24.616645536000004
2012-06-08,25.050110636000003
2012-06-11,14.96636033
2012-06-12,0.05917092799999999
2012-06-13,-1.1604310860000002
2012-06-14,-1.410261036
2012-06-15,-3.539295494
2012-06-18,-5.950430528
2012-06-19,-5.9387537120000005
2012-06-20,-3.70444691
2012-06-21,-2.7180681420000004
2012-06-22,-0.9697062460000001
2012-06-25,1.5797161999999996
2012-06-26,2.119285514
2012-06-27,2.3127408000000003
2012-06-28,2.734729698
2012-06-29,2.3582813959999998
2012-07-02,-1.89825248
2012-07-03,0.19655589399999993
2012-07-04,1.07511696
2012-07-05,1.3386278139999999
2012-07-06,2.372392288
2012-07-09,4.1601893059999995
2012-07-10,1.2228812540000003
2012-07-11,1.8566934140000004
2012-07-12,2.169820208
2012-07-13,-0.9196481299999999
2012-07-16,1.640948252
2012-07-17,3.456297494
2012-07-18,2.94606411
2012-07-19,2.08658518
2012-07-20,4.229210002
2012-07-23,2.597871438
2012-07-24,3.080849216
2012-07-25,1.2010071940000004
2012-07-26,0.6548623740000001
2012-07-27,-0.1862665819999997
2012-07-30,-1.624892338
2012-07-31,-4.6235752219999995
2012-08-01,-4.044588731999999
2012-08-02,-4.450094494
2012-08-03,-5.576380131999999
2012-08-06,-4.322770983999999
2012-08-07,-2.485881996
2012-08-08,-0.22167660199999978
2012-08-09,2.1431817860000004
2012-08-10,4.681590792
2012-08-13,4.588557763999999
2012-08-14,5.237152336
2012-08-15,7.922244164
2012-08-16,5.671248242000001
2012-08-17,3.8357556120000007
2012-08-20,2.8185391620000004
2012-08-21,2.5456170200000003
2012-08-22,-2.4519501939999997
2012-08-23,-2.337899388
2012-08-24,-1.9728590919999998
2012-08-27,-0.5370988760000002
2012-08-28,-1.9540697020000004
2012-08-29,-1.6114333120000002
2012-08-30,-1.599570886
2012-08-31,-2.081480414
2012-09-03,-3.6562322039999997
2012-09-04,-1.7521699080000002
2012-09-05,-1.424518408
2012-09-06,-2.948871608
2012-09-07,-3.2614560260000003
2012-09-10,-2.318177964
2012-09-11,-3.044878336
2012-09-12,-2.6888100980000003
2012-09-13,-0.279277942
2012-09-14,-0.516823602
2012-09-17,-0.7514641540000001
2012-09-18,-0.920654412
2012-09-19,-5.058430608
2012-09-20,-5.175496904000001
2012-09-21,-5.821228744000001
2012-09-24,-4.272087558000001
2012-09-25,-3.896811952
2012-09-26,0.18864037799999994
2012-09-27,0.4494483799999999
2012-09-28,2.647462306
2012-10-01,0.16850987
2012-10-02,-1.1586696919999997
2012-10-03,-1.0354492819999996
2012-10-04,-1.2076789140000002
2012-10-05,1.2627562320000003
2012-10-08,4.847121264
2012-10-09,10.406678436
2012-10-10,11.227262738
2012-10-11,9.975592469999999
2012-10-12,8.523134690000001
2012-10-15,5.202868726
2012-10-16,3.5102841100000006
2012-10-17,4.60405085
2012-10-18,6.608236328000001
2012-10-19,7.122641746000001
2012-10-22,7.540611544000001
2012-10-23,6.187514940000001
2012-10-24,6.850213156
2012-10-25,6.859560836
2012-10-26,8.588288778
2012-10-29,10.46345209
2012-10-30,9.121729797999999
2012-10-31,5.600048579999999
2012-11-01,5.072757688
2012-11-02,2.9572561959999994
2012-11-05,4.677562204
2012-11-06,4.483927708
2012-11-07,3.534358344
2012-11-08,4.001646822
2012-11-09,5.052818006000001
2012-11-12,2.075416768
2012-11-13,6.16534433
2012-11-14,11.120784848
2012-11-15,13.055927864000001
2012-11-16,15.851350638000003
2012-11-19,16.266054034
2012-11-20,14.175595860000001
2012-11-21,11.228716691999999
2012-11-22,9.432799053999998
2012-11-23,5.110956002
2012-11-26,4.422105952000001
2012-11-27,1.91141694
2012-11-28,1.869926178
2012-11-29,-0.75599048
2012-11-30,-1.2165511019999997
2012-12-03,-0.47850820399999955
2012-12-04,-0.25061335199999996
2012-12-05,-0.030655252000000032
2012-12-06,0.38804632800000005
2012-12-07,2.582246214
2012-12-10,3.805538328
2012-12-11,5.708177204
2012-12-12,5.888780102
2012-12-13,9.625953652
2012-12-14,8.849622168
2012-12-17,7.6832941980000005
2012-12-18,8.04727136
2012-12-19,7.2819296819999995
2012-12-20,5.776655046
2012-12-21,5.2500353340000006
2012-12-24,3.887536678000001
2012-12-25,2.959055806
2012-12-26,2.455456622
2012-12-27,2.485494592
2012-12-28,1.76657366
2012-12-31,2.3654927100000003
2013-01-01,4.7183159
2013-01-02,6.322930214
2013-01-03,8.023318516
2013-01-04,12.705118778000003
2013-01-07,15.904056910000003
2013-01-08,13.204883750000002
2013-01-09,12.751265224
2013-01-10,10.506980488
2013-01-11,7.289809052
2013-01-14,4.15090103
2013-01-15,2.9048375319999997
2013-01-16,2.5185350499999997
2013-01-17,0.34642427000000015
2013-01-18,-1.210295276
2013-01-21,-7.563661398000001
2013-01-22,-6.424033262
2013-01-23,-9.181594980000002
2013-01-24,-9.13304693
2013-01-25,-9.362976889999999
2013-01-28,-4.559327796
2013-01-29,-4.333078668000001
2013-01-30,-3.5949764620000004
2013-01-31,-3.9817103520000003
2013-02-01,-7.036437044
2013-02-04,-4.2925402980000005
2013-02-05,-4.58828524
2013-02-06,-1.091553604
2013-02-07,2.182439584
2013-02-08,4.94019573
2013-02-11,3.561644572
2013-02-12,4.30096628
2013-02-13,2.8176720360000003
2013-02-14,1.816847606
2013-02-15,3.2664585200000005
2013-02-18,3.361839618
2013-02-19,3.6617457620000002
2013-02-20,4.27109107
2013-02-21,4.015304830000001
2013-02-22,2.4646339360000002
2013-02-25,2.3423063820000003
2013-02-26,0.773449006
2013-02-27,1.0417429779999998
2013-02-28,6.327983358
2013-03-01,9.445899639999999
2013-03-04,8.1384796
2013-03-05,9.796094190000002
2013-03-06,9.115770278000001
2013-03-07,2.5509561399999994
2013-03-08,-0.476195678
2013-03-11,1.2522674980000001
2013-03-12,0.850999896
2013-03-13,2.5539984440000003
2013-03-14,2.976411422
2013-03-15,3.018439734
2013-03-18,2.269686226
2013-03-19,2.911192806
2013-03-20,0.5415894859999999
2013-03-21,1.1260205979999998
2013-03-22,0.7508026579999999
2013-03-25,1.6253769599999999
2013-03-26,0.8653100479999999
2013-03-27,3.255215122
2013-03-28,2.792913936
2013-03-29,2.9576245419999996
2013-04-01,1.5815389319999997
2013-04-02,0.8758846499999999
2013-04-03,-0.48921495200000004
2013-04-04,1.791874186
2013-04-05,2.6148071560000004
2013-04-08,2.364004336
2013-04-09,3.792640676
2013-04-10,2.8836520099999996
2013-04-11,2.669636132
2013-04-12,3.3420892479999997
2013-04-15,3.44425674
2013-04-16,5.405653974
2013-04-17,8.15125051
2013-04-18,8.882116778
2013-04-19,6.726648626000001
2013-04-22,11.384251596000002
2013-04-23,11.53385101
2013-04-24,11.134799854000002
2013-04-25,13.59721415
2013-04-26,19.612354892
2013-04-29,18.259270371999996
2013-04-30,14.917139885999998
2013-05-01,13.695861707999999
2013-05-02,11.621674508
2013-05-03,9.873173750000001
2013-05-06,10.217480284
2013-05-07,10.954010899999998
2013-05-08,11.787597221999999
2013-05-09,11.157390666
2013-05-10,8.09880403
2013-05-13,7.3820851
2013-05-14,10.050851267999999
2013-05-15,12.450811316
2013-05-16,16.15497571
2013-05-17,21.309257336
2013-05-20,23.408591444000002
2013-05-21,25.584907874000002
2013-05-22,24.677063456000003
2013-05-23,20.496729786
2013-05-24,17.658127288
2013-05-27,16.903576254
2013-05-28,14.043151720000001
2013-05-29,11.459677628
2013-05-30,10.89719058
2013-05-31,9.234368262
2013-06-03,6.68304133
2013-06-04,3.9323113139999997
2013-06-05,0.10006337800000047
2013-06-06,-0.66477644
2013-06-07,-0.9358567059999998
2013-06-10,-0.9128369259999998
2013-06-11,-4.3437309939999995
2013-06-12,-4.063701203999999
2013-06-13,-6.394943241999999
2013-06-14,-8.375792891999998
2013-06-17,-9.327750938
2013-06-18,-5.064400344
2013-06-19,-2.4447931999999994
2013-06-20,-0.10331287999999991
2013-06-21,1.571254304
2013-06-24,4.09160728
2013-06-25,5.238108596
2013-06-26,10.559985786
2013-06-27,10.227891318000001
2013-06-28,11.039177938
2013-07-01,11.823849732
2013-07-02,13.156608104
2013-07-03,10.719887714
2013-07-04,13.513153976000002
2013-07-05,15.781344022000003
2013-07-08,13.904004658
2013-07-09,12.41052353
2013-07-10,11.040835974
2013-07-11,11.757897534
2013-07-12,9.978125116000001
2013-07-15,9.598508838
2013-07-16,9.401112854
2013-07-17,10.10227292
2013-07-18,7.695015712
2013-07-19,7.367535756
2013-07-22,8.383192652
2013-07-23,9.662327744
2013-07-24,9.139539500000001
2013-07-25,14.373462400000003
2013-07-26,19.13920018
2013-07-29,25.699923920000003
2013-07-30,33.519450584000005
2013-07-31,36.0231336
2013-08-01,33.690366669999996
2013-08-02,35.80702508
2013-08-05,33.751494879999996
2013-08-06,29.127646764
2013-08-07,31.470997384000004
2013-08-08,35.120006386
2013-08-09,31.257711454000003
2013-08-12,34.502805331999994
2013-08-13,33.619652138
2013-08-14,33.987560198000004
2013-08-15,30.888467056000003
2013-08-16,36.187344584
2013-08-19,37.69868125
2013-08-20,39.198881404
2013-08-21,44.198158466
2013-08-22,40.442728464000005
2013-08-23,31.725820119999998
2013-08-26,28.847517492
2013-08-27,23.494317883999997
2013-08-28,-2.163152484000001
2013-08-29,-7.641273388000002
2013-08-30,-14.568789654000003
2013-09-02,-28.03257481
2013-09-03,-32.096142492
2013-09-04,-29.404741230000003
2013-09-05,-31.405097583999996
2013-09-06,-36.23866621
2013-09-09,-40.281296972
2013-09-10,-44.749991816
2013-09-11,-40.428575192
2013-09-12,-34.746648526
2013-09-13,-24.954791616
2013-09-16,-12.286159842
2013-09-17,-2.3003301900000004
2013-09-18,7.899778662
2013-09-19,14.527974431999999
2013-09-20,19.673160488
2013-09-23,18.579027174
2013-09-24,19.630245708
2013-09-25,22.532170504
2013-09-26,24.432871756000004
2013-09-27,29.514063150000005
2013-09-30,32.43358027000001
2013-10-01,34.209853671999994
2013-10-02,41.940121723999994
2013-10-03,41.996555898000004
2013-10-04,43.907156852
2013-10-07,49.072812627999994
2013-10-08,56.53653440200001
2013-10-09,53.748709473999995
2013-10-10,59.75411490399999
2013-10-11,68.052975152
2013-10-14,84.64303198
2013-10-15,97.010531676
2013-10-16,107.440828076
2013-10-17,118.30801911399999
2013-10-18,125.42441920000002
2013-10-21,124.83032108
2013-10-22,126.09302868
2013-10-23,131.74710729999998
2013-10-24,135.87205078
2013-10-25,137.12384456
2013-10-28,135.4754799
2013-10-29,129.58568186
2013-10-30,120.910594318
2013-10-31,109.570969636
2013-11-01,99.489706806
2013-11-04,93.20037430800001
2013-11-05,90.832835808
2013-11-06,91.18172801799999
2013-11-07,90.37266552800001
2013-11-08,88.590676106
2013-11-11,88.196594222
2013-11-12,91.67088882200001
2013-11-13,94.96101861400001
2013-11-14,104.578891746
2013-11-15,115.38773825799998
2013-11-18,123.17890280000002
2013-11-19,130.81060196
2013-11-20,139.12666942
2013-11-21,143.4956926
2013-11-22,148.76067727999998
2013-11-25,152.55541767999998
2013-11-26,155.45620593999996
2013-11-27,156.18860546
2013-11-28,155.20155728
2013-11-29,153.29873923999997
2013-12-02,154.52284588
2013-12-03,155.08987187999998
2013-12-04,158.93284328
2013-12-05,165.12458676
2013-12-06,168.78285992
2013-12-09,171.33670848
2013-12-10,171.90976958
2013-12-11,169.79141184
2013-12-12,165.7435181
2013-12-13,163.57780146
2013-12-16,158.26938882
2013-12-17,152.87861734
2013-12-18,148.3011707
2013-12-19,145.08876519999998
2013-12-20,145.06642476000002
2013-12-23,149.59249912
2013-12-24,153.73965647999998
2013-12-25,158.29096952
2013-12-26,162.78121072
2013-12-27,158.66816586
2013-12-30,154.5152511
2013-12-31,149.85836814
2014-01-01,148.5865145
2014-01-02,145.20852204000002
2014-01-03,145.00941036
2014-01-06,141.00765167999998
2014-01-07,136.0489468
2014-01-08,128.3247568
2014-01-09,122.83647885999999
2014-01-10,120.18217894
2014-01-13,120.47322448
2014-01-14,123.1827354
2014-01-15,125.60593456
2014-01-16,126.73661394000001
2014-01-17,126.9968684
2014-01-20,125.07272628000001
2014-01-21,123.99929796
2014-01-22,121.14477516
2014-01-23,117.7682834
2014-01-24,113.19142155999998
2014-01-27,109.460911574
2014-01-28,103.92958559000002
2014-01-29,102.35885269
2014-01-30,100.74737675
2014-01-31,102.18719209000001
2014-02-03,103.207549436
2014-02-04,104.70849070000001
2014-02-05,103.72950716
2014-02-06,103.98975454
2014-02-07,102.91071636
2014-02-10,101.937160342
2014-02-11,99.43604265799999
2014-02-12,96.47328748999999
2014-02-13,93.497500938
2014-02-14,86.706427742
2014-02-17,85.803605538
2014-02-18,87.731413662
2014-02-19,86.24170499800002
2014-02-20,84.9634952
2014-02-21,87.157340242
2014-02-24,83.04961961800001
2014-02-25,77.693079498
2014-02-26,74.07743544600001
2014-02-27,73.644394158
2014-02-28,71.712060198
2014-03-03,69.682299314
2014-03-04,66.65046886
2014-03-05,66.168472482
2014-03-06,63.292798948
2014-03-07,64.063661814
2014-03-10,63.94459876799999
2014-03-11,65.614191212
2014-03-12,64.208737456
2014-03-13,59.931765889999994
2014-03-14,51.67898428599999
2014-03-17,45.144298559999996
2014-03-18,40.764416384
2014-03-19,38.448843444
2014-03-20,39.349756012
2014-03-21,40.950346409999995
2014-03-24,44.045295668
2014-03-25,44.126692554
2014-03-26,44.011062102
2014-03-27,42.288854436
2014-03-28,41.82856546000001
2014-03-31,45.391638998000005
2014-04-01,49.166697358
2014-04-02,52.49481041400001
2014-04-03,56.768385980000005
2014-04-04,58.860411326000005
2014-04-07,58.575475652
2014-04-08,56.033107236
2014-04-09,55.905639171999994
2014-04-10,55.172465624000004
2014-04-11,57.62573141400001
2014-04-14,57.264092346
2014-04-15,61.180610939999994
2014-04-16,67.303202644
2014-04-17,73.9255763
2014-04-18,79.91674104399999
2014-04-21,86.536397696
2014-04-22,92.52886677000001
2014-04-23,94.96562060400001
2014-04-24,98.445784226
2014-04-25,99.120413294
2014-04-28,102.33789411000001
2014-04-29,104.259904298
2014-04-30,106.088912298
2014-05-01,110.268782938
2014-05-02,116.50909285999998
2014-05-05,123.97455701999999
2014-05-06,124.90187236
2014-05-07,125.62275162
2014-05-08,124.07308447999999
2014-05-09,122.98415218
2014-05-12,119.9181317
2014-05-13,121.18082978
2014-05-14,121.44032440000001
2014-05-15,118.1970373
2014-05-16,114.31772387999999
2014-05-19,109.3984258
2014-05-20,105.75736732
2014-05-21,100.380356468
2014-05-22,90.087028944
2014-05-23,79.73889091
2014-05-26,68.967416998
2014-05-27,55.615665193999995
2014-05-28,43.334324175999996
2014-05-29,40.865363826
2014-05-30,37.409989576
2014-06-02,35.061155282
2014-06-03,35.816952470000004
2014-06-04,36.411668758
2014-06-05,34.551639768
2014-06-06,32.545294602
2014-06-09,29.097844079999998
2014-06-10,25.71815009
2014-06-11,22.203496308
2014-06-12,19.932511796
2014-06-13,18.758079459999998
2014-06-16,18.826972582
2014-06-17,17.966629232
2014-06-18,21.471471696000002
2014-06-19,22.155889597999998
2014-06-20,22.113695256
2014-06-23,21.645744568
2014-06-24,21.657761830000002
2014-06-25,19.047260914
2014-06-26,17.851226682
2014-06-27,17.058133604
2014-06-30,14.926086770000001
2014-07-01,11.406166326000001
2014-07-02,6.4812023220000015
2014-07-03,3.308746568
2014-07-04,0.08202536399999998
2014-07-07,-2.436525134
2014-07-08,-2.6268110659999997
2014-07-09,-0.6367553600000001
2014-07-10,2.556031256
2014-07-11,4.000436646
2014-07-14,6.77728726
2014-07-15,7.610785396
2014-07-16,8.981519861999999
2014-07-17,7.324319489999999
2014-07-18,8.065704325999999
2014-07-21,7.759874766
2014-07-22,8.506454854000001
2014-07-23,7.936379492
2014-07-24,8.680019684
2014-07-25,9.370203746
2014-07-28,9.062121811999999
2014-07-29,9.781656192
2014-07-30,10.272216942
2014-07-31,11.440351908
2014-08-01,11.616946876
2014-08-04,10.871700707999999
2014-08-05,9.87456182
2014-08-06,9.736509298
2014-08-07,7.621980336000002
2014-08-08,4.755964006
2014-08-11,5.231841272
2014-08-12,5.77085729
2014-08-13,5.098460317999999
2014-08-14,3.3378954220000003
2014-08-15,4.3821906980000005
2014-08-18,3.618443038
2014-08-19,3.884676302
2014-08-20,4.96756069
2014-08-21,7.8010231160000005
2014-08-22,9.949273838
2014-08-25,12.205331738000002
2014-08-26,13.228916316
2014-08-27,13.461512240000001
2014-08-28,14.661912738000002
2014-08-29,17.089916702
2014-09-01,16.615910407999998
2014-09-02,15.185864040000002
2014-09-03,14.423513408
2014-09-04,13.194818982000001
2014-09-05,10.415714834
2014-09-08,10.758595524
2014-09-09,11.986411440000001
2014-09-10,12.899836394
2014-09-11,10.911578628000001
2014-09-12,10.393428044
2014-09-15,10.042556422
2014-09-16,11.68580634
2014-09-17,10.180619708
2014-09-18,9.962924116
2014-09-19,9.125735676000001
2014-09-22,8.04148592
2014-09-23,7.476841922
2014-09-24,7.546895242
2014-09-25,9.35762291
2014-09-26,8.858977878000001
2014-09-29,10.344789361999998
2014-09-30,10.73156343
2014-10-01,13.257122242
2014-10-02,14.434327894
2014-10-03,18.397704924000003
2014-10-06,22.914167933999998
2014-10-07,23.354558431999997
2014-10-08,24.001396068
2014-10-09,25.643340795999997
2014-10-10,26.108972136
2014-10-13,22.649919738
2014-10-14,22.770660138
2014-10-15,25.819755166000004
2014-10-16,26.249848478
2014-10-17,24.362623667999998
2014-10-20,24.313609122
2014-10-21,23.482719634
2014-10-22,19.761852311999995
2014-10-23,20.11196066
2014-10-24,24.303950518
2014-10-27,27.276512804
2014-10-28,27.441527410000003
2014-10-29,27.139441161999997
2014-10-30,25.090993998
2014-10-31,20.658066184000003
2014-11-03,18.556756573999998
2014-11-04,20.321359534000003
2014-11-05,21.514142382
2014-11-06,23.340124058
2014-11-07,24.93716311
2014-11-10,24.306907250000002
2014-11-11,22.688162258
2014-11-12,22.90192413
2014-11-13,22.40611002
2014-11-14,23.430366912
2014-11-17,24.216980794
2014-11-18,23.957041536
2014-11-19,23.185390583999997
2014-11-20,21.40721371
2014-11-21,19.694932496
2014-11-24,18.161452306
2014-11-25,16.50510672
2014-11-26,15.134827448
2014-11-27,14.13411711
2014-11-28,12.768336545999999
2014-12-01,8.74458978
2014-12-02,7.093680366000001
2014-12-03,5.002142242
2014-12-04,3.47066789
2014-12-05,1.4512898939999999
2014-12-08,2.9731904179999993
2014-12-09,3.2382446759999994
2014-12-10,3.515076784
2014-12-11,4.229828362
2014-12-12,3.3601085760000005
2014-12-15,3.787212006
2014-12-16,2.35866408
2014-12-17,0.8266069739999999
2014-12-18,-2.216247272
2014-12-19,-1.086730374
2014-12-22,-1.8970351540000003
2014-12-23,-2.029763442
2014-12-24,-1.0166169660000002
2014-12-25,1.7159574220000002
2014-12-26,5.0818427900000005
2014-12-29,4.179977214000001
2014-12-30,3.3133134660000003
2014-12-31,2.2973877160000002
2015-01-01,-0.37337136999999976
2015-01-02,-4.353621552
2015-01-05,-3.67085407
2015-01-06,-1.1214905499999999
2015-01-07,-0.897947812
2015-01-08,0.5321645399999999
2015-01-09,1.0339723079999998
2015-01-12,1.7042811639999997
2015-01-13,1.159220048
2015-01-14,3.9851366839999995
2015-01-15,7.889021271999999
2015-01-16,7.2989419159999995
2015-01-19,6.407665591999999
2015-01-20,4.702735822
2015-01-21,2.8302970720000005
2015-01-22,-0.885981438
2015-01-23,-0.57657847
2015-01-26,2.54220927
2015-01-27,4.689129022
2015-01-28,5.409666280000001
2015-01-29,8.017717225999998
2015-01-30,8.197610619999999
2015-02-02,5.566202007999999
2015-02-03,5.0253785440000005
2015-02-04,4.609642299999999
2015-02-05,1.5276595339999999
2015-02-06,1.8864749159999998
2015-02-09,1.4482995779999999
2015-02-10,2.458338854
2015-02-11,2.489574154
2015-02-12,2.662732688
2015-02-13,3.4655340100000003
2015-02-16,4.358016494
2015-02-17,7.081731452
2015-02-18,7.256731375999999
2015-02-19,8.854686486
2015-02-20,8.627618221999999
2015-02-23,9.065682376
2015-02-24,6.3352569899999995
2015-02-25,6.05343686
2015-02-26,3.4761945420000004
2015-02-27,1.6952885580000003
2015-03-02,2.0395968479999995
2015-03-03,2.2723372900000003
2015-03-04,3.875094738
2015-03-05,6.7770801579999995
2015-03-06,10.06968716
2015-03-09,9.205953984
2015-03-10,8.695668286
2015-03-11,7.296813609999999
2015-03-12,6.052121656000001
2015-03-13,5.75363176
2015-03-16,6.410177288
2015-03-17,5.985305331999999
2015-03-18,6.538981176
2015-03-19,7.793745056000001
2015-03-20,6.030344778
2015-03-23,5.5437159099999995
2015-03-24,5.750827226
2015-03-25,5.125103376
2015-03-26,4.088629404000001
2015-03-27,3.94678751
2015-03-30,3.534317186
2015-03-31,4.687218706
2015-04-01,6.80835605
2015-04-02,5.140408232
2015-04-03,3.269620378
2015-04-06,8.260031352
2015-04-07,7.6909159439999994
2015-04-08,5.58128627
2015-04-09,8.093024612
2015-04-10,10.221755306
2015-04-13,6.175732033999999
2015-04-14,8.351106006
2015-04-15,9.087736417999999
2015-04-16,9.001900318
2015-04-17,8.916056902
2015-04-20,8.759170002000001
2015-04-21,5.7827952279999995
2015-04-22,4.9477078379999995
2015-04-23,4.432260995999999
2015-04-24,4.201330906
2015-04-27,2.942946316
2015-04-28,2.254676866
2015-04-29,2.627966002
2015-04-30,1.990873016
2015-05-01,6.900032456
2015-05-04,12.257071936
2015-05-05,12.91940247
2015-05-06,11.435516609999999
2015-05-07,12.710199436
2015-05-08,6.823827172
2015-05-11,1.88206258
2015-05-12,2.957517922
2015-05-13,2.8689380860000004
2015-05-14,1.6732654559999998
2015-05-15,1.0855890779999997
2015-05-18,0.6650165219999999
2015-05-19,-1.205230128
2015-05-20,-0.867437284
2015-05-21,-1.5373937459999998
2015-05-22,-0.721727424
2015-05-25,-2.038997718
2015-05-26,-1.5838670119999998
2015-05-27,-1.6943550759999997
2015-05-28,-1.9665469359999999
2015-05-29,-2.382417412
2015-06-01,-0.39082085200000005
2015-06-02,0.38645268999999993
2015-06-03,1.7932408379999998
2015-06-04,2.3111507080000004
2015-06-05,2.686226606
2015-06-08,2.006154706
2015-06-09,1.345357916
2015-06-10,0.24698361799999996
2015-06-11,0.7190699479999999
2015-06-12,0.90792772
2015-06-15,0.055725420000000005
2015-06-16,0.08235144399999994
2015-06-17,-0.3637198180000001
2015-06-18,-2.147723912
2015-06-19,-3.25932095
2015-06-22,-3.1430883639999996
2015-06-23,-4.60013826
2015-06-24,-4.359396278
2015-06-25,-3.831446028
2015-06-26,-3.4506399
2015-06-29,-3.3689206040000004
2015-06-30,-3.664671034
2015-07-01,-4.32220347
2015-07-02,-4.6517819320000005
2015-07-03,-4.362904414
2015-07-06,-4.838706963999999
2015-07-07,-4.062604246
2015-07-08,-3.5648991199999998
2015-07-09,-3.027010558
2015-07-10,-3.109254244
2015-07-13,-2.411592156
2015-07-14,-2.4948035620000004
2015-07-15,-2.317574186
2015-07-16,-1.621437168
2015-07-17,-0.97781572
2015-07-20,0.4173849220000002
2015-07-21,1.379713192
2015-07-22,2.322743818
2015-07-23,3.2914239160000003
2015-07-24,4.269006958
2015-07-27,4.31097149
2015-07-28,4.232056258
2015-07-29,4.220052873999999
2015-07-30,4.5301646920000005
2015-07-31,4.772599552
2015-08-03,4.863759224000001
2015-08-04,4.808741314
2015-08-05,4.864405386
2015-08-06,4.728313142
2015-08-07,3.9671197900000004
2015-08-10,3.7057102639999995
2015-08-11,4.197275186
2015-08-12,4.0920063120000005
2015-08-13,4.369301222
2015-08-14,4.215681861999999
2015-08-17,3.697960105999999
2015-08-18,4.941334070000001
2015-08-19,3.929916778
2015-08-20,4.167818692
2015-08-21,4.97513439
2015-08-24,5.739205252
2015-08-25,-0.1582713179999992
2015-08-26,2.1923754900000003
2015-08-27,-0.051767211999999674
2015-08-28,-0.3249685559999994
2015-08-31,0.6066269880000004
2015-09-01,4.534869196000001
2015-09-02,1.9441804919999999
2015-09-03,1.387059206
2015-09-04,-0.5233433099999999
2015-09-07,-3.3971756220000002
2015-09-08,-4.60083923
2015-09-09,-5.108871448
2015-09-10,-5.487408631999999
2015-09-11,-4.761175904
2015-09-14,-5.46567615
2015-09-15,-5.092632312
2015-09-16,-4.931401462
2015-09-17,-5.2063015020000005
2015-09-18,-5.213922078
2015-09-21,-1.1463198840000004
2015-09-22,0.13248996799999987
2015-09-23,0.78081227
2015-09-24,2.603136748
2015-09-25,1.1704981780000001
2015-09-28,-2.99358442
2015-09-29,-4.455962034
2015-09-30,-5.340622961999999
2015-10-01,-6.176842344
2015-10-02,-3.225215844
2015-10-05,-2.147688356
2015-10-06,-1.26730798
2015-10-07,-1.026192992
2015-10-08,-0.6212372039999998
2015-10-09,-1.313388396
2015-10-12,-0.34438727999999974
2015-10-13,-0.2372602999999998
2015-10-14,-1.9564284360000002
2015-10-15,-1.46981278
2015-10-16,-1.8869238040000003
2015-10-19,-2.2818101040000003
2015-10-20,-1.364208716
2015-10-21,1.44147734
2015-10-22,3.9087450820000003
2015-10-23,4.139930262
2015-10-26,3.8022384439999994
2015-10-27,3.21330108
2015-10-28,3.2799925379999997
2015-10-29,1.6856770499999996
2015-10-30,1.291012762
2015-11-02,2.1979830060000003
2015-11-03,2.311168018
2015-11-04,1.7640768199999997
2015-11-05,1.0642849680000002
2015-11-06,1.116447242
2015-11-09,1.58498657
2015-11-10,2.483035168
2015-11-11,5.475414058
2015-11-12,8.22848159
2015-11-13,11.881673044
2015-11-16,10.93152564
2015-11-17,10.470703064
2015-11-18,9.01274766
2015-11-19,7.377154772
2015-11-20,4.8633730459999995
2015-11-23,5.804392272
2015-11-24,5.83154368
2015-11-25,6.238927915999999
2015-11-26,6.101439227999999
2015-11-27,5.725443617999999
2015-11-30,5.606073066
2015-12-01,5.945067322
2015-12-02,4.9223944
2015-12-03,4.630398368000001
2015-12-04,4.178956348000001
2015-12-07,4.1054969
2015-12-08,3.3627230440000004
2015-12-09,3.7797010159999997
2015-12-10,3.433195232
2015-12-11,3.594008988
2015-12-14,3.3252076199999996
2015-12-15,2.377284402
2015-12-16,1.454776718
2015-12-17,1.233158148
2015-12-18,2.10737713
2015-12-21,2.511950324
2015-12-22,3.925072842
2015-12-23,4.641432082
2015-12-24,5.781193936
2015-12-25,5.72026258
2015-12-28,6.24426575
2015-12-29,6.888334523999999
2015-12-30,6.796342958000001
2015-12-31,6.311120178
2016-01-01,7.445187516
2016-01-04,6.913181414
2016-01-05,6.377089564
2016-01-06,6.979299620000001
2016-01-07,6.5139395239999995
2016-01-08,4.745550914
2016-01-11,3.8436314179999997
2016-01-12,3.0553385339999997
2016-01-13,2.353467214
2016-01-14,-0.14342351999999997
2016-01-15,-2.2230488740000003
2016-01-18,-2.3410545
2016-01-19,-2.3837195419999997
2016-01-20,-2.917898898
2016-01-21,-1.132521944
2016-01-22,-0.5003092920000001
2016-01-25,-0.416087104
2016-01-26,-1.8989345120000003
2016-01-27,-2.272495008
2016-01-28,-2.45077509
2016-01-29,-2.211939134
2016-02-01,-2.0752885999999995
2016-02-02,-1.173024288
2016-02-03,-2.168838232
2016-02-04,-3.3166496199999997
2016-02-05,-3.824425538
2016-02-08,-5.985837018
2016-02-09,-8.010995634
2016-02-10,-8.684975119999999
2016-02-11,-10.763851037999999
2016-02-12,-14.969622751999998
2016-02-15,-19.635901922
2016-02-16,-23.372042349999997
2016-02-17,-28.318918004
2016-02-18,-30.774283038
2016-02-19,-31.13969125
2016-02-22,-30.503309546000004
2016-02-23,-31.319164410000003
2016-02-24,-30.979120727999998
2016-02-25,-31.197981303999995
2016-02-26,-32.490131407999996
2016-02-29,-33.261074612
2016-03-01,-32.242477875999995
2016-03-02,-31.290881128000002
2016-03-03,-30.144332276
2016-03-04,-29.604887151999996
2016-03-07,-27.741111468000003
2016-03-08,-28.779958826
2016-03-09,-31.011739486
2016-03-10,-29.803750214
2016-03-11,-30.644913586
2016-03-14,-31.615813627999994
2016-03-15,-26.585015055999996
2016-03-16,-21.521608972
2016-03-17,-25.602243772
2016-03-18,-22.445307837999998
2016-03-21,-18.211630613999997
2016-03-22,-18.618136752
2016-03-23,-16.415002262
2016-03-24,-5.017053451999999
2016-03-25,2.2722953079999995
2016-03-28,7.889311302
2016-03-29,14.100984224000001
2016-03-30,14.754471976000001
2016-03-31,12.881969042
2016-04-01,12.058182046000002
2016-04-04,13.461794215999998
2016-04-05,11.550611618
2016-04-06,13.459989623999999
2016-04-07,12.122216722
2016-04-08,10.98344382
2016-04-11,3.9507781519999994
2016-04-12,-2.2596385000000003
2016-04-13,-7.68107368
2016-04-14,-9.371602432
2016-04-15,-10.210397122
2016-04-18,-9.645455698
2016-04-19,-6.317051137999999
2016-04-20,-2.76050688
2016-04-21,-0.994383976
2016-04-22,-1.2074377320000003
2016-04-25,0.19599410400000003
2016-04-26,0.2604152900000001
2016-04-27,0.19548587200000003
2016-04-28,0.14605530200000003
2016-04-29,-0.15588207999999998
2016-05-02,3.6172724200000004
2016-05-03,3.3764089420000003
2016-05-04,2.7076017080000003
2016-05-05,2.4219567
2016-05-06,1.7970214340000001
2016-05-09,-2.822563442
2016-05-10,-2.201208536
2016-05-11,-2.1116408079999998
2016-05-12,-2.7702966079999998
2016-05-13,-4.16103472
2016-05-16,-6.09988399
2016-05-17,-6.58880085
2016-05-18,-8.152865338000002
2016-05-19,-9.01426114
2016-05-20,-9.367519034
2016-05-23,-9.335899434
2016-05-24,-11.29518999
2016-05-25,-11.534930874
2016-05-26,-12.504425528000002
2016-05-27,-12.671909124
2016-05-30,-16.874008248000003
2016-05-31,-15.229697609999999
2016-06-01,-14.813400221999999
2016-06-02,-14.126768904000002
2016-06-03,-13.178209641999999
2016-06-06,-7.940274732000001
2016-06-07,-9.649154511999999
2016-06-08,-10.609127898
2016-06-09,-12.190402670000001
2016-06-10,-16.35280966
2016-06-13,-22.397013848
2016-06-14,-23.713980753999998
2016-06-15,-26.0731182
2016-06-16,-26.218874566
2016-06-17,-25.614954857999997
2016-06-20,-24.956788006
2016-06-21,-26.142881103999997
2016-06-22,-26.164711896
2016-06-23,-27.497901048
2016-06-24,-27.349455713999998
2016-06-27,-24.81879152
2016-06-28,-25.859402386
2016-06-29,-28.691807204000003
2016-06-30,-32.376768132
2016-07-01,-34.216339834
2016-07-04,-38.613873084
2016-07-05,-40.216542588
2016-07-06,-44.561089968000005
2016-07-07,-44.909920998
2016-07-08,-47.763655622
2016-07-11,-47.314762716
2016-07-12,-47.42619816399999
2016-07-13,-42.230333183999996
2016-07-14,-38.671565392
2016-07-15,-34.813203312
2016-07-18,-32.317584458
2016-07-19,-30.872516462
2016-07-20,-30.318279710000002
2016-07-21,-31.315130076000003
2016-07-22,-31.412061418
2016-07-25,-31.201005208000005
2016-07-26,-30.766315738000003
2016-07-27,-28.956666638
2016-07-28,-29.14375001
2016-07-29,-29.230626753999996
2016-08-01,-30.600309066
2016-08-02,-30.909933302000002
2016-08-03,-33.867802825999995
2016-08-04,-33.465616232
2016-08-05,-35.28915267
2016-08-08,-32.58630436
2016-08-09,-32.04569831
2016-08-10,-30.598639160000005
2016-08-11,-29.319164244
2016-08-12,-26.955217858000005
2016-08-15,-28.076883894
2016-08-16,-27.558620822
2016-08-17,-26.84725158
2016-08-18,-28.7517116
2016-08-19,-29.047071311999996
2016-08-22,-28.172701697999997
2016-08-23,-27.027401228000002
2016-08-24,-25.842436146
2016-08-25,-20.683270434
2016-08-26,-18.476030820000002
2016-08-29,-18.209860038
2016-08-30,-15.94225749
2016-08-31,-14.311204627999999
2016-09-01,-14.592126734
2016-09-02,-12.37952716
2016-09-05,-13.062419951999999
2016-09-06,-12.856029566
2016-09-07,-11.86198857
2016-09-08,-13.081914681999999
2016-09-09,-13.40079339
2016-09-12,-10.108701196
2016-09-13,-8.847524098000001
2016-09-14,-9.103734644000001
2016-09-15,-7.355461555999999
2016-09-16,-7.20261635
2016-09-19,-7.010727006000001
2016-09-20,-7.9778119400000005
2016-09-21,-7.509142796000001
2016-09-22,-7.813145018
2016-09-23,-7.439636626
2016-09-26,-7.807482924
2016-09-27,-7.172590124
2016-09-28,-6.173928644
2016-09-29,-4.145622994
2016-09-30,-3.7750547599999997
2016-10-03,-2.7728189480000003
2016-10-04,-2.432632508
2016-10-05,-2.117821914
2016-10-06,-1.939316298
2016-10-07,-0.954661904
2016-10-10,0.00849681200000001
2016-10-11,3.1232400799999995
2016-10-12,5.909295964
2016-10-13,6.324993136
2016-10-14,6.70950734
2016-10-17,7.765574171999999
2016-10-18,6.317223406
2016-10-19,4.213297636
2016-10-20,4.242921106
2016-10-21,4.340767166000001
2016-10-24,3.2006737440000004
2016-10-25,2.510879444
2016-10-26,2.7717165419999996
2016-10-27,2.7156713019999996
2016-10-28,3.405822406
2016-10-31,3.3513458819999995
2016-11-01,1.213162966
2016-11-02,0.5510243060000002
2016-11-03,0.15775122600000002
2016-11-04,-1.5397910139999997
2016-11-07,-0.8219312719999998
2016-11-08,1.5518731579999998
2016-11-09,-2.4526687540000003
2016-11-10,2.698744588
2016-11-11,8.615191505999999
2016-11-14,20.601179116
2016-11-15,25.48341956
2016-11-16,33.92547207599999
2016-11-17,29.673970374
2016-11-18,26.951748943999995
2016-11-21,14.602885875999998
2016-11-22,9.864214225999998
2016-11-23,5.764603372000001
2016-11-24,5.802898826
2016-11-25,3.2072752479999997
2016-11-28,2.988267738
2016-11-29,2.6671018799999997
2016-11-30,2.5919768459999997
2016-12-01,1.895116354
2016-12-02,2.10837662
2016-12-05,2.785145514
2016-12-06,3.0319951979999997
2016-12-07,3.7499643579999997
2016-12-08,4.0800620819999995
2016-12-09,4.581786028000001
2016-12-12,8.126323072
2016-12-13,9.227243028
2016-12-14,9.00339396
2016-12-15,9.225906176
2016-12-16,8.754824654
2016-12-19,5.285634190000001
2016-12-20,4.2102486400000005
2016-12-21,4.116251798
2016-12-22,2.909330426
2016-12-23,2.4115557700000005
2016-12-26,2.7405698899999997
2016-12-27,5.772715486
2016-12-28,5.136169306
2016-12-29,5.360195682
2016-12-30,5.569852364000001
2017-01-02,4.62066374
2017-01-03,2.547382644
2017-01-04,3.0064434139999996
2017-01-05,3.8966247099999998
2017-01-06,4.465829737999999
2017-01-09,4.403013765999999
2017-01-10,4.154611878
2017-01-11,5.00695363
2017-01-12,3.8797938280000004
2017-01-13,2.510378386
2017-01-16,2.4210728100000005
2017-01-17,0.836444606
2017-01-18,0.517940874
2017-01-19,1.019771182
2017-01-20,2.987282326
2017-01-23,3.2783799119999997
2017-01-24,4.100033986000001
2017-01-25,4.017906248
2017-01-26,7.535300156
2017-01-27,7.0578239
2017-01-30,7.964265064000001
2017-01-31,10.160189098
2017-02-01,10.553936444000001
2017-02-02,7.4574852300000005
2017-02-03,7.758831078
2017-02-06,7.4855847220000005
2017-02-07,5.571193892
2017-02-08,5.023241138
2017-02-09,4.728343218
2017-02-10,4.3358369340000005
2017-02-13,4.425205662
2017-02-14,4.619532244
2017-02-15,4.3935138160000005
2017-02-16,4.654046692
2017-02-17,4.011848392
2017-02-20,3.1762103080000004
2017-02-21,3.756750986
2017-02-22,3.5975905600000004
2017-02-23,3.5522332139999997
2017-02-24,1.3441906079999995
2017-02-27,1.6814018420000003
2017-02-28,0.629043024
2017-03-01,0.266592454
2017-03-02,-0.214952718
2017-03-03,2.1345784500000002
2017-03-06,1.9048999859999998
2017-03-07,2.219547342
2017-03-08,3.4291234339999996
2017-03-09,4.170357489999999
2017-03-10,4.68501635
2017-03-13,3.413033522
2017-03-14,3.2187839960000004
2017-03-15,4.292584528000001
2017-03-16,5.240889504
2017-03-17,5.103999274
2017-03-20,6.746607114
2017-03-21,6.562222265999999
2017-03-22,4.678748548
2017-03-23,3.685690672
2017-03-24,3.844774374
2017-03-27,3.8109783660000005
2017-03-28,5.0975559420000005
2017-03-29,5.413599452000001
2017-03-30,5.2286546220000005
2017-03-31,4.908701942
2017-04-03,4.745694554000001
2017-04-04,2.173024308
2017-04-05,1.784134362
2017-04-06,1.070561522
2017-04-07,1.5400187379999999
2017-04-10,2.2301240639999995
2017-04-11,4.902110672
2017-04-12,5.566578128000001
2017-04-13,6.456823320000001
2017-04-14,7.235725714
2017-04-17,7.975289042
2017-04-18,7.337883122000001
2017-04-19,7.280350574000001
2017-04-20,6.4950240379999995
2017-04-21,5.591740418
2017-04-24,4.228780716
2017-04-25,4.087605236
2017-04-26,5.16440972
2017-04-27,6.244365742
2017-04-28,7.03341135
2017-05-01,8.597876553999999
2017-05-02,8.812196347999999
2017-05-03,7.9868383
2017-05-04,7.47431071
2017-05-05,5.8982422979999996
2017-05-08,5.2412871139999995
2017-05-09,4.903814828
2017-05-10,5.690562842
2017-05-11,5.620063180000001
2017-05-12,6.366360996
2017-05-15,5.905372992
2017-05-16,5.907185246
2017-05-17,5.5380840540000005
2017-05-18,7.253950884
2017-05-19,5.93754159
2017-05-22,5.41837926
2017-05-23,5.24983414
2017-05-24,4.261484428
2017-05-25,2.764903696
2017-05-26,3.0147174100000003
2017-05-29,3.5166596720000003
2017-05-30,3.5076859659999995
2017-05-31,3.053003786
2017-06-01,1.9919411059999994
2017-06-02,2.663124958
2017-06-05,1.321883214
2017-06-06,1.4949814099999998
2017-06-07,-0.06596075600000013
2017-06-08,-0.06142269400000013
2017-06-09,-0.46708451
2017-06-12,-0.11713182400000006
2017-06-13,-1.0663774780000002
2017-06-14,0.446330748
2017-06-15,0.90932581
2017-06-16,0.17700053800000007
2017-06-19,0.21120260800000007
2017-06-20,0.9181253500000001
2017-06-21,1.116593924
2017-06-22,1.94254824
2017-06-23,3.14912953
2017-06-26,7.168672694
2017-06-27,8.433019326
2017-06-28,10.058984498
2017-06-29,11.886992668000001
2017-06-30,14.806980924000001
2017-07-03,10.508371754
2017-07-04,9.225478806
2017-07-05,7.99054673
2017-07-06,5.6062638499999995
2017-07-07,2.5392127700000002
2017-07-10,3.411528494
2017-07-11,3.5497295099999997
2017-07-12,3.170858604
2017-07-13,3.2503592239999994
2017-07-14,3.6874380939999996
2017-07-17,3.547773568
2017-07-18,3.7860450640000005
2017-07-19,4.058799276
2017-07-20,3.8140784519999995
2017-07-21,3.293925436
2017-07-24,2.6268110659999997
2017-07-25,2.554020112
2017-07-26,2.273180168
2017-07-27,0.8058185820000002
2017-07-28,0.2676707520000001
2017-07-31,-1.4357269279999998
2017-08-01,-3.7136890279999997
2017-08-02,-6.042254546000001
2017-08-03,-5.116063214
2017-08-04,-5.022159768
2017-08-07,-1.3950781199999998
2017-08-08,0.20797019000000003
2017-08-09,2.24376145
2017-08-10,2.612966098
2017-08-11,1.1754538079999999
2017-08-14,-1.840766188
2017-08-15,-0.9599558559999999
2017-08-16,-2.380588616
2017-08-17,-3.898931786
2017-08-18,-4.16668866
2017-08-21,-5.056455536
2017-08-22,-8.121922526
2017-08-23,-8.448759542
2017-08-24,-9.52927391
2017-08-25,-9.42918739
2017-08-28,-5.933299622
2017-08-29,-6.182317039999999
2017-08-30,-4.088888932000001
2017-08-31,-1.4332679120000003
2017-09-01,0.3209623919999997
2017-09-04,-0.7490243780000002
2017-09-05,2.260695818
2017-09-06,1.013855406
2017-09-07,0.16256792399999984
2017-09-08,0.503390014
2017-09-11,-0.295378112
2017-09-12,-1.2223325839999999
2017-09-13,-0.5689843939999999
2017-09-14,0.849087394
2017-09-15,0.533694096
2017-09-18,1.102962798
2017-09-19,1.5218543099999997
2017-09-20,0.8468853380000001
2017-09-21,0.0751837020000001
2017-09-22,-1.8797435459999998
2017-09-25,-1.7710256359999998
2017-09-26,-2.131098596
2017-09-27,-2.550596414
2017-09-28,-4.446821448
2017-09-29,-2.4973741379999996
2017-10-02,0.5853643680000001
2017-10-03,0.5889836839999999
2017-10-04,1.9836423719999998
2017-10-05,3.4946692240000004
2017-10-06,4.393180033999999
2017-10-09,1.0948647999999999
2017-10-10,1.405399516
2017-10-11,0.7810275039999999
2017-10-12,1.037234582
2017-10-13,0.443108466
2017-10-16,0.8795086019999999
2017-10-17,1.7705776200000003
2017-10-18,4.099260892
2017-10-19,6.06667777
2017-10-20,8.352868104
2017-10-23,10.681227122000001
2017-10-24,12.361814490000002
2017-10-25,11.281416432
2017-10-26,10.698602158
2017-10-27,8.90927564
2017-10-30,6.523468464
2017-10-31,5.291577264
2017-11-01,5.671422598
2017-11-02,5.044380308
2017-11-03,4.912513748
2017-11-06,4.635365692
2017-11-07,3.9070748280000003
2017-11-08,2.1244261359999994
2017-11-09,1.069071658
2017-11-10,0.549818958
2017-11-13,-0.08251335799999997
2017-11-14,-1.800204114
2017-11-15,-2.0839061479999996
2017-11-16,-2.031242604
2017-11-17,-1.3698778779999998
2017-11-20,-1.207298502
2017-11-21,0.13862796599999988
2017-11-22,2.08987827
2017-11-23,2.4850752799999998
2017-11-24,1.790935348
2017-11-27,1.3209641699999999
2017-11-28,1.439062974
2017-11-29,0.8763285620000001
2017-11-30,1.326784988
2017-12-01,2.9728368240000003
2017-12-04,3.5702681419999998
2017-12-05,3.4350626739999996
2017-12-06,3.817335386
2017-12-07,3.638633018
2017-12-08,2.377552678
2017-12-11,2.644220752
2017-12-12,3.3870240120000004
2017-12-13,3.26209991
2017-12-14,1.41388501
2017-12-15,2.271873554
2017-12-18,2.7614135919999994
2017-12-19,2.068539888
2017-12-20,1.680367402
2017-12-21,3.6751204419999994
2017-12-22,2.7448248059999996
2017-12-25,3.182627168
2017-12-26,5.705644994
2017-12-27,5.88127069
2017-12-28,5.9599774320000005
2017-12-29,5.532391492
2018-01-01,7.363350969999999
2018-01-02,3.4125516199999995
2018-01-03,3.1806661840000006
2018-01-04,2.396661472
2018-01-05,2.4602219080000003
2018-01-08,-0.029221624000000012
2018-01-09,1.689562974
2018-01-10,-0.00653684400000003
2018-01-11,-0.20250693600000003
2018-01-12,0.025426679999999945
2018-01-15,-2.45868983
2018-01-16,-3.0937199260000003
2018-01-17,-2.51440487
2018-01-18,-2.959348478
2018-01-19,-4.014214023999999
2018-01-22,-3.201868228
2018-01-23,-3.66538767
2018-01-24,-3.3211414919999998
2018-01-25,-1.9507492380000002
2018-01-26,1.370008226
2018-01-29,2.6323478519999997
2018-01-30,3.4174954559999997
2018-01-31,4.324054588
2018-02-01,5.619124365999999
2018-02-02,3.621064782
2018-02-05,4.067785628
2018-02-06,3.128288732
2018-02-07,3.7713334099999996
2018-02-08,3.28444615
2018-02-09,3.4107483300000005
2018-02-10,1.9719230200000002
2018-02-12,2.9058168620000004
2018-02-13,1.7067264860000002
2018-02-14,1.04225199
2018-02-15,0.5892875399999999
2018-02-16,2.25510609
2018-02-19,5.021564986
2018-02-20,6.210112718
2018-02-21,5.1784118260000005
2018-02-22,4.54291656
2018-02-23,3.3376827220000003
2018-02-26,0.12253917600000004
2018-02-27,-1.114514848
2018-02-28,-0.700947066
2018-03-01,-0.1631949339999999
2018-03-02,0.09946263800000003
2018-03-05,0.06472477400000001
2018-03-06,0.419534434
2018-03-07,0.21864049400000002
2018-03-08,0.5791264500000001
2018-03-09,0.870311828
2018-03-10,-0.796681248
2018-03-12,-0.977731578
2018-03-13,-1.336071276
2018-03-14,-2.348331238
2018-03-15,-2.723543322
2018-03-16,-0.5630439540000001
2018-03-19,-0.39975426199999997
2018-03-20,0.08712531999999998
2018-03-21,0.31981013799999997
2018-03-22,0.337800202
2018-03-23,-1.428040732
2018-03-26,-2.375070858
2018-03-27,-3.6432328479999994
2018-03-28,-5.022199551999999
2018-03-29,-2.2431363840000005
2018-03-30,1.5828072599999998
2018-04-02,3.258476982
2018-04-03,4.316576427999999
2018-04-04,6.040147962000001
2018-04-05,3.2060111040000003
2018-04-06,0.07273011399999998
2018-04-09,-0.33619187000000006
2018-04-10,-0.387431302
2018-04-11,0.443149268
2018-04-12,0.369450002
2018-04-13,0.8688510340000001
2018-04-16,0.3569936940000001
2018-04-17,0.44671471600000007
2018-04-18,0.07397576599999996
2018-04-19,0.489111508
2018-04-20,1.0617726699999999
2018-04-23,2.43389234
2018-04-24,2.506875944
2018-04-25,2.400991046
2018-04-26,2.7918214279999995
2018-04-27,3.3304693299999997
2018-04-30,2.764194346
2018-05-01,4.878655675999999
2018-05-02,4.852241596000001
2018-05-03,4.390509706
2018-05-04,4.362123232
2018-05-07,5.795968012
2018-05-08,3.991809547999999
2018-05-09,3.771255858000001
2018-05-10,3.464119912
2018-05-11,1.926007654
2018-05-14,0.15612062199999993
2018-05-15,0.6394247
2018-05-16,0.019973008000000014
2018-05-17,-0.248458528
2018-05-18,-0.10944239599999998
2018-05-21,-1.459790596
2018-05-22,-2.8587476119999997
2018-05-23,-2.8896772360000003
2018-05-24,-4.088646934000001
2018-05-25,-6.39709146
2018-05-28,-6.321884404
2018-05-29,-6.011091842000001
2018-05-30,-6.784746318000001
2018-05-31,-5.168082354
2018-06-01,-3.0473700779999997
2018-06-04,-1.669434026
2018-06-05,-1.8108142219999999
2018-06-06,-0.7098745660000001
2018-06-07,-0.9387799579999999
2018-06-08,0.044966859999999984
2018-06-11,-0.822298582
2018-06-12,-1.0264913400000002
2018-06-13,-5.849780704
2018-06-14,-6.760678274
2018-06-15,-8.333379978
2018-06-18,-8.947115988
2018-06-19,-8.797959276
2018-06-20,-4.480159236
2018-06-21,-3.779776134
2018-06-22,-2.233282698
2018-06-25,-1.853043684
2018-06-26,-0.8854371759999999
2018-06-27,0.10911762199999994
2018-06-28,0.200138544
2018-06-29,0.322778614
2018-07-02,1.6843414600000002
2018-07-03,1.692402142
2018-07-04,2.30682313
2018-07-05,3.35368791
2018-07-06,3.224235418
2018-07-09,2.861772286
2018-07-10,1.9561839140000004
2018-07-11,1.16398238
2018-07-12,0.28070338000000006
2018-07-13,0.832361752
2018-07-16,0.682990454
2018-07-17,1.5755676920000001
2018-07-18,1.9293775700000002
2018-07-19,3.05884632
2018-07-20,2.3521137320000003
2018-07-23,2.935263132
2018-07-24,2.4689084439999998
2018-07-25,1.706801096
2018-07-26,1.1917818319999998
2018-07-27,1.732442778
2018-07-30,1.4280158500000002
2018-07-31,2.494154862
2018-08-01,3.09508209
2018-08-02,4.390929336
2018-08-03,4.110528232
2018-08-06,4.27865833
2018-08-07,3.0228613199999996
2018-08-08,2.7037553880000003
2018-08-09,1.247936716
2018-08-10,0.28454339399999995
2018-08-13,0.41660781
2018-08-14,1.397977444
2018-08-15,4.540673418
2018-08-16,4.972764174
2018-08-17,6.5853620379999995
2018-08-20,6.48280086
2018-08-21,7.003106151999999
2018-08-22,5.264761446
2018-08-23,5.848261698
2018-08-24,5.3227950580000005
2018-08-27,9.110455702000001
2018-08-28,8.54864693
2018-08-29,7.791756882
2018-08-30,7.327534248000001
2018-08-31,7.667351429999999
2018-09-03,5.0634052
2018-09-04,5.519967176
2018-09-05,4.840018852
2018-09-06,3.9128149719999996
2018-09-07,2.334554168
2018-09-10,-1.59071745
2018-09-11,-1.8292483240000004
2018-09-12,-4.3151636920000005
2018-09-13,-7.577359164000001
2018-09-14,-6.988260298
2018-09-17,-5.2833050440000004
2018-09-18,-5.4303693299999996
2018-09-19,-4.101341086
2018-09-20,-1.0111628419999998
2018-09-21,-0.21892793800000004
2018-09-24,-0.6925863099999999
2018-09-25,-2.353273378
2018-09-26,-2.090205646
2018-09-27,-2.574485242
2018-09-28,-3.5196684919999996
2018-10-01,-2.3963864059999995
2018-10-02,-1.9972188379999998
2018-10-03,-1.02775871
2018-10-04,-1.2986323739999999
2018-10-05,-0.671924974
2018-10-08,-0.9816611639999999
2018-10-09,-0.5860573999999998
2018-10-10,-0.905663076
2018-10-11,-1.360091492
2018-10-12,-2.702274936
2018-10-15,-5.05108823
2018-10-16,-7.068514633999999
2018-10-17,-7.640943974000001
2018-10-18,-5.648089784000001
2018-10-19,-5.803967546000001
2018-10-22,-3.7674804199999996
2018-10-23,-3.739626614
2018-10-24,-4.1627160320000005
2018-10-25,-5.510125098
2018-10-26,-5.46412769
2018-10-29,-5.948897476000001
2018-10-30,-3.941924112
2018-10-31,-3.7669093560000007
2018-11-01,-4.413475386
2018-11-02,-5.122280462000001
2018-11-05,-4.470445846
2018-11-06,-4.705923212
2018-11-07,-3.25707052
2018-11-08,1.084812548
2018-11-09,6.674781231999999
2018-11-12,7.577256439999999
2018-11-13,9.083905779999998
2018-11-14,9.687701408
2018-11-15,7.223180424000001
2018-11-16,4.387783064
2018-11-19,2.841704934
2018-11-20,3.0057613260000005
2018-11-21,2.753298718
2018-11-22,2.733349444
2018-11-23,3.85653888
2018-11-26,5.853387298
2018-11-27,4.96090603
2018-11-28,5.426615196
2018-11-29,6.434628552000001
2018-11-30,6.631308401999999
2018-12-03,7.526473437999999
2018-12-04,8.739430564
2018-12-05,8.375134182
2018-12-06,7.0997030940000005
2018-12-07,6.119993456
2018-12-10,4.649468226
2018-12-11,2.643307762
2018-12-12,1.4097980900000002
2018-12-13,1.6006674
2018-12-14,0.355471172
2018-12-17,-0.940950566
2018-12-18,-2.145193482
2018-12-19,-0.4586744379999999
2018-12-20,-1.2827475659999998
2018-12-21,-0.9836740079999997
2018-12-24,-0.4574979439999999
2018-12-25,0.8884632299999999
2018-12-26,2.473788352
2018-12-27,3.283825136
2018-12-28,3.4524370240000004
2018-12-31,4.26302397
2019-01-01,5.080936574000001
2019-01-02,3.71933432
2019-01-03,2.7270123140000004
2019-01-04,1.7826659980000001
2019-01-07,2.085274088
2019-01-08,1.43046718
2019-01-09,-0.12777774000000006
2019-01-10,0.439380674
2019-01-11,0.581632276
2019-01-14,-2.148280836
2019-01-15,-3.8781929820000003
2019-01-16,-4.637306276
2019-01-17,-6.060034328
2019-01-18,-6.04610815
2019-01-21,-5.183601902
2019-01-22,-4.0850985380000004
2019-01-23,-3.1342951060000006
2019-01-24,-1.545137266
2019-01-25,-0.7453589279999999
2019-01-28,0.475030862
2019-01-29,1.6031445260000001
2019-01-30,1.6154362500000001
2019-01-31,2.70139027
2019-02-01,3.163782096
2019-02-04,3.3431958899999996
2019-02-05,2.4913112120000003
2019-02-06,2.528373902
2019-02-07,1.716717562
2019-02-08,0.972412794
2019-02-11,1.0920540939999999
2019-02-12,1.8111766360000001
2019-02-13,3.28529725
2019-02-14,4.253010124
2019-02-15,4.365115376
2019-02-18,3.68718989
2019-02-19,3.4212210720000003
2019-02-20,1.649218152
2019-02-21,0.9330500020000001
2019-02-22,0.740188126
2019-02-25,1.063282868
2019-02-26,0.7701545980000001
2019-02-27,1.4834113159999998
2019-02-28,0.768517954
2019-03-01,0.17991920599999997
2019-03-04,4.870622192
2019-03-05,4.561182958
2019-03-06,4.352886026
2019-03-07,5.451298738
2019-03-08,5.9936203699999995
2019-03-11,1.393825756
2019-03-12,2.807169482
2019-03-13,2.6147782380000004
2019-03-14,1.343746054
2019-03-15,1.888065846
2019-03-18,2.6867623700000003
2019-03-19,4.477901409999999
2019-03-20,5.58478857
2019-03-21,5.338207970000001
2019-03-22,6.916228202000001
2019-03-25,5.506122078
2019-03-26,3.3455484400000004
2019-03-27,2.435310448
2019-03-28,3.508108546
2019-03-29,1.6863538159999998
2019-04-01,3.474632424
2019-04-02,3.523528804
2019-04-03,4.956892728
2019-04-04,5.981998346
2019-04-05,6.452109344
2019-04-08,5.803676256
2019-04-09,4.638473438
2019-04-10,3.4156767360000004
2019-04-11,2.2039709860000003
2019-04-12,0.7589495839999999
2019-04-15,0.795602062
2019-04-16,2.054106966
2019-04-17,4.396358564000001
2019-04-18,4.793316368000001
2019-04-19,6.593191362000001
2019-04-22,7.199385914000001
2019-04-23,7.83551714
2019-04-24,4.943822034
2019-04-25,6.129568986
2019-04-26,4.727544126
2019-04-29,3.7982565679999993
2019-04-30,2.561544516
2019-05-01,4.307993594
2019-05-02,3.198577518
2019-05-03,4.47695055
2019-05-06,7.94169888
2019-05-07,9.140614009999998
2019-05-08,8.619109841999999
2019-05-09,8.531989415999998
2019-05-10,7.581847492
2019-05-13,4.790847305999999
2019-05-14,3.702520746
2019-05-15,3.16279758
2019-05-16,1.8206367079999999
2019-05-17,1.7871526100000001
2019-05-20,2.151840002
2019-05-21,2.601888512
2019-05-22,2.398055034
2019-05-23,5.492735408
2019-05-24,5.752523892
2019-05-27,7.167358555999999
2019-05-28,7.578789234
2019-05-29,7.878776300000001
2019-05-30,7.102197192
2019-05-31,7.567024175999999
2019-06-03,5.171006761999999
2019-06-04,5.230898334
2019-06-05,3.425065566
2019-06-06,2.1309065620000007
2019-06-07,1.916640116
2019-06-10,1.7681037579999999
2019-06-11,0.7296615
2019-06-12,1.3462178119999997
2019-06-13,1.5459127259999998
2019-06-14,0.8885899259999999
2019-06-17,-0.915239394
2019-06-18,-2.767487468
2019-06-19,-3.8457720600000003
2019-06-20,-7.051658114
2019-06-21,-8.069490986000002
2019-06-24,-9.23638416
2019-06-25,-11.541579764000002
2019-06-26,-14.994102182
2019-06-27,-16.061662158
2019-06-28,-18.392455052
2019-07-01,-18.847179528
2019-07-02,-18.168804572
2019-07-03,-17.557939152
2019-07-04,-15.884226166000001
2019-07-05,-9.436095666
2019-07-08,-10.392727968000003
2019-07-09,-10.919430912
2019-07-10,-10.166360592
2019-07-11,-12.738828444000001
2019-07-12,-19.709608126
2019-07-15,-20.34970464
2019-07-16,-20.620010774
2019-07-17,-20.778728348
2019-07-18,-21.456967976
2019-07-19,-22.618731812
2019-07-22,-22.861133944
2019-07-23,-22.656983118
2019-07-24,-24.29471635
2019-07-25,-23.790072794000004
2019-07-26,-23.925970292000002
2019-07-29,-24.117828348
2019-07-30,-25.64133862
2019-07-31,-26.752107638000002
2019-08-01,-27.073151672
2019-08-02,-27.757716712
2019-08-05,-28.765255112
2019-08-06,-30.216702584
2019-08-07,-31.933722327999998
2019-08-08,-36.18737487999999
2019-08-09,-39.70903962
2019-08-12,-41.590194487999995
2019-08-13,-47.324372774
2019-08-14,-46.767896459999996
2019-08-15,-49.159219128000004
2019-08-16,-51.85824974
2019-08-19,-54.291333685999994
2019-08-20,-52.02647115999999
2019-08-21,-55.072960572
2019-08-22,-53.267192453999996
2019-08-23,-51.420548436000004
2019-08-26,-43.772296827999995
2019-08-27,-44.16651296599999
2019-08-28,-42.441366957999996
2019-08-29,-42.03874776
2019-08-30,-41.37550881200001
2019-09-02,-47.547094204000004
2019-09-03,-45.293292782
2019-09-04,-45.671877456
2019-09-05,-45.067010986
2019-09-06,-43.67568746
2019-09-09,-42.687650506
2019-09-10,-38.875428786
2019-09-11,-37.608084624
2019-09-12,-38.806056312
2019-09-13,-40.57024144
2019-09-16,-42.235764926
2019-09-17,-47.05545042
2019-09-18,-49.639434662
2019-09-19,-49.127695124
2019-09-20,-49.81266706
2019-09-23,-50.7608747
2019-09-24,-51.169521812000006
2019-09-25,-51.546060736
2019-09-26,-50.720313692000005
2019-09-27,-47.88136711
2019-09-30,-42.78557823
2019-10-01,-36.584840566000004
2019-10-02,-33.00916397
2019-10-03,-30.077663964
2019-10-04,-26.282059437999997
2019-10-07,-24.832037015999997
2019-10-08,-24.499161898
2019-10-09,-20.717877168
2019-10-10,-17.381852386
2019-10-11,-15.876467446000001
2019-10-14,-11.489537078000001
2019-10-15,-7.762398294000002
2019-10-16,-5.32013753
2019-10-17,-3.5208594899999994
2019-10-18,-1.487051532
2019-10-21,-3.017407564
2019-10-22,-2.7006372
2019-10-23,-1.5619267460000001
2019-10-24,0.26553577400000006
2019-10-25,1.3905763380000002
2019-10-28,3.102666902
2019-10-29,6.743711328000001
2019-10-30,10.238690916
2019-10-31,10.577264882000001
2019-11-01,10.562980732
2019-11-04,11.610912142
2019-11-05,8.69068125
2019-11-06,6.651540074000001
2019-11-07,6.023066037999999
2019-11-08,5.973035866
2019-11-11,4.9469732539999995
2019-11-12,6.43443427
2019-11-13,6.75378781
2019-11-14,5.5085801839999995
2019-11-15,5.1621534239999995
2019-11-18,5.441257695999999
2019-11-19,3.0713760279999995
2019-11-20,2.2560170299999998
2019-11-21,2.750847468
2019-11-22,2.139189438
2019-11-25,1.635625446
2019-11-26,1.7590106199999997
2019-11-27,1.5515491879999999
2019-11-28,2.298093536
2019-11-29,3.415922008
2019-12-02,3.199918846
2019-12-03,3.22349632
2019-12-04,1.9986611860000003
2019-12-05,1.1312041059999998
2019-12-06,1.01472639
2019-12-09,1.111573692
2019-12-10,1.439687194
2019-12-11,2.5874030120000002
2019-12-12,3.8459835060000005
2019-12-13,4.500651954
2019-12-16,4.572673829999999
2019-12-17,4.172143724
2019-12-18,3.6308568359999995
2019-12-19,2.861254888
2019-12-20,1.5666740860000001
2019-12-23,1.26612331
2019-12-24,0.881637046
2019-12-25,0.8627027079999999
2019-12-26,3.33667274
2019-12-27,3.6142722500000004
2019-12-30,3.22598069
2019-12-31,3.2604704740000003
2020-01-01,0.92073952
2020-01-02,-2.81284134
2020-01-03,-3.5362056380000007
2020-01-06,-5.09501264
2020-01-07,-6.107933792
2020-01-08,-6.391768110000001
2020-01-09,-6.645386812
2020-01-10,-7.073594974
2020-01-13,-4.905824042000001
2020-01-14,-3.166760384
2020-01-15,-0.925963834
2020-01-16,-0.49057499999999993
2020-01-17,-0.7574500759999998
2020-01-20,-1.51113602
2020-01-21,-3.645132425999999
2020-01-22,-4.583947164
2020-01-23,-4.738623386
2020-01-24,-5.0371492920000005
2020-01-27,-5.486863565999999
2020-01-28,-5.559153728
2020-01-29,-4.582012054
2020-01-30,-3.6088980360000003
2020-01-31,-2.68505388
2020-02-03,-3.00338017
2020-02-04,-1.1327487459999999
2020-02-05,-0.8311367040000001
2020-02-06,-0.21180714599999995
2020-02-07,1.5015210079999999
2020-02-10,2.829872592
2020-02-11,3.032618536
2020-02-12,3.740154824
2020-02-13,2.4976281019999997
2020-02-14,1.25238556
2020-02-17,0.6979592880000001
2020-02-18,0.27204496999999994
2020-02-19,0.05728208800000001
2020-02-20,0.947463508
2020-02-21,-3.450101912
2020-02-24,-2.7986445620000002
2020-02-25,-3.477409678000001
2020-02-26,-6.25304529
2020-02-27,-8.583997667999999
2020-02-28,-6.03957058
2020-03-02,-5.600198765999999
2020-03-03,-4.863846095999999
2020-03-04,-7.729058053999999
2020-03-05,-8.66512458
2020-03-06,-10.976548946
2020-03-09,-19.93834914
2020-03-10,-24.756867914
2020-03-11,-27.159140836
2020-03-12,-29.958563138000006
2020-03-13,-32.967875586000005
2020-03-16,-30.687641316000004
2020-03-17,-25.770460056
2020-03-18,-17.538790388000002
2020-03-19,-12.115380184
2020-03-20,-3.77530014
2020-03-23,-0.7049022059999999
2020-03-24,-13.736680031999999
2020-03-25,-21.743646626
2020-03-26,-25.359021516
2020-03-27,-29.070920806000004
2020-03-30,-30.050658686000002
2020-03-31,-23.417299896
2020-04-01,-17.864411292
2020-04-02,-14.376523348000001
2020-04-03,-14.978154164
2020-04-06,-19.519953032
2020-04-07,-17.501635582
2020-04-08,-20.169914504
2020-04-09,-26.000074161999997
2020-04-10,-29.20434198
2020-04-13,-26.604971197999998
2020-04-14,-39.151034634
2020-04-15,-39.251563579999996
2020-04-16,-40.798519479999996
2020-04-17,-46.291597486
2020-04-20,-50.394178784000005
2020-04-21,-44.326994742
2020-04-22,-51.813301208
2020-04-23,-53.55943807
2020-04-24,-52.48492858000001
2020-04-27,-52.03621702400001
2020-04-28,-51.665468084
2020-04-29,-48.348856728
2020-04-30,-48.03835184
2020-05-01,-36.944973666
2020-05-04,-35.067564622
2020-05-05,-33.02047598
2020-05-06,-30.95039994
2020-05-07,-26.200129346
2020-05-08,-26.342223225999998
2020-05-11,-25.883314632
2020-05-12,-25.745415226
2020-05-13,-24.180020902000003
2020-05-14,-24.712733911999997
2020-05-15,-28.166442808
2020-05-18,-24.032564225999998
2020-05-19,-21.968728938
2020-05-20,-22.900085822
2020-05-21,-23.933811348
2020-05-22,-25.051988924
2020-05-25,-26.367974695999997
2020-05-26,-24.680048552000002
2020-05-27,-23.567894262000003
2020-05-28,-20.654967258
2020-05-29,-19.93680706
2020-06-01,-18.976417938
2020-06-02,-19.6461566
2020-06-03,-16.022437416
2020-06-04,-12.59913105
2020-06-05,-9.987353204
2020-06-08,-7.104722504
2020-06-09,-2.5707902220000003
2020-06-10,-1.883070422
2020-06-11,-3.6284363300000004
2020-06-12,-4.770219746
2020-06-15,-6.400644099999999
2020-06-16,-6.26424138
2020-06-17,-6.882754136
2020-06-18,-8.480936056
2020-06-19,-7.1708582839999995
2020-06-22,-5.265250124
2020-06-23,-5.781167364
2020-06-24,-5.132851469999999
2020-06-25,-1.7372826580000003
2020-06-26,0.31100927600000006
2020-06-29,2.053707958
2020-06-30,3.4172981140000003
2020-07-01,3.6046760659999997
2020-07-02,2.0201445300000005
2020-07-03,3.143077224
2020-07-06,4.058375978
2020-07-07,5.1087188900000005
2020-07-08,7.6422326499999995
2020-07-09,9.434150376000002
2020-07-10,8.13792913
2020-07-13,6.953711446
2020-07-14,5.900422658
2020-07-15,3.1836269479999997
2020-07-16,2.8432324600000003
2020-07-17,1.9448200840000003
2020-07-20,1.5449852339999999
2020-07-21,1.365452902
2020-07-22,3.608893652
2020-07-23,3.612731744
2020-07-24,3.549872782
2020-07-27,4.889069225999999
2020-07-28,5.949153516000001
2020-07-29,5.97580736
2020-07-30,9.639864130000001
2020-07-31,13.614113630000002
2020-08-03,13.145922066
2020-08-04,14.010866283999999
2020-08-05,15.535823320000002
2020-08-06,15.14618987
2020-08-07,14.486147996
2020-08-10,15.045756695999998
2020-08-11,8.663449824
2020-08-12,14.480636990000002
2020-08-13,9.319972508
2020-08-14,6.721081212
2020-08-17,4.178266594000001
2020-08-18,5.777498824
2020-08-19,-7.609916604
2020-08-20,-5.831518324
2020-08-21,-10.727892466
2020-08-24,-15.700340222
2020-08-25,-16.626388592
2020-08-26,-17.480234358
2020-08-27,-24.714533690000003
2020-08-28,-27.635795366000004
2020-08-31,-28.617139204
2020-09-01,-31.381253118
2020-09-02,-33.312292252
2020-09-03,-30.366680698
2020-09-04,-27.3158183
2020-09-07,-22.349747244
2020-09-08,-17.277672556
2020-09-09,-13.284606524
2020-09-10,-10.518048792000002
2020-09-11,-9.217884122000001
2020-09-14,-10.43721881
2020-09-15,-10.891181218
2020-09-16,-12.47132901
2020-09-17,-12.212125841999999
2020-09-18,-11.000883503999999
2020-09-21,-8.43461889
2020-09-22,-7.8888139840000004
2020-09-23,-4.98844756
2020-09-24,-4.938477214000001
2020-09-25,-7.781648870000001
2020-09-28,-7.831509379999998
2020-09-29,-5.831724997999999
2020-09-30,-2.6906265879999998
2020-10-01,-1.423675476
2020-10-02,0.8340825419999998
2020-10-05,2.2036775039999994
2020-10-06,2.6402976939999996
2020-10-07,1.4432347759999995
2020-10-08,2.21122885
2020-10-09,5.8140494579999995
2020-10-12,7.798250641999999
2020-10-13,6.906626496000001
2020-10-14,8.043608182
2020-10-15,10.641727574
2020-10-16,10.679230352
2020-10-19,8.565342024
2020-10-20,9.811340916
2020-10-21,11.161757456
2020-10-22,8.942545604
2020-10-23,9.42048195
2020-10-26,11.112996134000001
2020-10-27,10.855509000000001
2020-10-28,8.587151854
2020-10-29,10.908800342000001
2020-10-30,13.214272563999998
2020-11-02,12.475610512
2020-11-03,11.846126532
2020-11-04,12.679695859999999
2020-11-05,9.223093708
2020-11-06,7.398647427999999
2020-11-09,7.308720714000001
2020-11-10,7.718804666
2020-11-11,8.173217779999998
2020-11-12,10.339748618
2020-11-13,8.479688464
2020-11-16,4.06659364
2020-11-17,2.6487720319999997
2020-11-18,3.48347019
2020-11-19,3.3097253479999997
2020-11-20,3.852560438
2020-11-23,7.925811897999999
2020-11-24,9.405216571999999
2020-11-25,10.224654992
2020-11-26,11.22557675
2020-11-27,13.041219848
2020-11-30,23.137958718
2020-12-01,26.343033876
2020-12-02,25.211386408000003
2020-12-03,25.87951005
2020-12-04,24.823939272
2020-12-07,15.266185804000003
2020-12-08,11.716426985999998
2020-12-09,11.218419719999998
2020-12-10,9.974649783999999
2020-12-11,10.523495692000001
2020-12-14,11.202103300000001
2020-12-15,11.039435542
2020-12-16,11.365688678000001
2020-12-17,10.89426104
2020-12-18,9.824103004
2020-12-21,10.90166761
2020-12-22,10.627827036
2020-12-23,8.706544648000001
2020-12-24,7.700840747999999
2020-12-25,7.292047818
2020-12-28,4.882492709999999
2020-12-29,6.691301956000001
2020-12-30,8.21453836
2020-12-31,9.434128558
2021-01-01,10.774989536
2021-01-04,12.279248178
2021-01-05,13.023108262
2021-01-06,13.021675706
2021-01-07,15.95553166
2021-01-08,16.293182042
2021-01-11,16.082378122
2021-01-12,14.601170352
2021-01-13,16.196020132
2021-01-14,16.854321714
2021-01-15,17.84555968
2021-01-18,17.080527846000003
2021-01-19,17.249610580000002
2021-01-20,14.96763747
2021-01-21,11.389705201999998
2021-01-22,7.931608246000001
2021-01-25,8.91618601
2021-01-26,10.571656316000002
2021-01-27,11.643153556
2021-01-28,11.36951402
2021-01-29,14.470591760000001
2021-02-01,9.132288354
2021-02-02,8.883060916000002
2021-02-03,9.164355191999999
2021-02-04,9.920305528
2021-02-05,8.177849146
2021-02-08,15.008062258
2021-02-09,13.022523618
2021-02-10,11.891248112
2021-02-11,11.040896594
2021-02-12,10.94422575
2021-02-15,9.061311922
2021-02-16,9.836076558
2021-02-17,10.558980690000002
2021-02-18,10.391988226
2021-02-19,9.775296634
2021-02-22,9.352922776
2021-02-23,9.397470806
2021-02-24,9.848776198
2021-02-25,9.988851392
2021-02-26,14.063684900000002
2021-03-01,13.813241765999999
2021-03-02,12.720270668000001
2021-03-03,10.374719846000001
2021-03-04,11.107314153999999
2021-03-05,8.306331801999999
2021-03-08,7.726328308000001
2021-03-09,6.711009477999999
2021-03-10,8.905325668
2021-03-11,3.5617347120000007
2021-03-12,4.058828298
2021-03-15,4.512254371999999
2021-03-16,6.863070106
2021-03-17,5.94105218
2021-03-18,10.290026162
2021-03-19,9.374714661999999
2021-03-22,9.351216308
2021-03-23,9.639496308
2021-03-24,9.0527338
2021-03-25,9.122767628
2021-03-26,9.690347274
2021-03-29,10.807107536
2021-03-30,11.178009058
2021-03-31,10.654283998
2021-04-01,9.868382196
2021-04-02,8.449224853999999
2021-04-05,9.309061853999998
2021-04-06,8.830645568
2021-04-07,11.543819074
2021-04-08,13.707965662000001
2021-04-09,13.133367111999998
2021-04-12,11.908465806
2021-04-13,14.587513612
2021-04-14,14.026881011999999
2021-04-15,12.726006722
2021-04-16,15.754009146000001
2021-04-19,14.083207146000001
2021-04-20,13.82113213
2021-04-21,13.489407113999999
2021-04-22,13.81993338
2021-04-23,12.767020496
2021-04-26,15.910138734
2021-04-27,15.659868224000002
2021-04-28,22.877428776
2021-04-29,29.774998476
2021-04-30,37.814095171999995
2021-05-03,42.497872762
2021-05-04,45.089813096
2021-05-05,44.074780997999994
2021-05-06,40.422070833999996
2021-05-07,31.043791113999998
2021-05-10,22.210569158
2021-05-11,14.019983718
2021-05-12,5.840205560000001
2021-05-13,4.365352143999999
2021-05-14,2.3426990439999997
2021-05-17,-1.0320264600000002
2021-05-18,-6.225538644
2021-05-19,-10.344417781999999
2021-05-20,-20.995513224
2021-05-21,-27.854960554
2021-05-24,-24.095244435999998
2021-05-25,-18.074399823999997
2021-05-26,-13.322149711999998
2021-05-27,-6.182322478000001
2021-05-28,2.271318064
2021-05-31,5.473523007999999
2021-06-01,5.142503877999999
2021-06-02,3.0113515219999996
2021-06-03,0.7792818539999999
2021-06-04,-0.4476217980000003
2021-06-07,-4.147269253999999
2021-06-08,-4.138388118
2021-06-09,-4.39750619
2021-06-10,-3.540779306
2021-06-11,-3.7625374380000003
2021-06-14,-5.6499405199999995
2021-06-15,-6.010376956
2021-06-16,-5.464966656
2021-06-17,-4.363926128
2021-06-18,-5.00633159
2021-06-21,-3.67183759
2021-06-22,-1.6312985240000004
2021-06-23,-2.1853270960000004
2021-06-24,-2.991614566
2021-06-25,-2.46476284
2021-06-28,-1.9543161500000004
2021-06-29,-3.6609452680000003
2021-06-30,-2.8432739299999996
2021-07-01,0.59663708
2021-07-02,3.433460282
2021-07-05,4.528297682000001
2021-07-06,7.144792938
2021-07-07,9.246278586
2021-07-08,8.93535441
2021-07-09,8.071494192
2021-07-12,9.063527336000002
2021-07-13,7.904803611999999
2021-07-14,8.161669882
2021-07-15,5.656437294
2021-07-16,4.491057798
2021-07-19,3.028949178
2021-07-20,0.44959268399999974
2021-07-21,-0.5104457740000001
2021-07-22,-0.30303044200000007
2021-07-23,-0.6676456680000001
2021-07-26,-1.2665679380000001
2021-07-27,0.7873663200000001
2021-07-28,0.9010109159999999
2021-07-29,2.6490294899999998
2021-07-30,3.61336986
2021-08-02,4.6092738
2021-08-03,5.033246576
2021-08-04,5.787464772
2021-08-05,4.167194490000001
2021-08-06,4.252583648
2021-08-09,5.680982404
2021-08-10,6.069073674
2021-08-11,5.9525252
2021-08-12,8.012796844
2021-08-13,10.405351443999999
2021-08-16,9.837608055999999
2021-08-17,11.157187334
2021-08-18,11.557982123999999
2021-08-19,10.872626724
2021-08-20,9.534633238
2021-08-23,10.29723112
2021-08-24,10.13926235
2021-08-25,10.12053758
2021-08-26,10.995273233999999
2021-08-27,9.61515949
2021-08-30,10.603448896
2021-08-31,10.340302842
2021-09-01,10.542100157999998
2021-09-02,9.555542948
2021-09-03,10.195699084
2021-09-06,8.012412909999998
2021-09-07,7.4170185239999995
2021-09-08,6.044357174
2021-09-09,4.41923821
2021-09-10,2.6066947
2021-09-13,2.427071162
2021-09-14,1.407924448
2021-09-15,1.1408923859999998
2021-09-16,1.398074618
2021-09-17,3.152653776
2021-09-20,3.425097194
2021-09-21,4.101786047999999
2021-09-22,5.037509554
2021-09-23,5.896093296000001
2021-09-24,5.9971499
2021-09-27,6.180709374
2021-09-28,5.866290532000001
2021-09-29,5.8242837540000005
2021-09-30,3.898220404000001
2021-10-01,3.3135613499999996
2021-10-04,2.7147152839999995
2021-10-05,2.059855418
2021-10-06,4.5612281160000006
2021-10-07,6.130084876000001
2021-10-08,6.913247826
2021-10-11,7.949589562
2021-10-12,8.977356875999998
2021-10-13,5.709156016
2021-10-14,5.640194147999999
2021-10-15,7.302314776
2021-10-18,5.590128884
2021-10-19,2.7631652199999994
2021-10-20,2.695771626
2021-10-21,2.5925459080000004
2021-10-22,0.732440088
2021-10-25,1.1482506339999998
2021-10-26,2.7127202859999997
2021-10-27,4.867966346
2021-10-28,6.1185077219999995
2021-10-29,6.891282307999999
2021-11-01,7.056701222000001
2021-11-02,7.924553642000001
2021-11-03,6.286627712
2021-11-04,6.072999294000001
2021-11-05,2.9679049980000003
2021-11-08,-1.9758768019999997
2021-11-09,-0.6376290720000004
2021-11-10,0.8931339620000003
2021-11-11,1.192959888
2021-11-12,3.3448510739999997
2021-11-15,8.991067818
2021-11-16,6.090696833999999
2021-11-17,3.4470463899999997
2021-11-18,2.6829746940000003
2021-11-19,2.8926377380000003
2021-11-22,2.141417978
2021-11-23,2.8574156420000003
2021-11-24,3.4328949040000003
2021-11-25,2.7344529220000005
2021-11-26,2.5533446179999997
2021-11-29,1.70964727
2021-11-30,1.551820422
2021-12-01,2.4397409760000004
2021-12-02,3.35467741
2021-12-03,4.167236686
2021-12-06,5.153510486
2021-12-07,6.051589124
2021-12-08,5.744469447999999
2021-12-09,5.158432094
2021-12-10,3.813943914
2021-12-13,3.575383
2021-12-14,2.61963294
2021-12-15,2.8397010879999995
2021-12-16,1.530629842
2021-12-17,0.41414332000000015
2021-12-20,-0.33999355800000003
2021-12-21,-0.279541584
2021-12-22,-1.217294392
2021-12-23,-0.8484606100000001
2021-12-24,4.492089262
2021-12-27,8.44137224
2021-12-28,13.878668762
2021-12-29,15.846994720000001
2021-12-30,16.509489704
2021-12-31,12.671363264
2022-01-03,11.322774274
2022-01-04,6.682473909999999
2022-01-05,5.1735991079999994
2022-01-06,4.890674666000001
2022-01-07,6.269156934
2022-01-10,4.74300814
2022-01-11,5.993494803999999
2022-01-12,7.149762314
2022-01-13,8.706585962
2022-01-14,7.50809386
2022-01-17,6.641135418
2022-01-18,5.717973646
2022-01-19,3.9844136
2022-01-20,3.612616782
2022-01-21,3.098871746
2022-01-24,3.61121841
2022-01-25,3.3002901019999995
2022-01-26,2.3517484499999997
2022-01-27,1.3400320159999999
2022-01-28,3.0171683639999998
2022-01-31,2.562858628
2022-02-01,4.606652982
2022-02-02,6.845318107999999
2022-02-03,7.601962793999999
2022-02-04,6.361782906
2022-02-07,7.307201738000001
2022-02-08,5.325670565999999
2022-02-09,4.745143744
2022-02-10,4.683147828
2022-02-11,4.475683146
2022-02-14,3.723978744
2022-02-15,1.4402318160000003
2022-02-16,0.22078831600000007
2022-02-17,-2.946286026
2022-02-18,-4.837698388000001
2022-02-21,-5.9911524720000005
2022-02-22,-5.957648976
2022-02-23,-7.051943136
2022-02-24,-5.077391348
2022-02-25,-6.1094895000000005
2022-02-28,-8.45995798
2022-03-01,-14.004134084
2022-03-02,-15.158324814
2022-03-03,-18.382179758
2022-03-04,-22.001343444
2022-03-07,-26.714356076
2022-03-08,-29.525375869999998
2022-03-09,-42.351431112
2022-03-10,-51.997641262
2022-03-11,-59.5395032
2022-03-14,-64.551820192
2022-03-15,-63.444517346
2022-03-16,-55.195451316
2022-03-17,-49.475346296000005
2022-03-18,-41.493580054
2022-03-21,-35.00555874
2022-03-22,-34.938198632
2022-03-23,-34.617951907999995
2022-03-24,-35.655492532
2022-03-25,-38.614955695999996
2022-03-28,-37.145509436
2022-03-29,-31.337138609999993
2022-03-30,-26.98019979
2022-03-31,-22.463174592
2022-04-01,-16.841162844
2022-04-04,-15.630041504
2022-04-05,-16.047621227999997
2022-04-06,-14.892512005999999
2022-04-07,-13.153060673999999
2022-04-08,-11.98890695
2022-04-11,-11.31129292
2022-04-12,-10.203619414
2022-04-13,-11.620134692
2022-04-14,-12.03764617
2022-04-15,-12.75442405
2022-04-18,-9.574171164000001
2022-04-19,-8.690037472
2022-04-20,-8.208775594
2022-04-21,-8.128392916
2022-04-22,-8.545941634
2022-04-25,-11.549727076
2022-04-26,-11.636461686
2022-04-27,-11.020008936
2022-04-28,-10.552833838000002
2022-04-29,-8.955864632
2022-05-02,-12.08103853
2022-05-03,-5.301843622
2022-05-04,-2.0212159300000008
2022-05-05,2.7526976139999997
2022-05-06,5.5615691080000005
2022-05-09,11.724954982
2022-05-10,5.988427058000001
2022-05-11,5.729669962
2022-05-12,2.6296635879999997
2022-05-13,1.801554398
2022-05-16,5.1542040380000005
2022-05-17,6.104334939999999
2022-05-18,6.390475237999999
2022-05-19,8.02949567
2022-05-20,7.599512383999999
2022-05-23,3.438978948
2022-05-24,2.201357562
2022-05-25,0.35556062799999977
2022-05-26,-1.0214356119999999
2022-05-27,-2.0804813780000004
2022-05-30,-1.5996843980000002
2022-05-31,-2.4619906620000003
2022-06-01,-1.6915161180000002
2022-06-02,3.123458082
2022-06-03,10.73647981
2022-06-06,10.421499008000001
2022-06-07,11.254085346
2022-06-08,10.221242862
2022-06-09,4.478843845999999
2022-06-10,-3.21534915
2022-06-13,-4.205352106
2022-06-14,-4.61198141
2022-06-15,-3.6631992680000005
2022-06-16,-4.403982808
2022-06-17,-4.508303146
2022-06-20,-3.518902836
2022-06-21,-3.1041128039999997
2022-06-22,-3.032984802
2022-06-23,-1.669106554
2022-06-24,-0.777773198
2022-06-27,-0.6028252559999999
2022-06-28,-0.598982818
2022-06-29,0.7058536559999998
2022-06-30,0.5435642879999999
2022-07-01,-12.477979393999998
2022-07-04,-17.293478787999998
2022-07-05,-20.225208191999997
2022-07-06,-26.057380678000005
2022-07-07,-28.526299634000004
2022-07-08,-17.978985694
2022-07-11,-16.499210844
2022-07-12,-17.643307529999998
2022-07-13,-17.303405148
2022-07-14,-18.21810878
2022-07-15,-18.801989111999998
2022-07-18,-16.125347112
2022-07-19,-11.048199692
2022-07-20,-6.871947690000001
2022-07-21,-2.2923333159999997
2022-07-22,0.45204553999999997
2022-07-25,0.738034306
2022-07-26,1.0532676319999998
2022-07-27,0.8960731199999998
2022-07-28,-0.5222425740000001
2022-07-29,0.6126720239999999
2022-08-01,1.6009398859999997
2022-08-02,1.432150856
2022-08-03,1.9176848180000001
2022-08-04,1.5040850479999999
2022-08-05,1.0093983680000003
2022-08-08,0.4127408340000002
2022-08-09,-3.3966595219999993
2022-08-10,-5.284081556
2022-08-11,-4.473885458
2022-08-12,-5.922936397999999
2022-08-15,-7.03119648
2022-08-16,-6.7499521940000005
2022-08-17,-6.488196413999999
2022-08-18,-6.702101028000001
2022-08-19,-3.8890498960000004
2022-08-22,-2.742302392
2022-08-23,-1.326350448
2022-08-24,-2.354223258
2022-08-25,-2.6647178559999998
2022-08-26,-6.312185313999999
2022-08-29,-12.671240508
2022-08-30,-12.557655672
2022-08-31,-7.55493884
2022-09-01,-4.719171882
2022-09-02,-1.4613383819999994
2022-09-05,6.039135086
2022-09-06,7.880197546
2022-09-07,5.460194132
2022-09-08,4.885453782
2022-09-09,4.3529114159999995
2022-09-12,3.1885099599999998
2022-09-13,4.517179319999999
2022-09-14,4.696659552
2022-09-15,4.811448318000001
2022-09-16,4.53409886
2022-09-19,6.215536800000001
2022-09-20,5.54394047
2022-09-21,5.488110327999999
2022-09-22,3.3903279319999995
2022-09-23,2.535951756
2022-09-26,-0.8975943799999999
2022-09-27,-0.9054016619999998
2022-09-28,-0.108187238
2022-09-29,0.29110605400000006
2022-09-30,-1.337397854
2022-10-03,2.279353172
2022-10-04,1.509559506
2022-10-05,-0.1661670519999999
2022-10-06,1.934475918
2022-10-07,3.080175368
2022-10-10,1.317879196
2022-10-11,0.6272358239999999
2022-10-12,0.6301629179999997
2022-10-13,-1.9634608200000003
2022-10-14,-1.337914092
2022-10-17,-1.7620604620000002
2022-10-18,-0.7183879379999999
2022-10-19,1.5020015540000002
2022-10-20,1.5462893860000002
2022-10-21,3.08740319
2022-10-24,0.30358998799999987
2022-10-25,-2.560533036
2022-10-26,-12.259993494
2022-10-27,-16.022021074
2022-10-28,-18.882825664000002
2022-10-31,-12.477769696000003
2022-11-01,-9.496221384
2022-11-02,-0.6535857460000001
2022-11-03,6.399723175999999
2022-11-04,9.600498358
2022-11-07,6.56920854
2022-11-08,7.627095968000001
2022-11-09,9.256869274
2022-11-10,8.52513955
2022-11-11,9.055089326000001
2022-11-14,9.630477358000002
2022-11-15,6.976788581999999
2022-11-16,0.84640269
2022-11-17,-3.6987927139999996
2022-11-18,-8.345431494
2022-11-21,-11.263688226000001
2022-11-22,-13.371666540000001
2022-11-23,-12.14869333
2022-11-24,-12.171387004
2022-11-25,-11.553369737999999
2022-11-28,-12.307587976
2022-11-29,-11.687329788000001
2022-11-30,-12.2127902
2022-12-01,-10.67527709
2022-12-02,-10.181273330000002
2022-12-05,-7.921752243999999
2022-12-06,-7.631301186
2022-12-07,-8.10034335
2022-12-08,-8.955872938
2022-12-09,-10.52766818
2022-12-12,-14.337131535999998
2022-12-13,-15.764908552
2022-12-14,-16.988023516
2022-12-15,-16.523571355999998
2022-12-16,-18.219549957999998
2022-12-19,-19.11086325
2022-12-20,-21.472081076000002
2022-12-21,-22.921321587999998
2022-12-22,-27.267559172
2022-12-23,-28.144427306
2022-12-26,-27.754000830000003
2022-12-27,-25.576469176
2022-12-28,-25.534848684000004
2022-12-29,-24.972354178
2022-12-30,-24.34992269
2023-01-02,-21.43564115
2023-01-03,-21.706625933999998
2023-01-04,-21.739006692
2023-01-05,-21.311681725999996
2023-01-06,-19.298336894
2023-01-09,-21.449399398
2023-01-10,-23.546766282
2023-01-11,-21.77327416
2023-01-12,-21.182875771999996
2023-01-13,-22.641300838
2023-01-16,-23.353612256
2023-01-17,-23.277516284
2023-01-18,-25.821746106
2023-01-19,-26.272147896
2023-01-20,-27.365690052
2023-01-23,-27.80714402
2023-01-24,-28.95544261
2023-01-25,-28.638319928000005
2023-01-26,-32.168583006
2023-01-27,-32.97761074
2023-01-30,-33.750495705999995
2023-01-31,-30.882543400000003
2023-02-01,-27.818643224
2023-02-02,-21.108414904
2023-02-03,-17.382445342
2023-02-06,-10.363816676
2023-02-07,-6.483775822
2023-02-08,-4.127286969999999
2023-02-09,-2.946912952
2023-02-10,-0.9563023380000001
2023-02-13,-1.926636384
2023-02-14,-1.5144397560000002
2023-02-15,-1.6363459439999999
2023-02-16,0.22065773800000005
2023-02-17,1.8529010920000002
2023-02-20,2.9304927660000004
2023-02-21,4.129626774
2023-02-22,6.06865034
2023-02-23,4.861926517999999
2023-02-24,4.009982041999999
2023-02-27,2.8729671800000003
2023-02-28,1.398212042
2023-03-01,1.626378034
2023-03-02,2.8433922259999997
2023-03-03,3.107461308
2023-03-06,5.712541584
2023-03-07,9.924002611999999
2023-03-08,16.924644117999996
2023-03-09,16.99288895
2023-03-10,17.277818852
2023-03-13,16.580436422
2023-03-14,13.212234766
2023-03-15,5.8371528139999995
2023-03-16,1.671301668
2023-03-17,-2.7784122640000004
2023-03-20,-9.650861916
2023-03-21,-15.399414592
2023-03-22,-19.871495336000002
2023-03-23,-20.967374698
2023-03-24,-21.306147115999998
2023-03-27,-20.51015076
2023-03-28,-16.228894738
2023-03-29,-14.71954276
2023-03-30,-13.493800288
2023-03-31,-9.81315925
2023-04-03,-6.709293006
2023-04-04,-11.075964178000001
2023-04-05,-12.314466774
2023-04-06,-12.035214026
2023-04-07,-13.779939481999998
2023-04-10,-17.034507113999997
2023-04-11,-13.156067265999999
2023-04-12,-11.437477745999999
2023-04-13,-11.736868398
2023-04-14,-14.95074477
2023-04-17,-12.204454683999998
2023-04-18,-12.132450765999998
2023-04-19,-11.583197469999998
2023-04-20,-9.172131506
2023-04-21,-5.128003774000001
2023-04-24,-5.278343582000001
2023-04-25,-5.777594068000001
2023-04-26,-5.879989012
2023-04-27,-4.3843222399999995
2023-04-28,-2.2770996180000003
2023-05-01,0.9827130319999998
2023-05-02,6.02077901
2023-05-03,8.291833178
2023-05-04,8.951837564
2023-05-05,8.778433790000001
2023-05-08,5.738179550000001
2023-05-09,4.073683443999999
2023-05-10,4.09905434
2023-05-11,3.5782445939999996
2023-05-12,4.002737992
2023-05-15,6.406489744
2023-05-16,4.058561694
2023-05-17,3.3140938859999998
2023-05-18,2.232918546
2023-05-19,0.9830498820000001
2023-05-22,0.8120301339999999
2023-05-23,1.8895372819999998
2023-05-24,1.6807253020000001
2023-05-25,2.1013062
2023-05-26,2.792063346
2023-05-29,4.0539824179999995
2023-05-30,7.289055124000001
2023-05-31,8.978040074
2023-06-01,9.509719526000001
2023-06-02,8.350485968000001
2023-06-05,6.9487054740000005
2023-06-06,2.7126682540000004
2023-06-07,0.19049584800000002
2023-06-08,-2.0149368500000002
2023-06-09,-2.04089633
2023-06-12,-3.5394501660000004
2023-06-13,-4.5213321440000005
2023-06-14,-6.275647655999999
2023-06-15,-6.574205148
2023-06-16,-6.490371588
2023-06-19,-7.078946189999999
2023-06-20,-7.991125715999999
2023-06-21,-6.87310387
2023-06-22,-6.499017053999999
2023-06-23,-7.4457146860000005
2023-06-26,-6.557852
2023-06-27,-5.165566172
2023-06-28,-5.359064677999999
2023-06-29,-4.916974861999999
2023-06-30,-4.450727329999999
2023-07-03,-1.4640876340000006
2023-07-04,1.0648032419999998
2023-07-05,3.9117929259999995
2023-07-06,5.2439026460000004
2023-07-07,7.12601136
2023-07-10,4.822871468
2023-07-11,4.124225861999999
2023-07-12,3.1301447300000005
2023-07-13,2.712469234
2023-07-14,3.0010663600000003
2023-07-17,2.7343514000000004
2023-07-18,1.5647410800000003
2023-07-19,0.4961507599999999
2023-07-20,-0.792561526
2023-07-21,-2.500257854
2023-07-24,-2.606077414
2023-07-25,-2.4695089919999997
2023-07-26,-2.342374962
2023-07-27,-2.347784472
2023-07-28,-0.9265063620000001
2023-07-31,-0.06895047799999991
2023-08-01,-0.12354355600000004
2023-08-02,0.9169345059999999
2023-08-03,1.1886460140000001
2023-08-04,0.44850375600000003
2023-08-07,0.15740667400000002
2023-08-08,0.7409491819999999
2023-08-09,0.5203424560000001
2023-08-10,0.9372324319999998
2023-08-11,1.6838446259999997
2023-08-14,2.453882968
2023-08-15,5.979311699999999
2023-08-16,8.116968212
2023-08-17,9.824147237999998
2023-08-18,10.925851974
2023-08-21,11.560024870000001
2023-08-22,8.90485169
2023-08-23,6.940049351999998
2023-08-24,6.378867334000001
2023-08-25,5.588289066
2023-08-28,4.8117335699999995
2023-08-29,4.712814366
2023-08-30,1.7654812119999999
2023-08-31,1.97338406
2023-09-01,1.1659246639999998
2023-09-04,0.6409365020000001
2023-09-05,0.06758036600000006
2023-09-06,3.731165402
2023-09-07,3.7578623020000004
2023-09-08,2.679134488
2023-09-11,3.0008154159999996
2023-09-12,2.3905832659999997
2023-09-13,1.0382733979999998
2023-09-14,-0.16350354000000009
2023-09-15,0.6464557899999999
2023-09-18,0.004258139999999966
2023-09-19,-1.7476739540000001
2023-09-20,-2.53890569
2023-09-21,-3.198713616
2023-09-22,-3.5179366
2023-09-25,-3.51884461
2023-09-26,-2.058725722
2023-09-27,-1.3334452220000002
2023-09-28,-0.32479162000000006
2023-09-29,0.39759951000000004
2023-10-02,11.021102286
2023-10-03,14.065263464000001
2023-10-04,16.907428482
2023-10-05,18.304686396
2023-10-06,20.028819002
2023-10-09,11.281475709999999
2023-10-10,10.154279081999999
2023-10-11,9.519645756
2023-10-12,10.089030521999998
2023-10-13,10.227539479999999
2023-10-16,11.020070431999999
2023-10-17,11.574388626
2023-10-18,11.559731238000001
2023-10-19,10.822619444
2023-10-20,9.426812464
2023-10-23,8.272043669999999
2023-10-24,6.8090193900000004
2023-10-25,4.229992266000001
2023-10-26,0.473005088
2023-10-27,-2.6170437079999997
2023-10-30,-5.094439612
2023-10-31,-6.717168586
2023-11-01,-6.684441164000001
2023-11-02,-5.368700437999999
2023-11-03,-4.311136802
2023-11-06,-4.195894464
2023-11-07,-3.8120498879999998
2023-11-08,-3.582115292
2023-11-09,-3.5648087580000003
2023-11-10,-3.1343263539999997
2023-11-13,0.38815863400000017
2023-11-14,1.7325107340000003
2023-11-15,-1.4336132619999993
2023-11-16,-2.7068115919999993
2023-11-17,-9.092686013999998
2023-11-20,-11.062557836
2023-11-21,-11.12984386
2023-11-22,-6.926158474
2023-11-23,-4.480589579999999
2023-11-24,3.313039646
2023-11-27,0.07154725199999987
2023-11-28,-0.955087352
2023-11-29,-0.8005719260000002
2023-11-30,-0.0491848000000001
2023-12-01,-2.3345668620000004
2023-12-04,-1.1258034760000002
2023-12-05,-1.738938968
2023-12-06,-3.8884244100000003
2023-12-07,-6.653201486
2023-12-08,-6.406121508
2023-12-11,-6.185011970000001
2023-12-12,-6.679931916000001
2023-12-13,-6.665485481999999
2023-12-14,-7.166471476
2023-12-15,-8.505392246
2023-12-18,-8.329955056
2023-12-19,-8.743076857999998
2023-12-20,-8.902857807999998
2023-12-21,-9.282182224
2023-12-22,-9.558293683999999
2023-12-25,-11.533438111999999
2023-12-26,-10.307325512
2023-12-27,-10.81562684
2023-12-28,-10.671410724
2023-12-29,-8.545197902
2024-01-01,-6.585037440000001
2024-01-02,-8.270369738
2024-01-03,-8.541230500000001
2024-01-04,-9.449902646000002
2024-01-05,-10.487069342
2024-01-08,-11.035045616000001
2024-01-09,-11.155932802
2024-01-10,-11.812662748
2024-01-11,-10.26984773
2024-01-12,-10.594753012
2024-01-15,-13.328507863999999
2024-01-16,-11.296476918
2024-01-17,-9.676900494000002
2024-01-18,-8.501261862000002
2024-01-19,-6.926884177999999
2024-01-22,-2.152394986
2024-01-23,-1.4363005379999998
2024-01-24,0.21393384600000004
2024-01-25,2.3644320839999997
2024-01-26,4.198289048
2024-01-29,5.160171112
2024-01-30,5.784233074
2024-01-31,6.714152175999999
2024-02-01,6.779692138
2024-02-02,7.741567194
2024-02-05,8.4030138
2024-02-06,9.056573818
2024-02-07,9.340668764000002
2024-02-08,8.902278888000001
2024-02-09,8.573134696
2024-02-12,7.926042354000001
2024-02-13,7.419095912
2024-02-14,6.80028162
2024-02-15,5.970986514
2024-02-16,5.936484294
2024-02-19,5.864952558000001
2024-02-20,6.096818122
2024-02-21,6.705098512000001
2024-02-22,6.932482542000001
2024-02-23,6.97912527
2024-02-26,6.44361033
2024-02-27,6.17294607
2024-02-28,6.243768223999999
2024-02-29,6.462437102
2024-03-01,4.314562182
2024-03-04,2.8383030099999997
2024-03-05,0.802181636
2024-03-06,-1.89678573
2024-03-07,-7.7185609479999995
2024-03-08,-14.554574730000002
2024-03-11,-18.34699038
2024-03-12,-21.937690138
2024-03-13,-25.935948330000002
2024-03-14,-26.790730874
2024-03-15,-25.110705192000005
2024-03-18,-24.892510564000002
2024-03-19,-23.858321244000003
2024-03-20,-22.413530455999997
2024-03-21,-22.663424196
2024-03-22,-20.857895566
2024-03-25,-20.728511078
2024-03-26,-22.882035528
2024-03-27,-24.01010991
2024-03-28,-22.44056847
2024-03-29,-24.046162025999998
2024-04-01,-14.459878323999998
2024-04-02,-11.833715003999998
2024-04-03,-9.604589815999999
2024-04-04,-8.096629740000001
2024-04-05,-4.122020998
2024-04-08,-10.364197987999999
2024-04-09,-9.036999957999999
2024-04-10,-8.598198116
2024-04-11,-4.796218898
2024-04-12,-5.744647533999999
2024-04-15,-3.045679367999999
2024-04-16,-0.9416681200000003
2024-04-17,-3.452068382
2024-04-18,-5.5267322640000005
2024-04-19,-3.7362060040000005
2024-04-22,-5.400154752000001
2024-04-23,-3.1683034960000005
2024-04-24,4.545059814
2024-04-25,6.367326712
2024-04-26,6.753123557999999
2024-04-29,7.627517428
2024-04-30,5.002171978
2024-05-01,9.107094153999999
2024-05-02,9.72089655
2024-05-03,11.059570926000001
2024-05-06,14.922050376000001
2024-05-07,17.015022522000002
2024-05-08,12.007782446
2024-05-09,11.732296722000001
2024-05-10,11.573692784
2024-05-13,6.948546245999999
2024-05-14,4.880958762
2024-05-15,2.244001856
2024-05-16,1.098773922
2024-05-17,-0.6297799620000001
2024-05-20,-14.111706664
2024-05-21,-14.147912618000001
2024-05-22,-12.523004884
2024-05-23,-10.869848178000002
2024-05-24,-9.602625224
2024-05-27,5.65605674
2024-05-28,6.707267842
2024-05-29,7.716500887999999
2024-05-30,5.27745754
2024-05-31,6.295741426000001
2024-06-03,6.298258477999999
2024-06-04,7.103647968
2024-06-05,5.01021145
2024-06-06,6.075763788000001
2024-06-07,3.592112608
2024-06-10,1.5421894919999999
2024-06-11,1.0961915420000001
2024-06-12,0.6168102220000002
2024-06-13,0.43127405000000013
2024-06-14,2.7293321219999997
2024-06-17,4.438895234
2024-06-18,2.802710624
2024-06-19,3.641690276
2024-06-20,4.738150566
2024-06-21,2.5247496860000003
2024-06-24,0.36290168799999994
2024-06-25,0.7655867999999999
2024-06-26,-0.837044422
2024-06-27,-1.4108439979999996
2024-06-28,0.13724029600000015
2024-07-01,0.7833974220000002
2024-07-02,-0.463105002
2024-07-03,0.6330645639999999
2024-07-04,-1.135830124
2024-07-05,-3.4708254519999997
2024-07-08,-4.909150582
2024-07-09,-5.220148868
2024-07-10,-7.544386482
2024-07-11,-10.354212839999999
2024-07-12,-15.382445442
2024-07-15,-19.868099691999998
2024-07-16,-30.497230064
2024-07-17,-46.398515316
2024-07-18,-55.765738041999995
2024-07-19,-58.10314855399999
2024-07-22,-60.867830358000006
2024-07-23,-43.24042087
2024-07-24,-21.628283996
2024-07-25,-3.8003784819999984
2024-07-26,7.975586152
2024-07-29,20.451088340000002
2024-07-30,19.244586532
2024-07-31,18.291714550000002
2024-08-01,16.48010227
2024-08-02,15.714298373999998
2024-08-05,14.835612209999999
2024-08-06,12.8415446
2024-08-07,14.102808633999999
2024-08-08,14.622644108
2024-08-09,14.86680977
2024-08-12,13.132466674
2024-08-13,12.130811202
2024-08-14,9.879501818
2024-08-15,10.39198217
2024-08-16,9.0015707
2024-08-19,1.159122274
2024-08-20,0.49458846200000073
2024-08-21,-0.2733319899999992
2024-08-22,-3.2225775399999996
2024-08-23,-4.145294706
2024-08-26,2.4029325219999995
2024-08-27,1.8138099879999998
2024-08-28,1.150258792
2024-08-29,1.597163592
2024-08-30,1.198380418
2024-09-02,1.348760216
2024-09-03,-0.07995305999999971
2024-09-04,3.2562604399999997
2024-09-05,1.3129336539999998
2024-09-06,1.1013195520000003
2024-09-09,0.264528236
2024-09-10,1.9098916679999998
2024-09-11,-2.281140188
2024-09-12,-2.580933204
2024-09-13,-4.599693914
2024-09-16,-6.327530304
2024-09-17,-8.47147175
2024-09-18,-8.701008667999998
2024-09-19,-8.509130996
2024-09-20,-5.971352400000001
2024-09-23,-2.8302195840000004
2024-09-24,-0.611670392
2024-09-25,0.40272762400000006
2024-09-26,0.03180679800000004
2024-09-27,0.18838049800000004
2024-09-30,-1.503727898
2024-10-01,-2.820304352
2024-10-02,-4.916635288
2024-10-03,-3.644973514
2024-10-04,-3.8163531799999992
2024-10-07,-2.2563055800000003
2024-10-08,-0.7477760200000002
2024-10-09,1.130899196
2024-10-10,0.5028871259999999
2024-10-11,1.1795081399999998
2024-10-14,-0.32000563
2024-10-15,-0.8924614400000002
2024-10-16,-2.008937308
2024-10-17,0.18233950399999993
2024-10-18,-1.008899026
2024-10-21,-0.955965052
2024-10-22,-0.4300551699999999
2024-10-23,1.555702432
2024-10-24,-0.056711519999999904
2024-10-25,1.7681639
2024-10-28,3.6328630760000005
2024-10-29,4.804734066
2024-10-30,5.393954594
2024-10-31,4.867091156000001
2024-11-01,9.386128768
2024-11-04,15.020410864000002
2024-11-05,20.528829469999998
2024-11-06,19.752584286
2024-11-07,20.503607938
2024-11-08,15.031229146000001
2024-11-11,7.985813549999999
2024-11-12,1.9697352119999998
2024-11-13,2.781206164
2024-11-14,4.027020876
2024-11-15,1.7851314400000002
2024-11-18,4.245453204
2024-11-19,4.126242716
2024-11-20,6.3229238720000005
2024-11-21,6.089449018000001
2024-11-22,8.920508223999999
2024-11-25,8.55928592
2024-11-26,9.141317612
2024-11-27,6.846683312000001
2024-11-28,7.225958348000001
2024-11-29,7.345968116
2024-12-02,6.8220097540000015
2024-12-03,5.17869444
2024-12-04,5.01262773
2024-12-05,3.6832031040000004
2024-12-06,4.0619692899999995
2024-12-09,3.1561815959999997
2024-12-10,2.6625723719999996
2024-12-11,1.459698056
2024-12-12,0.708858382
2024-12-13,-1.0241604340000001
2024-12-16,-1.6301900160000002
2024-12-17,-1.8415044180000002
2024-12-18,-1.4122014360000001
2024-12-19,-1.271764344
2024-12-20,-1.7912669019999998
2024-12-23,-2.077253422
2024-12-24,-1.507785342
2024-12-25,-1.788602166
2024-12-26,0.5961585460000002
2024-12-27,-0.023653383999999812
2024-12-30,0.9414741980000001
2024-12-31,0.7282538860000001
2025-01-01,3.72558603
2025-01-02,0.43537079
2025-01-03,1.5885361559999998
2025-01-06,1.6432710399999997
2025-01-07,1.7624233459999998
2025-01-08,-1.6892452399999995
2025-01-09,-2.035272524
2025-01-10,-2.9561538999999994
2025-01-13,-7.059661123999999
2025-01-14,-8.449721391999999
2025-01-15,-12.269186697999999
2025-01-16,-15.306436378
2025-01-17,-17.747216056
2025-01-20,-17.242601697999998
2025-01-21,-19.955912169999998
2025-01-22,-23.708693865999997
2025-01-23,-24.81430716
2025-01-24,-27.118964595999994
2025-01-27,-30.735638370000004
2025-01-28,-29.408403778
2025-01-29,-23.466890822
2025-01-30,-20.408393671999995
2025-01-31,-14.661981108
2025-02-03,-9.804411439999999
2025-02-04,-9.007859426
2025-02-05,-10.450563888
2025-02-06,-12.027581618000001
2025-02-07,-16.309491648
2025-02-10,-17.863520978000004
2025-02-11,-18.516041589999997
2025-02-12,-15.572394256
2025-02-13,-13.557409838000002
2025-02-14,-13.118549998
2025-02-17,-12.758816246
2025-02-18,-13.11552012
2025-02-19,-15.729486152000002
2025-02-20,-17.315011648000002
2025-02-21,-16.016864570000003
2025-02-24,-15.543838592
2025-02-25,-15.997946848000002
2025-02-26,-10.665338082000002
2025-02-27,-9.343611162000002
2025-02-28,-7.507943485999999
2025-03-03,-6.18609539
2025-03-04,-4.174433924
2025-03-05,-7.230218603999999
2025-03-06,-6.194327144
2025-03-07,-8.070411748000001
2025-03-10,-7.800320698
2025-03-11,-10.361829918
2025-03-12,-12.367156424
2025-03-13,-14.176859339999998
2025-03-14,-26.186000474000004
2025-03-17,-27.933135605999997
2025-03-18,-28.424297959999997
2025-03-19,-29.398438819999996
2025-03-20,-28.012400049999997
2025-03-21,-17.898478005999998
2025-03-24,-19.64379348
2025-03-25,-16.903922270000002
2025-03-26,-16.504533686
2025-03-27,-17.853380888
2025-03-28,-14.594213651999999
2025-03-31,-23.202535832000002
2025-04-01,-21.208466446
2025-04-02,-17.067338884
2025-04-03,-18.441869872
2025-04-04,-13.51741906
2025-04-07,0.9667389419999998
2025-04-08,4.172090334000001
2025-04-09,2.2971723780000004
2025-04-10,-6.674728749999998
2025-04-11,-13.908277153999999
2025-04-14,-20.559493179999997
2025-04-15,-28.978799224
2025-04-16,-38.815105595999995
2025-04-17,-37.32161628600001
2025-04-18,-45.694020748
2025-04-21,-37.36621728800001
2025-04-22,-40.210113195999995
2025-04-23,-34.459784516
2025-04-24,-30.128197390000004
2025-04-25,-23.513097883999997
2025-04-28,-29.713534426000002
2025-04-29,-24.982129906000004
2025-04-30,-27.469825254
2025-05-01,-14.321459338000002
2025-05-02,-3.6794327460000007
2025-05-05,10.963209251999999
2025-05-06,13.974028365999999
2025-05-07,25.266895913999996
2025-05-08,23.899995186
2025-05-09,15.239478284
2025-05-12,-4.578715042
2025-05-13,-2.5261387780000004
2025-05-14,-7.405101907999999
2025-05-15,-13.363460859999998
2025-05-16,-13.000218438
2025-05-19,-7.92823255
2025-05-20,-14.219851879999998
2025-05-21,-17.552386988000002
2025-05-22,-19.086710656
2025-05-23,-25.699174590000002
2025-05-26,-23.99528941
2025-05-27,-21.585315718
2025-05-28,-22.7045776
2025-05-29,-19.181489586
2025-05-30,-11.383870356
2025-06-02,-15.362925195999997
2025-06-03,-19.330863082
2025-06-04,-22.526575296
2025-06-05,-28.584498806
2025-06-06,-33.452053662000004
2025-06-09,-31.999333242
2025-06-10,-31.748203448000005
2025-06-11,-29.009661516000005
2025-06-12,-27.55135913
2025-06-13,-27.780079618000002
2025-06-16,-29.765706482000002
2025-06-17,-23.862935982
2025-06-18,-18.042887672
2025-06-19,-15.414967977999998
2025-06-20,-10.714767802
2025-06-23,-7.367007492000001
2025-06-24,-9.627219222
2025-06-25,-9.670000026
2025-06-26,-11.436525906
2025-06-27,-10.164264681999999
2025-06-30,-4.767587952000001
2025-07-01,-3.218787558
2025-07-02,-1.7566892920000001
2025-07-03,1.1415696460000002
2025-07-04,3.327056686
2025-07-07,1.472752152
2025-07-08,2.1687957439999996
2025-07-09,1.172953202
2025-07-10,2.2412332459999997
2025-07-11,1.4830100160000002
2025-07-14,0.49444043399999993
2025-07-15,-0.06135735999999996
2025-07-16,-0.05479471799999995
2025-07-17,0.0036048780000000223
2025-07-18,-1.7318086439999998
2025-07-21,-1.5464294979999997
2025-07-22,-0.923213464
2025-07-23,-2.439386666
2025-07-24,-2.56838354
2025-07-25,-2.461991334
2025-07-28,-2.5158692040000004
2025-07-29,-3.2356110900000004
2025-07-30,-1.903864132
2025-07-31,-3.5848457760000003
2025-08-01,-1.363056792
2025-08-04,-2.1229568980000004
2025-08-05,-3.6699497800000005
2025-08-06,-3.0614284640000005
2025-08-07,-2.7343789480000007
2025-08-08,-4.596211956
2025-08-11,-3.9256212140000004
2025-08-12,-2.601158224
2025-08-13,-4.24507254
2025-08-14,-2.0356425019999995
2025-08-15,1.6528025499999999
2025-08-18,0.8307281700000002
2025-08-19,1.2504531
2025-08-20,2.6399325440000005
2025-08-21,3.99800847
2025-08-22,2.5785496599999997
2025-08-25,12.473433867999999
2025-08-26,12.657721961999998
2025-08-27,10.661853978
2025-08-28,8.455407739999998
2025-08-29,10.654274722
2025-09-01,3.136407124
2025-09-02,5.08971108
2025-09-03,5.563522766
2025-09-04,4.983120382
2025-09-05,0.688800344
2025-09-08,-2.524056286
2025-09-09,-5.289336022
2025-09-10,-1.9853256960000003
2025-09-11,1.2920585139999996
2025-09-12,4.2881375319999995
2025-09-15,7.419336214
2025-09-16,9.820864138
2025-09-17,8.711362512000001
2025-09-18,5.547425975999999
2025-09-19,2.1566501339999995
2025-09-22,3.8758085959999997
2025-09-23,2.9968783779999995
2025-09-24,1.7010140699999998
2025-09-25,4.557380316
2025-09-26,7.315286164
2025-09-29,5.71376031
2025-09-30,7.807338464
2025-10-01,9.384054478
2025-10-02,9.536618218000001
2025-10-03,9.624264108000002
2025-10-06,10.030564662
2025-10-07,10.015921424
2025-10-08,13.591801687999999
2025-10-09,16.806273324
2025-10-10,18.692872136
2025-10-13,22.536073664000003
2025-10-14,27.250657374000003
2025-10-15,30.244833024000002
2025-10-16,31.338921582
2025-10-17,33.641561494
2025-10-20,30.86901674
2025-10-21,26.610832194
2025-10-22,22.128560194000002
2025-10-23,18.196383914000002
2025-10-24,15.43002454
2025-10-27,14.98872108
2025-10-28,12.648303080000002
2025-10-29,7.297261707999999
2025-10-30,3.208053736
2025-10-31,-3.5251316200000007
2025-11-03,-7.17536812
2025-11-04,-8.644249188000002
2025-11-05,-6.157248348
2025-11-06,-6.179021638
2025-11-07,-6.533672056
2025-11-10,-10.376563812
2025-11-11,-13.969623592
2025-11-12,-16.178423898
2025-11-13,-18.122646441999997
2025-11-14,-16.016771432
2025-11-17,-11.497437768000001
2025-11-18,-8.871563886
2025-11-19,-7.10968273
2025-11-20,-5.6366206199999995
2025-11-21,3.2461665339999994
2025-11-24,-0.004363330000000332
2025-11-25,-1.2295897659999997
2025-11-26,-2.691556922
2025-11-27,-4.133150256
2025-11-28,-12.802257512
2025-12-01,-14.744849628
2025-12-02,-15.191760298
2025-12-03,-18.235894822
2025-12-04,-21.827856094
2025-12-05,-23.596900818
2025-12-08,-21.411613885999998
2025-12-09,-21.253621554
2025-12-10,-18.471264091999995
2025-12-11,-14.428960856
2025-12-12,-14.148719195999998
2025-12-15,-12.294192857999999
2025-12-16,-13.141368988
2025-12-17,-13.519507493999999
2025-12-18,-12.663806418000002
2025-12-19,-17.035242276
2025-12-22,-16.520050364000003
2025-12-23,-15.793772654
2025-12-24,-13.940569263999999
2025-12-25,-12.78251629
2025-12-26,3.718693499999999
2025-12-29,9.322294959999999
2025-12-30,12.54514506
2025-12-31,21.167576338
2026-01-01,31.003933905999997
2026-01-02,22.524790374
2026-01-05,18.19628582
2026-01-06,19.339425744
2026-01-07,12.621998792
2026-01-08,5.073578702000001
2026-01-09,5.397540146
2026-01-12,5.095624600000001
2026-01-13,3.046417666
2026-01-14,-11.663437876
2026-01-15,-22.39812657
2026-01-16,-26.796601185999997
2026-01-19,-28.042877714000003
2026-01-20,-17.361917264000006
2026-01-21,17.38762268
2026-01-22,34.09600021999999
2026-01-23,45.31988753
2026-01-26,20.88646816
2026-01-27,16.570798016000005
2026-01-28,3.1447591640000034
2026-01-29,27.336645568
2026-01-30,61.06119547200001
2026-02-02,93.16295221318232
2026-02-03,92.54078046576288
2026-02-04,100.0751646331053
2026-02-05,87.17371297171522
2026-02-06,60.31194773428833
2026-02-09,61.98730464055698
2026-02-10,61.75601677247887
2026-02-11,48.77233156093462
2026-02-12,29.244093018473542
2026-02-13,12.982162475147197
2026-02-16,2.76440875962453
2026-02-17,-3.5023096018647264
2026-02-18,-7.803211256400391
2026-02-19,-3.646055876639912
2026-02-20,-7.460218329751479
2026-02-23,-8.725170149319457
2026-02-24,-10.585585459761933
2026-02-25,-11.828599304617637
2026-02-26,-27.517579298876626
2026-02-27,-27.571764964954856
2026-03-02,-22.421863165546164
2026-03-03,-27.005957186337763
2026-03-04,-25.49936784490801
2026-03-05,-15.791343016408609
2026-03-06,-12.914422640362682
2026-03-09,-18.328208272720623
2026-03-10,-22.27689743164701
2026-03-11,-30.729451383758715
2026-03-12,-45.27316309494163
2026-03-13,-52.77255817558726
2026-03-16,-63.701800578738585
2026-03-17,-64.4986945778106
2026-03-18,-67.70758767169482
2026-03-19,-52.51842865482704
2026-03-20,-49.0674863130489
2026-03-23,-38.24557571282312
2026-03-24,-30.303236150459632
2026-03-25,-20.582393238810802
2026-03-26,0.14060526301836945
2026-03-27,6.169375188572667
