Date,Event
1947-07-20,GDP
1947-08-17,GDP
1947-11-16,GDP
1948-02-23,GDP
1948-05-19,GDP
1948-07-11,GDP
1948-08-23,GDP
1948-11-20,GDP
1949-02-22,GDP
1949-03-24,CPI
1949-04-22,CPI
1949-05-16,GDP
1949-05-23,CPI
1949-06-24,CPI
1949-07-22,CPI
1949-07-27,GDP
1949-08-16,GDP
1949-08-26,CPI
1949-09-28,CPI
1949-10-28,CPI
1949-11-22,GDP
1949-11-28,CPI
1949-12-28,CPI
1950-01-26,CPI
1950-02-20,GDP
1950-02-24,CPI
1950-03-25,CPI
1950-04-22,CPI
1950-05-15,GDP
1950-05-20,CPI
1950-06-25,CPI
1950-07-22,CPI
1950-07-23,GDP
1950-08-14,GDP
1950-08-23,CPI
1950-09-24,CPI
1950-10-24,CPI
1950-11-20,GDP
1950-11-29,CPI
1950-12-23,CPI
1951-01-25,CPI
1951-02-14,GDP
1951-03-02,CPI
1951-03-24,CPI
1951-04-20,CPI
1951-05-20,GDP
1951-05-23,CPI
1951-06-27,CPI
1951-07-23,GDP
1951-07-26,CPI
1951-08-19,GDP
1951-08-24,CPI
1951-09-21,CPI
1951-10-25,CPI
1951-11-18,GDP
1951-11-23,CPI
1951-12-21,CPI
1952-01-25,CPI
1952-02-17,GDP
1952-02-26,CPI
1952-03-21,CPI
1952-04-22,CPI
1952-05-18,GDP
1952-05-22,CPI
1952-06-19,CPI
1952-07-22,GDP
1952-07-24,CPI
1952-08-17,GDP
1952-08-21,CPI
1952-09-19,CPI
1952-10-24,CPI
1952-11-17,GDP
1952-11-21,CPI
1952-12-19,CPI
1953-01-16,CPI
1953-02-24,GDP
1953-02-27,CPI
1953-03-26,CPI
1953-04-22,CPI
1953-05-17,GDP
1953-05-22,CPI
1953-06-23,CPI
1953-07-21,GDP
1953-07-22,CPI
1953-08-09,GDP
1953-08-26,CPI
1953-09-23,CPI
1953-10-28,CPI
1953-11-12,GDP
1953-11-25,CPI
1953-12-23,CPI
1954-01-22,CPI
1954-02-17,GDP
1954-02-26,CPI
1954-03-24,CPI
1954-04-22,CPI
1954-05-13,GDP
1954-05-21,CPI
1954-06-22,CPI
1954-07-13,GDP
1954-07-23,CPI
1954-08-15,GDP
1954-08-20,CPI
1954-09-24,CPI
1954-10-26,CPI
1954-11-14,GDP
1954-11-24,CPI
1954-12-22,CPI
1955-01-21,CPI
1955-02-14,GDP
1955-02-25,CPI
1955-03-23,CPI
1955-04-22,CPI
1955-05-06,ISM_Manufacturing
1955-05-06,NFP
1955-05-15,GDP
1955-05-20,CPI
1955-06-07,ISM_Manufacturing
1955-06-07,NFP
1955-06-23,CPI
1955-07-08,NFP
1955-07-08,ISM_Manufacturing
1955-07-11,GDP
1955-07-26,CPI
1955-08-09,ISM_Manufacturing
1955-08-09,NFP
1955-08-14,GDP
1955-08-23,CPI
1955-09-07,NFP
1955-09-07,ISM_Manufacturing
1955-09-23,CPI
1955-10-10,NFP
1955-10-10,ISM_Manufacturing
1955-10-21,CPI
1955-11-07,NFP
1955-11-07,ISM_Manufacturing
1955-11-13,GDP
1955-11-22,CPI
1955-12-07,NFP
1955-12-07,ISM_Manufacturing
1955-12-21,CPI
1956-01-09,NFP
1956-01-09,ISM_Manufacturing
1956-01-20,CPI
1956-01-22,GDP
1956-02-07,NFP
1956-02-07,ISM_Manufacturing
1956-02-14,GDP
1956-02-24,CPI
1956-03-09,NFP
1956-03-09,ISM_Manufacturing
1956-03-26,CPI
1956-04-09,ISM_Manufacturing
1956-04-09,NFP
1956-04-25,CPI
1956-05-08,ISM_Manufacturing
1956-05-08,NFP
1956-05-09,GDP
1956-05-24,CPI
1956-06-08,NFP
1956-06-08,ISM_Manufacturing
1956-06-26,CPI
1956-07-09,NFP
1956-07-09,ISM_Manufacturing
1956-07-15,GDP
1956-07-24,CPI
1956-08-08,ISM_Manufacturing
1956-08-08,NFP
1956-08-13,GDP
1956-08-24,CPI
1956-09-10,ISM_Manufacturing
1956-09-10,NFP
1956-09-21,CPI
1956-10-09,NFP
1956-10-09,ISM_Manufacturing
1956-10-25,CPI
1956-11-08,NFP
1956-11-08,ISM_Manufacturing
1956-11-12,GDP
1956-11-26,CPI
1956-12-10,NFP
1956-12-10,ISM_Manufacturing
1956-12-21,CPI
1957-01-11,NFP
1957-01-11,ISM_Manufacturing
1957-01-25,CPI
1957-02-08,NFP
1957-02-08,ISM_Manufacturing
1957-02-17,GDP
1957-02-21,CPI
1957-03-12,ISM_Manufacturing
1957-03-12,NFP
1957-03-22,CPI
1957-04-09,ISM_Manufacturing
1957-04-09,NFP
1957-04-23,CPI
1957-05-10,ISM_Manufacturing
1957-05-10,NFP
1957-05-14,GDP
1957-05-24,CPI
1957-06-11,ISM_Manufacturing
1957-06-11,NFP
1957-06-25,CPI
1957-07-11,ISM_Manufacturing
1957-07-11,NFP
1957-07-11,GDP
1957-07-24,CPI
1957-08-12,NFP
1957-08-12,ISM_Manufacturing
1957-08-15,GDP
1957-08-22,CPI
1957-09-10,ISM_Manufacturing
1957-09-10,NFP
1957-09-24,CPI
1957-10-10,ISM_Manufacturing
1957-10-10,NFP
1957-10-25,CPI
1957-11-08,NFP
1957-11-08,ISM_Manufacturing
1957-11-22,CPI
1957-11-24,GDP
1957-12-11,NFP
1957-12-11,ISM_Manufacturing
1957-12-20,CPI
1958-01-14,NFP
1958-01-14,ISM_Manufacturing
1958-01-21,CPI
1958-02-11,NFP
1958-02-11,ISM_Manufacturing
1958-02-23,GDP
1958-02-25,CPI
1958-03-11,NFP
1958-03-11,ISM_Manufacturing
1958-03-21,CPI
1958-04-08,NFP
1958-04-08,ISM_Manufacturing
1958-04-23,CPI
1958-05-08,ISM_Manufacturing
1958-05-08,NFP
1958-05-13,GDP
1958-05-22,CPI
1958-06-06,NFP
1958-06-06,ISM_Manufacturing
1958-06-24,CPI
1958-07-08,ISM_Manufacturing
1958-07-08,NFP
1958-07-16,GDP
1958-07-23,CPI
1958-08-08,ISM_Manufacturing
1958-08-08,NFP
1958-08-19,GDP
1958-08-22,CPI
1958-09-09,NFP
1958-09-09,ISM_Manufacturing
1958-09-19,CPI
1958-10-10,NFP
1958-10-10,ISM_Manufacturing
1958-10-23,CPI
1958-11-10,NFP
1958-11-10,ISM_Manufacturing
1958-11-20,GDP
1958-11-25,CPI
1958-12-10,NFP
1958-12-10,ISM_Manufacturing
1958-12-21,GDP
1958-12-23,CPI
1959-01-13,ISM_Manufacturing
1959-01-13,NFP
1959-01-23,CPI
1959-02-10,NFP
1959-02-10,ISM_Manufacturing
1959-02-19,GDP
1959-02-20,CPI
1959-03-11,NFP
1959-03-11,ISM_Manufacturing
1959-03-25,CPI
1959-04-07,NFP
1959-04-07,ISM_Manufacturing
1959-04-22,CPI
1959-05-11,NFP
1959-05-11,ISM_Manufacturing
1959-05-15,GDP
1959-05-22,CPI
1959-06-10,ISM_Manufacturing
1959-06-10,NFP
1959-06-19,CPI
1959-07-14,ISM_Manufacturing
1959-07-14,NFP
1959-07-19,GDP
1959-07-22,CPI
1959-08-11,NFP
1959-08-11,ISM_Manufacturing
1959-08-18,GDP
1959-08-21,CPI
1959-09-10,ISM_Manufacturing
1959-09-10,NFP
1959-09-23,CPI
1959-10-13,NFP
1959-10-13,ISM_Manufacturing
1959-10-23,GDP
1959-10-23,CPI
1959-11-11,NFP
1959-11-11,ISM_Manufacturing
1959-11-13,GDP
1959-11-25,CPI
1959-12-11,ISM_Manufacturing
1959-12-11,NFP
1959-12-22,CPI
1960-01-15,ISM_Manufacturing
1960-01-15,NFP
1960-01-22,CPI
1960-02-11,ISM_Manufacturing
1960-02-11,NFP
1960-02-16,GDP
1960-02-25,CPI
1960-03-15,NFP
1960-03-15,ISM_Manufacturing
1960-03-25,CPI
1960-04-12,ISM_Manufacturing
1960-04-12,NFP
1960-04-20,GDP
1960-04-25,CPI
1960-05-11,GDP
1960-05-11,ISM_Manufacturing
1960-05-11,NFP
1960-05-25,CPI
1960-06-13,ISM_Manufacturing
1960-06-13,NFP
1960-06-24,CPI
1960-07-12,ISM_Manufacturing
1960-07-12,NFP
1960-07-22,CPI
1960-07-22,GDP
1960-08-10,NFP
1960-08-10,ISM_Manufacturing
1960-08-23,GDP
1960-08-25,CPI
1960-09-09,ISM_Manufacturing
1960-09-09,NFP
1960-09-23,CPI
1960-10-10,ISM_Manufacturing
1960-10-10,NFP
1960-10-20,GDP
1960-10-26,CPI
1960-11-10,NFP
1960-11-10,ISM_Manufacturing
1960-11-20,GDP
1960-11-25,CPI
1960-12-12,ISM_Manufacturing
1960-12-12,NFP
1960-12-23,CPI
1961-01-13,ISM_Manufacturing
1961-01-13,NFP
1961-01-27,CPI
1961-02-09,NFP
1961-02-09,ISM_Manufacturing
1961-02-19,GDP
1961-02-28,CPI
1961-03-07,ISM_Manufacturing
1961-03-07,NFP
1961-03-24,CPI
1961-04-04,ISM_Manufacturing
1961-04-04,NFP
1961-04-20,GDP
1961-04-26,CPI
1961-05-02,ISM_Manufacturing
1961-05-02,NFP
1961-05-18,GDP
1961-05-25,CPI
1961-05-31,ISM_Manufacturing
1961-05-31,NFP
1961-06-27,CPI
1961-07-05,NFP
1961-07-05,ISM_Manufacturing
1961-07-19,GDP
1961-07-25,CPI
1961-08-02,NFP
1961-08-02,ISM_Manufacturing
1961-08-18,GDP
1961-08-25,CPI
1961-08-29,NFP
1961-08-29,ISM_Manufacturing
1961-09-26,CPI
1961-10-03,ISM_Manufacturing
1961-10-03,NFP
1961-10-20,GDP
1961-10-25,CPI
1961-11-03,NFP
1961-11-03,ISM_Manufacturing
1961-11-21,GDP
1961-11-28,CPI
1961-12-07,ISM_Manufacturing
1961-12-07,NFP
1961-12-22,CPI
1962-01-09,ISM_Manufacturing
1962-01-09,NFP
1962-01-26,CPI
1962-01-31,NFP
1962-01-31,ISM_Manufacturing
1962-02-24,GDP
1962-02-28,CPI
1962-03-07,NFP
1962-03-07,ISM_Manufacturing
1962-03-27,CPI
1962-04-06,NFP
1962-04-06,ISM_Manufacturing
1962-04-19,GDP
1962-04-24,CPI
1962-05-09,NFP
1962-05-09,ISM_Manufacturing
1962-05-18,GDP
1962-05-25,CPI
1962-05-31,NFP
1962-05-31,ISM_Manufacturing
1962-06-26,CPI
1962-07-05,ISM_Manufacturing
1962-07-05,NFP
1962-07-20,GDP
1962-07-25,CPI
1962-08-01,NFP
1962-08-01,ISM_Manufacturing
1962-08-14,GDP
1962-08-28,CPI
1962-09-05,ISM_Manufacturing
1962-09-05,NFP
1962-09-25,CPI
1962-10-04,ISM_Manufacturing
1962-10-04,NFP
1962-10-18,GDP
1962-10-26,CPI
1962-10-31,ISM_Manufacturing
1962-10-31,NFP
1962-11-20,GDP
1962-11-28,CPI
1962-12-05,NFP
1962-12-05,ISM_Manufacturing
1962-12-21,CPI
1963-01-10,NFP
1963-01-10,ISM_Manufacturing
1963-01-25,CPI
1963-01-31,NFP
1963-01-31,ISM_Manufacturing
1963-02-20,GDP
1963-02-27,CPI
1963-03-07,ISM_Manufacturing
1963-03-07,NFP
1963-03-27,CPI
1963-04-04,NFP
1963-04-04,ISM_Manufacturing
1963-04-19,GDP
1963-04-25,CPI
1963-05-02,NFP
1963-05-02,ISM_Manufacturing
1963-05-21,GDP
1963-05-28,CPI
1963-06-06,NFP
1963-06-06,ISM_Manufacturing
1963-06-26,CPI
1963-07-05,NFP
1963-07-05,ISM_Manufacturing
1963-07-22,GDP
1963-07-26,CPI
1963-08-01,ISM_Manufacturing
1963-08-01,NFP
1963-08-16,GDP
1963-08-27,CPI
1963-09-06,NFP
1963-09-06,ISM_Manufacturing
1963-09-25,CPI
1963-10-03,ISM_Manufacturing
1963-10-03,NFP
1963-10-21,GDP
1963-10-30,CPI
1963-10-31,NFP
1963-10-31,ISM_Manufacturing
1963-11-18,GDP
1963-11-29,CPI
1963-12-06,NFP
1963-12-06,ISM_Manufacturing
1963-12-27,CPI
1964-01-10,ISM_Manufacturing
1964-01-10,NFP
1964-01-17,GDP
1964-01-29,CPI
1964-02-06,NFP
1964-02-06,ISM_Manufacturing
1964-02-20,GDP
1964-03-03,CPI
1964-03-06,ISM_Manufacturing
1964-03-06,NFP
1964-03-31,CPI
1964-04-03,NFP
1964-04-03,ISM_Manufacturing
1964-04-17,GDP
1964-04-30,CPI
1964-05-07,ISM_Manufacturing
1964-05-07,NFP
1964-05-18,GDP
1964-05-28,CPI
1964-06-05,ISM_Manufacturing
1964-06-05,NFP
1964-06-26,CPI
1964-07-02,NFP
1964-07-02,ISM_Manufacturing
1964-07-16,GDP
1964-07-31,CPI
1964-08-06,NFP
1964-08-06,ISM_Manufacturing
1964-08-18,GDP
1964-08-28,CPI
1964-09-03,ISM_Manufacturing
1964-09-03,NFP
1964-09-30,CPI
1964-10-01,ISM_Manufacturing
1964-10-01,NFP
1964-10-14,GDP
1964-10-30,CPI
1964-11-05,NFP
1964-11-05,ISM_Manufacturing
1964-11-18,GDP
1964-11-30,CPI
1964-12-04,NFP
1964-12-04,ISM_Manufacturing
1964-12-30,CPI
1965-01-07,NFP
1965-01-07,ISM_Manufacturing
1965-01-14,GDP
1965-01-28,CPI
1965-02-03,ISM_Manufacturing
1965-02-03,NFP
1965-02-17,GDP
1965-02-26,CPI
1965-03-04,NFP
1965-03-04,ISM_Manufacturing
1965-03-30,CPI
1965-04-01,ISM_Manufacturing
1965-04-01,NFP
1965-04-14,GDP
1965-04-28,CPI
1965-05-06,ISM_Manufacturing
1965-05-06,NFP
1965-05-14,GDP
1965-05-27,CPI
1965-06-03,NFP
1965-06-03,ISM_Manufacturing
1965-06-30,CPI
1965-07-01,NFP
1965-07-01,ISM_Manufacturing
1965-07-14,GDP
1965-07-29,CPI
1965-08-05,NFP
1965-08-05,ISM_Manufacturing
1965-08-19,GDP
1965-08-27,CPI
1965-09-02,NFP
1965-09-02,ISM_Manufacturing
1965-09-29,CPI
1965-10-07,NFP
1965-10-07,ISM_Manufacturing
1965-10-13,GDP
1965-10-28,CPI
1965-11-04,NFP
1965-11-04,ISM_Manufacturing
1965-11-15,GDP
1965-11-30,CPI
1965-12-02,NFP
1965-12-02,ISM_Manufacturing
1965-12-30,CPI
1966-01-07,NFP
1966-01-07,ISM_Manufacturing
1966-01-13,GDP
1966-01-27,CPI
1966-02-08,NFP
1966-02-08,ISM_Manufacturing
1966-02-15,GDP
1966-02-28,CPI
1966-03-08,NFP
1966-03-08,ISM_Manufacturing
1966-03-29,CPI
1966-04-05,NFP
1966-04-05,ISM_Manufacturing
1966-04-18,GDP
1966-04-21,CPI
1966-05-06,ISM_Manufacturing
1966-05-06,NFP
1966-05-20,GDP
1966-05-20,CPI
1966-06-06,ISM_Manufacturing
1966-06-06,NFP
1966-06-21,CPI
1966-07-11,ISM_Manufacturing
1966-07-11,NFP
1966-07-15,GDP
1966-07-21,CPI
1966-08-08,NFP
1966-08-08,ISM_Manufacturing
1966-08-11,GDP
1966-08-22,CPI
1966-09-02,ISM_Manufacturing
1966-09-02,NFP
1966-09-22,CPI
1966-10-10,NFP
1966-10-10,ISM_Manufacturing
1966-10-13,GDP
1966-10-20,CPI
1966-11-04,NFP
1966-11-04,ISM_Manufacturing
1966-11-10,GDP
1966-11-23,CPI
1966-12-02,NFP
1966-12-02,ISM_Manufacturing
1966-12-22,CPI
1967-01-09,ISM_Manufacturing
1967-01-09,NFP
1967-01-13,GDP
1967-01-20,CPI
1967-02-09,ISM_Manufacturing
1967-02-09,NFP
1967-02-17,GDP
1967-02-20,CPI
1967-03-16,NFP
1967-03-16,ISM_Manufacturing
1967-03-20,CPI
1967-04-11,NFP
1967-04-11,ISM_Manufacturing
1967-04-12,GDP
1967-04-26,CPI
1967-05-09,ISM_Manufacturing
1967-05-09,NFP
1967-05-17,GDP
1967-05-23,CPI
1967-06-05,ISM_Manufacturing
1967-06-05,NFP
1967-06-28,CPI
1967-07-11,ISM_Manufacturing
1967-07-11,NFP
1967-07-17,GDP
1967-07-26,CPI
1967-08-08,NFP
1967-08-08,ISM_Manufacturing
1967-08-14,GDP
1967-08-25,CPI
1967-09-06,NFP
1967-09-06,ISM_Manufacturing
1967-09-27,CPI
1967-10-11,ISM_Manufacturing
1967-10-11,NFP
1967-10-13,GDP
1967-10-26,CPI
1967-11-07,NFP
1967-11-07,ISM_Manufacturing
1967-11-17,GDP
1967-11-29,CPI
1967-12-13,ISM_Manufacturing
1967-12-13,NFP
1967-12-22,CPI
1968-01-10,ISM_Manufacturing
1968-01-10,NFP
1968-01-16,GDP
1968-01-25,CPI
1968-02-07,NFP
1968-02-07,ISM_Manufacturing
1968-02-15,GDP
1968-02-29,CPI
1968-03-12,ISM_Manufacturing
1968-03-12,NFP
1968-03-27,CPI
1968-04-10,ISM_Manufacturing
1968-04-10,NFP
1968-04-16,GDP
1968-04-26,CPI
1968-05-08,NFP
1968-05-08,ISM_Manufacturing
1968-05-16,GDP
1968-05-28,CPI
1968-06-12,NFP
1968-06-12,ISM_Manufacturing
1968-06-28,CPI
1968-07-10,ISM_Manufacturing
1968-07-10,NFP
1968-07-18,GDP
1968-07-31,CPI
1968-08-07,ISM_Manufacturing
1968-08-07,NFP
1968-08-15,GDP
1968-08-27,CPI
1968-09-11,NFP
1968-09-11,ISM_Manufacturing
1968-09-18,GDP
1968-09-26,CPI
1968-10-09,ISM_Manufacturing
1968-10-09,NFP
1968-10-15,GDP
1968-10-29,CPI
1968-11-06,ISM_Manufacturing
1968-11-06,NFP
1968-11-18,GDP
1968-11-27,CPI
1968-12-11,NFP
1968-12-11,ISM_Manufacturing
1968-12-27,CPI
1969-01-09,ISM_Manufacturing
1969-01-09,NFP
1969-01-14,GDP
1969-01-29,CPI
1969-02-11,ISM_Manufacturing
1969-02-11,NFP
1969-02-14,GDP
1969-02-25,CPI
1969-03-10,ISM_Manufacturing
1969-03-10,NFP
1969-03-25,CPI
1969-04-08,NFP
1969-04-08,ISM_Manufacturing
1969-04-17,GDP
1969-04-24,CPI
1969-05-05,ISM_Manufacturing
1969-05-05,NFP
1969-05-16,GDP
1969-05-22,CPI
1969-06-09,ISM_Manufacturing
1969-06-09,NFP
1969-06-24,CPI
1969-07-08,NFP
1969-07-08,ISM_Manufacturing
1969-07-17,GDP
1969-07-23,CPI
1969-08-04,NFP
1969-08-04,ISM_Manufacturing
1969-08-14,GDP
1969-08-22,CPI
1969-09-08,ISM_Manufacturing
1969-09-08,NFP
1969-09-22,CPI
1969-10-06,NFP
1969-10-06,ISM_Manufacturing
1969-10-16,GDP
1969-10-22,CPI
1969-11-07,ISM_Manufacturing
1969-11-07,NFP
1969-11-14,GDP
1969-11-21,CPI
1969-12-05,ISM_Manufacturing
1969-12-05,NFP
1969-12-19,CPI
1970-01-09,NFP
1970-01-09,ISM_Manufacturing
1970-01-16,GDP
1970-01-19,CPI
1970-02-06,ISM_Manufacturing
1970-02-06,NFP
1970-02-13,GDP
1970-02-19,CPI
1970-03-06,NFP
1970-03-06,ISM_Manufacturing
1970-03-20,CPI
1970-04-10,NFP
1970-04-10,ISM_Manufacturing
1970-04-17,GDP
1970-04-22,CPI
1970-05-08,NFP
1970-05-08,ISM_Manufacturing
1970-05-15,GDP
1970-05-20,CPI
1970-06-05,ISM_Manufacturing
1970-06-05,NFP
1970-06-18,CPI
1970-07-02,NFP
1970-07-02,ISM_Manufacturing
1970-07-17,GDP
1970-07-21,CPI
1970-08-07,NFP
1970-08-07,ISM_Manufacturing
1970-08-14,GDP
1970-08-21,CPI
1970-09-04,ISM_Manufacturing
1970-09-04,NFP
1970-09-19,CPI
1970-10-02,NFP
1970-10-02,ISM_Manufacturing
1970-10-15,GDP
1970-10-21,CPI
1970-11-06,NFP
1970-11-06,ISM_Manufacturing
1970-11-13,GDP
1970-11-20,CPI
1970-12-04,NFP
1970-12-04,ISM_Manufacturing
1970-12-23,CPI
1971-01-08,NFP
1971-01-08,ISM_Manufacturing
1971-01-18,GDP
1971-01-29,CPI
1971-02-05,ISM_Manufacturing
1971-02-05,NFP
1971-02-12,GDP
1971-02-19,CPI
1971-03-05,NFP
1971-03-05,ISM_Manufacturing
1971-03-19,CPI
1971-04-02,NFP
1971-04-02,ISM_Manufacturing
1971-04-15,GDP
1971-04-22,CPI
1971-05-07,ISM_Manufacturing
1971-05-07,NFP
1971-05-13,GDP
1971-05-21,CPI
1971-06-04,ISM_Manufacturing
1971-06-04,NFP
1971-06-22,CPI
1971-07-02,NFP
1971-07-02,ISM_Manufacturing
1971-07-16,GDP
1971-07-22,CPI
1971-08-06,NFP
1971-08-06,ISM_Manufacturing
1971-08-20,GDP
1971-08-20,CPI
1971-09-03,ISM_Manufacturing
1971-09-03,NFP
1971-09-22,CPI
1971-09-26,GDP
1971-10-08,ISM_Manufacturing
1971-10-08,NFP
1971-10-22,CPI
1971-10-22,GDP
1971-11-05,NFP
1971-11-05,ISM_Manufacturing
1971-11-18,GDP
1971-11-19,CPI
1971-12-03,ISM_Manufacturing
1971-12-03,NFP
1971-12-22,CPI
1972-01-07,ISM_Manufacturing
1972-01-07,NFP
1972-01-14,GDP
1972-01-21,GDP
1972-01-21,CPI
1972-02-04,ISM_Manufacturing
1972-02-04,NFP
1972-02-18,GDP
1972-02-23,CPI
1972-03-03,NFP
1972-03-03,ISM_Manufacturing
1972-03-22,CPI
1972-04-07,ISM_Manufacturing
1972-04-07,NFP
1972-04-19,GDP
1972-04-21,CPI
1972-05-05,ISM_Manufacturing
1972-05-05,NFP
1972-05-18,GDP
1972-05-19,CPI
1972-06-02,ISM_Manufacturing
1972-06-02,NFP
1972-06-21,CPI
1972-07-07,ISM_Manufacturing
1972-07-07,NFP
1972-07-21,CPI
1972-07-21,GDP
1972-08-04,NFP
1972-08-04,ISM_Manufacturing
1972-08-18,GDP
1972-08-22,CPI
1972-09-01,ISM_Manufacturing
1972-09-01,NFP
1972-09-22,CPI
1972-10-06,NFP
1972-10-06,ISM_Manufacturing
1972-10-19,GDP
1972-10-20,CPI
1972-11-03,NFP
1972-11-03,ISM_Manufacturing
1972-11-17,GDP
1972-11-21,CPI
1972-12-08,NFP
1972-12-08,ISM_Manufacturing
1972-12-22,CPI
1973-01-05,NFP
1973-01-05,ISM_Manufacturing
1973-01-19,GDP
1973-01-23,CPI
1973-02-02,ISM_Manufacturing
1973-02-02,NFP
1973-02-20,GDP
1973-02-22,CPI
1973-03-09,ISM_Manufacturing
1973-03-09,NFP
1973-03-21,CPI
1973-04-06,NFP
1973-04-06,ISM_Manufacturing
1973-04-19,GDP
1973-04-20,CPI
1973-05-04,ISM_Manufacturing
1973-05-04,NFP
1973-05-17,GDP
1973-05-22,CPI
1973-06-01,ISM_Manufacturing
1973-06-01,NFP
1973-06-21,CPI
1973-07-06,NFP
1973-07-06,ISM_Manufacturing
1973-07-19,GDP
1973-07-20,CPI
1973-08-03,NFP
1973-08-03,ISM_Manufacturing
1973-08-17,GDP
1973-08-21,CPI
1973-09-07,ISM_Manufacturing
1973-09-07,NFP
1973-09-21,CPI
1973-10-05,NFP
1973-10-05,ISM_Manufacturing
1973-10-18,GDP
1973-10-19,CPI
1973-11-02,ISM_Manufacturing
1973-11-02,NFP
1973-11-16,GDP
1973-11-21,CPI
1973-12-07,NFP
1973-12-07,ISM_Manufacturing
1973-12-21,CPI
1974-01-04,ISM_Manufacturing
1974-01-04,NFP
1974-01-17,GDP
1974-01-22,CPI
1974-02-01,ISM_Manufacturing
1974-02-01,NFP
1974-02-20,GDP
1974-02-22,CPI
1974-03-08,ISM_Manufacturing
1974-03-08,NFP
1974-03-21,CPI
1974-04-05,ISM_Manufacturing
1974-04-05,NFP
1974-04-18,GDP
1974-04-19,CPI
1974-05-03,NFP
1974-05-03,ISM_Manufacturing
1974-05-17,GDP
1974-05-21,CPI
1974-06-07,NFP
1974-06-07,ISM_Manufacturing
1974-06-21,CPI
1974-07-05,NFP
1974-07-05,ISM_Manufacturing
1974-07-18,GDP
1974-07-19,CPI
1974-08-02,NFP
1974-08-02,ISM_Manufacturing
1974-08-21,CPI
1974-08-22,GDP
1974-09-06,ISM_Manufacturing
1974-09-06,NFP
1974-09-19,GDP
1974-09-20,CPI
1974-10-04,NFP
1974-10-04,ISM_Manufacturing
1974-10-17,GDP
1974-10-22,CPI
1974-11-01,NFP
1974-11-01,ISM_Manufacturing
1974-11-15,GDP
1974-11-21,CPI
1974-12-06,NFP
1974-12-06,ISM_Manufacturing
1974-12-19,GDP
1974-12-20,CPI
1975-01-03,ISM_Manufacturing
1975-01-03,NFP
1975-01-16,GDP
1975-01-21,CPI
1975-02-07,ISM_Manufacturing
1975-02-07,NFP
1975-02-20,GDP
1975-02-21,CPI
1975-03-07,ISM_Manufacturing
1975-03-07,NFP
1975-03-20,GDP
1975-03-20,CPI
1975-04-04,ISM_Manufacturing
1975-04-04,NFP
1975-04-16,GDP
1975-04-22,CPI
1975-05-02,ISM_Manufacturing
1975-05-02,NFP
1975-05-20,GDP
1975-05-21,CPI
1975-06-06,NFP
1975-06-06,ISM_Manufacturing
1975-06-19,GDP
1975-06-20,CPI
1975-07-03,ISM_Manufacturing
1975-07-03,NFP
1975-07-17,GDP
1975-07-22,CPI
1975-08-01,ISM_Manufacturing
1975-08-01,NFP
1975-08-21,GDP
1975-08-21,CPI
1975-09-05,NFP
1975-09-05,ISM_Manufacturing
1975-09-18,GDP
1975-09-19,CPI
1975-10-03,ISM_Manufacturing
1975-10-03,NFP
1975-10-20,GDP
1975-10-22,CPI
1975-11-07,ISM_Manufacturing
1975-11-07,NFP
1975-11-20,CPI
1975-11-20,GDP
1975-12-05,NFP
1975-12-05,ISM_Manufacturing
1975-12-19,GDP
1975-12-19,CPI
1976-01-09,NFP
1976-01-09,ISM_Manufacturing
1976-01-16,GDP
1976-01-20,GDP
1976-01-21,CPI
1976-02-06,NFP
1976-02-06,ISM_Manufacturing
1976-02-19,GDP
1976-02-20,CPI
1976-03-05,NFP
1976-03-05,ISM_Manufacturing
1976-03-19,CPI
1976-03-19,GDP
1976-04-02,NFP
1976-04-02,ISM_Manufacturing
1976-04-19,GDP
1976-04-21,CPI
1976-05-07,ISM_Manufacturing
1976-05-07,NFP
1976-05-20,GDP
1976-05-21,CPI
1976-06-04,NFP
1976-06-04,ISM_Manufacturing
1976-06-19,GDP
1976-06-22,CPI
1976-07-02,ISM_Manufacturing
1976-07-02,NFP
1976-07-20,GDP
1976-07-21,CPI
1976-08-06,ISM_Manufacturing
1976-08-06,NFP
1976-08-19,GDP
1976-08-20,CPI
1976-09-03,NFP
1976-09-03,ISM_Manufacturing
1976-09-20,GDP
1976-09-21,CPI
1976-10-08,ISM_Manufacturing
1976-10-08,NFP
1976-10-19,GDP
1976-10-21,CPI
1976-11-05,ISM_Manufacturing
1976-11-05,NFP
1976-11-18,GDP
1976-11-19,CPI
1976-12-03,ISM_Manufacturing
1976-12-03,NFP
1976-12-20,GDP
1976-12-21,CPI
1977-01-12,ISM_Manufacturing
1977-01-12,NFP
1977-01-18,GDP
1977-01-19,CPI
1977-02-04,ISM_Manufacturing
1977-02-04,NFP
1977-02-18,CPI
1977-02-18,GDP
1977-03-04,NFP
1977-03-04,ISM_Manufacturing
1977-03-18,CPI
1977-03-21,GDP
1977-04-01,NFP
1977-04-01,ISM_Manufacturing
1977-04-20,GDP
1977-04-21,CPI
1977-05-06,ISM_Manufacturing
1977-05-06,NFP
1977-05-19,GDP
1977-05-20,CPI
1977-06-03,ISM_Manufacturing
1977-06-03,NFP
1977-06-20,GDP
1977-06-21,CPI
1977-07-08,ISM_Manufacturing
1977-07-08,NFP
1977-07-21,CPI
1977-07-21,GDP
1977-08-05,NFP
1977-08-05,ISM_Manufacturing
1977-08-19,CPI
1977-08-19,GDP
1977-09-02,NFP
1977-09-02,ISM_Manufacturing
1977-09-19,GDP
1977-09-21,CPI
1977-10-07,NFP
1977-10-07,ISM_Manufacturing
1977-10-19,GDP
1977-10-21,CPI
1977-11-04,ISM_Manufacturing
1977-11-04,NFP
1977-11-17,GDP
1977-11-22,CPI
1977-12-02,ISM_Manufacturing
1977-12-02,NFP
1977-12-20,GDP
1977-12-21,CPI
1978-01-11,NFP
1978-01-11,ISM_Manufacturing
1978-01-19,GDP
1978-01-20,CPI
1978-02-03,NFP
1978-02-03,ISM_Manufacturing
1978-02-10,PPI
1978-02-21,GDP
1978-02-27,CPI
1978-03-09,PPI
1978-03-10,ISM_Manufacturing
1978-03-10,NFP
1978-03-20,GDP
1978-03-28,CPI
1978-04-06,PPI
1978-04-07,ISM_Manufacturing
1978-04-07,NFP
1978-04-19,GDP
1978-04-28,CPI
1978-05-04,PPI
1978-05-05,NFP
1978-05-05,ISM_Manufacturing
1978-05-18,GDP
1978-05-31,CPI
1978-06-02,NFP
1978-06-02,PPI
1978-06-02,ISM_Manufacturing
1978-06-20,GDP
1978-06-30,CPI
1978-07-07,NFP
1978-07-07,ISM_Manufacturing
1978-07-07,PPI
1978-07-21,GDP
1978-07-28,CPI
1978-08-04,ISM_Manufacturing
1978-08-04,NFP
1978-08-10,PPI
1978-08-18,GDP
1978-08-29,CPI
1978-09-01,ISM_Manufacturing
1978-09-01,NFP
1978-09-08,PPI
1978-09-20,GDP
1978-09-26,CPI
1978-10-05,PPI
1978-10-06,ISM_Manufacturing
1978-10-06,NFP
1978-10-20,GDP
1978-10-26,CPI
1978-11-02,PPI
1978-11-03,NFP
1978-11-03,ISM_Manufacturing
1978-11-21,GDP
1978-11-28,CPI
1978-12-07,PPI
1978-12-08,NFP
1978-12-08,ISM_Manufacturing
1978-12-20,GDP
1978-12-22,CPI
1979-01-11,PPI
1979-01-12,NFP
1979-01-12,ISM_Manufacturing
1979-01-18,GDP
1979-01-24,CPI
1979-02-02,ISM_Manufacturing
1979-02-02,NFP
1979-02-09,PPI
1979-02-22,GDP
1979-02-23,CPI
1979-03-08,PPI
1979-03-09,NFP
1979-03-09,ISM_Manufacturing
1979-03-20,GDP
1979-03-23,CPI
1979-04-05,PPI
1979-04-06,ISM_Manufacturing
1979-04-06,NFP
1979-04-19,GDP
1979-04-26,CPI
1979-05-03,PPI
1979-05-04,ISM_Manufacturing
1979-05-04,NFP
1979-05-18,GDP
1979-05-25,CPI
1979-06-01,ISM_Manufacturing
1979-06-01,NFP
1979-06-07,PPI
1979-06-20,GDP
1979-06-26,CPI
1979-07-06,NFP
1979-07-06,PPI
1979-07-06,ISM_Manufacturing
1979-07-20,GDP
1979-07-26,CPI
1979-08-03,NFP
1979-08-03,ISM_Manufacturing
1979-08-09,PPI
1979-08-17,GDP
1979-08-24,CPI
1979-09-07,NFP
1979-09-07,PPI
1979-09-07,ISM_Manufacturing
1979-09-19,GDP
1979-09-25,CPI
1979-10-04,PPI
1979-10-05,ISM_Manufacturing
1979-10-05,NFP
1979-10-16,GDP
1979-10-26,CPI
1979-11-01,PPI
1979-11-02,NFP
1979-11-02,ISM_Manufacturing
1979-11-20,GDP
1979-11-27,CPI
1979-12-06,PPI
1979-12-07,NFP
1979-12-07,ISM_Manufacturing
1979-12-19,GDP
1979-12-21,CPI
1980-01-11,ISM_Manufacturing
1980-01-11,PPI
1980-01-11,NFP
1980-01-18,GDP
1980-01-25,CPI
1980-02-01,ISM_Manufacturing
1980-02-01,NFP
1980-02-15,PPI
1980-02-22,GDP
1980-02-22,CPI
1980-03-07,PPI
1980-03-07,NFP
1980-03-07,ISM_Manufacturing
1980-03-19,GDP
1980-03-25,CPI
1980-04-04,NFP
1980-04-04,ISM_Manufacturing
1980-04-04,PPI
1980-04-18,GDP
1980-04-22,CPI
1980-05-02,ISM_Manufacturing
1980-05-02,NFP
1980-05-09,PPI
1980-05-20,GDP
1980-05-23,CPI
1980-06-06,ISM_Manufacturing
1980-06-06,PPI
1980-06-06,NFP
1980-06-18,GDP
1980-06-24,CPI
1980-07-03,ISM_Manufacturing
1980-07-03,NFP
1980-07-08,PPI
1980-07-18,GDP
1980-07-23,CPI
1980-08-01,ISM_Manufacturing
1980-08-01,NFP
1980-08-15,PPI
1980-08-19,GDP
1980-08-22,CPI
1980-09-05,PPI
1980-09-05,ISM_Manufacturing
1980-09-05,NFP
1980-09-19,GDP
1980-09-23,CPI
1980-10-03,ISM_Manufacturing
1980-10-03,PPI
1980-10-03,NFP
1980-10-17,GDP
1980-10-24,CPI
1980-11-07,ISM_Manufacturing
1980-11-07,NFP
1980-11-07,PPI
1980-11-19,GDP
1980-11-25,CPI
1980-12-05,ISM_Manufacturing
1980-12-05,PPI
1980-12-05,NFP
1980-12-23,CPI
1980-12-23,GDP
1981-01-09,NFP
1981-01-09,PPI
1981-01-09,ISM_Manufacturing
1981-01-21,GDP
1981-01-23,CPI
1981-02-06,NFP
1981-02-06,ISM_Manufacturing
1981-02-13,PPI
1981-02-19,GDP
1981-02-25,CPI
1981-03-06,ISM_Manufacturing
1981-03-06,NFP
1981-03-06,PPI
1981-03-18,GDP
1981-03-24,CPI
1981-04-03,NFP
1981-04-03,ISM_Manufacturing
1981-04-03,PPI
1981-04-20,GDP
1981-04-23,CPI
1981-05-08,PPI
1981-05-08,ISM_Manufacturing
1981-05-08,NFP
1981-05-19,GDP
1981-05-22,CPI
1981-06-05,ISM_Manufacturing
1981-06-05,PPI
1981-06-05,NFP
1981-06-18,GDP
1981-06-23,CPI
1981-07-02,NFP
1981-07-02,ISM_Manufacturing
1981-07-07,PPI
1981-07-22,GDP
1981-07-23,CPI
1981-08-07,NFP
1981-08-07,ISM_Manufacturing
1981-08-14,PPI
1981-08-19,GDP
1981-08-25,CPI
1981-09-04,ISM_Manufacturing
1981-09-04,NFP
1981-09-04,PPI
1981-09-18,GDP
1981-09-24,CPI
1981-10-02,NFP
1981-10-02,ISM_Manufacturing
1981-10-09,PPI
1981-10-20,GDP
1981-10-23,CPI
1981-11-06,ISM_Manufacturing
1981-11-06,NFP
1981-11-10,PPI
1981-11-19,GDP
1981-11-24,CPI
1981-12-04,ISM_Manufacturing
1981-12-04,NFP
1981-12-09,PPI
1981-12-18,GDP
1981-12-22,CPI
1982-01-08,ISM_Manufacturing
1982-01-08,NFP
1982-01-15,PPI
1982-01-20,GDP
1982-01-22,CPI
1982-02-05,ISM_Manufacturing
1982-02-05,NFP
1982-02-12,PPI
1982-02-22,GDP
1982-02-25,CPI
1982-03-05,ISM_Manufacturing
1982-03-05,NFP
1982-03-12,PPI
1982-03-19,GDP
1982-03-23,CPI
1982-04-02,NFP
1982-04-02,ISM_Manufacturing
1982-04-09,PPI
1982-04-21,GDP
1982-04-23,CPI
1982-05-07,NFP
1982-05-07,ISM_Manufacturing
1982-05-14,PPI
1982-05-19,GDP
1982-05-21,CPI
1982-06-04,NFP
1982-06-04,ISM_Manufacturing
1982-06-11,PPI
1982-06-21,GDP
1982-06-22,CPI
1982-07-02,ISM_Manufacturing
1982-07-02,NFP
1982-07-16,PPI
1982-07-21,GDP
1982-07-23,CPI
1982-08-06,ISM_Manufacturing
1982-08-06,NFP
1982-08-13,PPI
1982-08-19,GDP
1982-08-24,CPI
1982-09-03,ISM_Manufacturing
1982-09-03,NFP
1982-09-10,PPI
1982-09-21,GDP
1982-09-23,CPI
1982-10-08,ISM_Manufacturing
1982-10-08,NFP
1982-10-15,PPI
1982-10-20,GDP
1982-10-26,CPI
1982-11-05,NFP
1982-11-05,ISM_Manufacturing
1982-11-16,PPI
1982-11-19,GDP
1982-11-23,CPI
1982-12-03,ISM_Manufacturing
1982-12-03,NFP
1982-12-10,PPI
1982-12-21,CPI
1982-12-21,GDP
1983-01-07,ISM_Manufacturing
1983-01-07,NFP
1983-01-14,PPI
1983-01-19,GDP
1983-01-21,CPI
1983-02-04,NFP
1983-02-04,ISM_Manufacturing
1983-02-11,PPI
1983-02-22,GDP
1983-02-25,CPI
1983-03-04,NFP
1983-03-04,ISM_Manufacturing
1983-03-18,PPI
1983-03-21,GDP
1983-03-23,CPI
1983-04-01,NFP
1983-04-01,ISM_Manufacturing
1983-04-15,PPI
1983-04-20,GDP
1983-04-22,CPI
1983-05-06,NFP
1983-05-06,ISM_Manufacturing
1983-05-13,PPI
1983-05-19,GDP
1983-05-24,CPI
1983-06-03,NFP
1983-06-03,ISM_Manufacturing
1983-06-10,PPI
1983-06-21,GDP
1983-06-22,CPI
1983-07-08,NFP
1983-07-08,ISM_Manufacturing
1983-07-15,PPI
1983-07-21,GDP
1983-07-22,CPI
1983-08-05,NFP
1983-08-05,ISM_Manufacturing
1983-08-12,PPI
1983-08-19,GDP
1983-08-23,CPI
1983-09-02,NFP
1983-09-02,ISM_Manufacturing
1983-09-09,PPI
1983-09-21,GDP
1983-09-23,CPI
1983-10-07,ISM_Manufacturing
1983-10-07,NFP
1983-10-14,PPI
1983-10-20,GDP
1983-10-25,CPI
1983-11-04,ISM_Manufacturing
1983-11-04,NFP
1983-11-10,PPI
1983-11-22,GDP
1983-11-23,CPI
1983-12-02,ISM_Manufacturing
1983-12-02,NFP
1983-12-16,PPI
1983-12-21,GDP
1983-12-21,CPI
1984-01-06,NFP
1984-01-06,ISM_Manufacturing
1984-01-13,PPI
1984-01-20,GDP
1984-01-24,CPI
1984-02-03,NFP
1984-02-03,ISM_Manufacturing
1984-02-10,PPI
1984-02-17,GDP
1984-02-24,CPI
1984-03-09,NFP
1984-03-09,ISM_Manufacturing
1984-03-16,PPI
1984-03-20,GDP
1984-03-23,CPI
1984-04-06,NFP
1984-04-06,ISM_Manufacturing
1984-04-13,PPI
1984-04-19,GDP
1984-04-24,CPI
1984-05-04,ISM_Manufacturing
1984-05-04,NFP
1984-05-11,PPI
1984-05-18,GDP
1984-05-22,CPI
1984-06-01,ISM_Manufacturing
1984-06-01,NFP
1984-06-15,PPI
1984-06-20,GDP
1984-06-22,CPI
1984-07-06,ISM_Manufacturing
1984-07-06,NFP
1984-07-13,PPI
1984-07-23,GDP
1984-07-24,CPI
1984-08-03,ISM_Manufacturing
1984-08-03,NFP
1984-08-10,PPI
1984-08-20,GDP
1984-08-22,CPI
1984-09-07,NFP
1984-09-07,ISM_Manufacturing
1984-09-14,PPI
1984-09-20,GDP
1984-09-21,CPI
1984-10-05,ISM_Manufacturing
1984-10-05,NFP
1984-10-12,PPI
1984-10-19,GDP
1984-10-24,CPI
1984-11-02,ISM_Manufacturing
1984-11-02,NFP
1984-11-09,PPI
1984-11-20,GDP
1984-11-21,CPI
1984-12-07,ISM_Manufacturing
1984-12-07,NFP
1984-12-14,PPI
1984-12-19,GDP
1984-12-20,CPI
1985-01-09,NFP
1985-01-09,ISM_Manufacturing
1985-01-11,PPI
1985-01-22,GDP
1985-01-23,CPI
1985-02-01,NFP
1985-02-01,ISM_Manufacturing
1985-02-15,PPI
1985-02-21,GDP
1985-02-26,CPI
1985-03-08,NFP
1985-03-08,ISM_Manufacturing
1985-03-15,PPI
1985-03-21,GDP
1985-03-22,CPI
1985-04-05,NFP
1985-04-05,ISM_Manufacturing
1985-04-12,PPI
1985-04-18,GDP
1985-04-23,CPI
1985-05-03,NFP
1985-05-03,ISM_Manufacturing
1985-05-10,PPI
1985-05-21,CPI
1985-05-21,GDP
1985-06-07,ISM_Manufacturing
1985-06-07,NFP
1985-06-14,PPI
1985-06-20,GDP
1985-06-20,CPI
1985-07-05,NFP
1985-07-05,ISM_Manufacturing
1985-07-12,PPI
1985-07-18,GDP
1985-07-23,CPI
1985-08-02,NFP
1985-08-02,ISM_Manufacturing
1985-08-12,PPI
1985-08-20,GDP
1985-08-22,CPI
1985-09-06,ISM_Manufacturing
1985-09-06,NFP
1985-09-13,PPI
1985-09-20,GDP
1985-09-24,CPI
1985-10-04,NFP
1985-10-04,ISM_Manufacturing
1985-10-11,PPI
1985-10-17,GDP
1985-10-23,CPI
1985-11-01,NFP
1985-11-01,ISM_Manufacturing
1985-11-15,PPI
1985-11-20,GDP
1985-11-22,CPI
1985-12-06,NFP
1985-12-06,ISM_Manufacturing
1985-12-13,PPI
1985-12-20,CPI
1985-12-20,GDP
1986-01-08,NFP
1986-01-08,ISM_Manufacturing
1986-01-10,PPI
1986-01-22,GDP
1986-01-22,CPI
1986-02-07,NFP
1986-02-07,ISM_Manufacturing
1986-02-15,PPI
1986-02-20,GDP
1986-02-25,CPI
1986-03-07,ISM_Manufacturing
1986-03-07,NFP
1986-03-14,PPI
1986-03-19,GDP
1986-03-25,CPI
1986-04-04,ISM_Manufacturing
1986-04-04,NFP
1986-04-11,PPI
1986-04-17,GDP
1986-04-22,CPI
1986-05-02,ISM_Manufacturing
1986-05-02,NFP
1986-05-16,PPI
1986-05-20,GDP
1986-05-21,CPI
1986-06-06,NFP
1986-06-06,ISM_Manufacturing
1986-06-13,PPI
1986-06-18,GDP
1986-06-20,CPI
1986-07-03,NFP
1986-07-03,ISM_Manufacturing
1986-07-11,PPI
1986-07-22,GDP
1986-07-23,CPI
1986-08-01,NFP
1986-08-01,ISM_Manufacturing
1986-08-15,PPI
1986-08-19,GDP
1986-08-21,CPI
1986-09-05,ISM_Manufacturing
1986-09-05,NFP
1986-09-12,PPI
1986-09-18,GDP
1986-09-23,CPI
1986-10-03,NFP
1986-10-03,ISM_Manufacturing
1986-10-10,PPI
1986-10-22,GDP
1986-10-23,CPI
1986-11-07,NFP
1986-11-07,ISM_Manufacturing
1986-11-14,PPI
1986-11-19,GDP
1986-11-25,CPI
1986-12-05,NFP
1986-12-05,ISM_Manufacturing
1986-12-12,PPI
1986-12-17,GDP
1986-12-19,CPI
1987-01-09,ISM_Manufacturing
1987-01-09,PPI
1987-01-09,NFP
1987-01-21,CPI
1987-01-22,GDP
1987-02-06,ISM_Manufacturing
1987-02-06,NFP
1987-02-13,PPI
1987-02-19,GDP
1987-02-27,CPI
1987-03-06,ISM_Manufacturing
1987-03-06,NFP
1987-03-13,PPI
1987-03-18,GDP
1987-03-27,CPI
1987-04-03,ISM_Manufacturing
1987-04-03,NFP
1987-04-15,PPI
1987-04-23,GDP
1987-04-24,CPI
1987-05-08,ISM_Manufacturing
1987-05-08,NFP
1987-05-15,PPI
1987-05-22,GDP
1987-05-22,CPI
1987-06-05,NFP
1987-06-05,ISM_Manufacturing
1987-06-12,PPI
1987-06-17,GDP
1987-06-23,CPI
1987-07-02,ISM_Manufacturing
1987-07-02,NFP
1987-07-10,PPI
1987-07-22,CPI
1987-07-24,GDP
1987-08-07,ISM_Manufacturing
1987-08-07,NFP
1987-08-14,PPI
1987-08-21,GDP
1987-08-21,CPI
1987-09-04,ISM_Manufacturing
1987-09-04,NFP
1987-09-11,PPI
1987-09-18,GDP
1987-09-23,CPI
1987-10-02,NFP
1987-10-02,ISM_Manufacturing
1987-10-16,PPI
1987-10-23,GDP
1987-10-23,CPI
1987-11-06,ISM_Manufacturing
1987-11-06,NFP
1987-11-13,PPI
1987-11-20,CPI
1987-11-24,GDP
1987-12-04,NFP
1987-12-04,ISM_Manufacturing
1987-12-11,PPI
1987-12-17,GDP
1987-12-18,CPI
1988-01-08,ISM_Manufacturing
1988-01-08,NFP
1988-01-15,PPI
1988-01-20,CPI
1988-01-27,GDP
1988-02-05,NFP
1988-02-05,ISM_Manufacturing
1988-02-12,PPI
1988-02-25,GDP
1988-02-26,CPI
1988-03-04,ISM_Manufacturing
1988-03-04,NFP
1988-03-17,PPI
1988-03-23,CPI
1988-03-23,GDP
1988-04-01,ISM_Manufacturing
1988-04-01,NFP
1988-04-14,PPI
1988-04-20,CPI
1988-04-26,GDP
1988-05-06,ISM_Manufacturing
1988-05-06,NFP
1988-05-13,PPI
1988-05-20,CPI
1988-05-26,GDP
1988-06-03,NFP
1988-06-03,ISM_Manufacturing
1988-06-10,PPI
1988-06-21,CPI
1988-06-23,GDP
1988-07-08,ISM_Manufacturing
1988-07-08,NFP
1988-07-15,PPI
1988-07-22,CPI
1988-07-27,GDP
1988-08-05,ISM_Manufacturing
1988-08-05,NFP
1988-08-12,PPI
1988-08-23,CPI
1988-08-25,GDP
1988-09-02,NFP
1988-09-02,ISM_Manufacturing
1988-09-09,PPI
1988-09-20,GDP
1988-09-21,CPI
1988-10-07,ISM_Manufacturing
1988-10-07,NFP
1988-10-14,PPI
1988-10-21,CPI
1988-10-26,GDP
1988-11-04,NFP
1988-11-04,ISM_Manufacturing
1988-11-10,PPI
1988-11-22,CPI
1988-11-29,GDP
1988-12-02,NFP
1988-12-02,ISM_Manufacturing
1988-12-16,PPI
1988-12-20,GDP
1988-12-20,CPI
1989-01-06,ISM_Manufacturing
1989-01-06,NFP
1989-01-13,PPI
1989-01-19,CPI
1989-01-27,GDP
1989-02-03,ISM_Manufacturing
1989-02-03,NFP
1989-02-12,PPI
1989-02-22,CPI
1989-02-28,GDP
1989-03-10,ISM_Manufacturing
1989-03-10,NFP
1989-03-17,PPI
1989-03-21,CPI
1989-03-23,GDP
1989-04-07,NFP
1989-04-07,ISM_Manufacturing
1989-04-14,PPI
1989-04-18,CPI
1989-04-26,GDP
1989-05-05,ISM_Manufacturing
1989-05-05,NFP
1989-05-12,PPI
1989-05-18,CPI
1989-05-25,GDP
1989-06-02,ISM_Manufacturing
1989-06-02,NFP
1989-06-09,PPI
1989-06-16,CPI
1989-06-22,GDP
1989-07-07,ISM_Manufacturing
1989-07-07,NFP
1989-07-14,PPI
1989-07-19,CPI
1989-07-27,GDP
1989-08-04,ISM_Manufacturing
1989-08-04,NFP
1989-08-11,PPI
1989-08-18,CPI
1989-08-29,GDP
1989-09-01,NFP
1989-09-01,ISM_Manufacturing
1989-09-15,PPI
1989-09-19,CPI
1989-09-21,GDP
1989-10-06,NFP
1989-10-06,ISM_Manufacturing
1989-10-13,PPI
1989-10-19,CPI
1989-10-26,GDP
1989-11-03,ISM_Manufacturing
1989-11-03,NFP
1989-11-09,PPI
1989-11-21,CPI
1989-11-29,GDP
1989-12-08,ISM_Manufacturing
1989-12-08,NFP
1989-12-15,PPI
1989-12-19,CPI
1989-12-20,GDP
1990-01-05,NFP
1990-01-05,ISM_Manufacturing
1990-01-12,PPI
1990-01-18,CPI
1990-01-26,GDP
1990-02-02,ISM_Manufacturing
1990-02-02,NFP
1990-02-09,PPI
1990-02-21,CPI
1990-02-28,GDP
1990-03-09,NFP
1990-03-09,ISM_Manufacturing
1990-03-16,PPI
1990-03-20,CPI
1990-03-28,GDP
1990-04-06,NFP
1990-04-06,ISM_Manufacturing
1990-04-13,PPI
1990-04-17,CPI
1990-04-27,GDP
1990-05-04,NFP
1990-05-04,ISM_Manufacturing
1990-05-11,PPI
1990-05-16,CPI
1990-05-24,GDP
1990-06-01,ISM_Manufacturing
1990-06-01,NFP
1990-06-14,PPI
1990-06-15,CPI
1990-06-21,GDP
1990-07-06,ISM_Manufacturing
1990-07-06,NFP
1990-07-13,PPI
1990-07-18,CPI
1990-07-27,GDP
1990-08-03,ISM_Manufacturing
1990-08-03,NFP
1990-08-10,PPI
1990-08-16,CPI
1990-08-24,GDP
1990-09-07,NFP
1990-09-07,ISM_Manufacturing
1990-09-14,PPI
1990-09-18,CPI
1990-09-25,GDP
1990-10-05,ISM_Manufacturing
1990-10-05,NFP
1990-10-12,PPI
1990-10-18,CPI
1990-10-30,GDP
1990-11-02,NFP
1990-11-02,ISM_Manufacturing
1990-11-09,PPI
1990-11-16,CPI
1990-11-28,GDP
1990-12-07,ISM_Manufacturing
1990-12-07,NFP
1990-12-14,PPI
1990-12-18,CPI
1990-12-19,GDP
1991-01-04,ISM_Manufacturing
1991-01-04,NFP
1991-01-11,PPI
1991-01-16,CPI
1991-01-25,GDP
1991-02-01,ISM_Manufacturing
1991-02-01,NFP
1991-02-15,PPI
1991-02-20,CPI
1991-02-27,GDP
1991-03-08,ISM_Manufacturing
1991-03-08,NFP
1991-03-15,PPI
1991-03-19,CPI
1991-03-27,GDP
1991-04-05,ISM_Manufacturing
1991-04-05,NFP
1991-04-11,PPI
1991-04-12,CPI
1991-04-26,GDP
1991-05-03,NFP
1991-05-03,ISM_Manufacturing
1991-05-10,PPI
1991-05-14,CPI
1991-05-29,GDP
1991-06-07,NFP
1991-06-07,ISM_Manufacturing
1991-06-13,PPI
1991-06-14,CPI
1991-06-26,GDP
1991-07-05,NFP
1991-07-05,ISM_Manufacturing
1991-07-12,PPI
1991-07-17,CPI
1991-07-26,GDP
1991-08-02,NFP
1991-08-02,ISM_Manufacturing
1991-08-09,PPI
1991-08-14,CPI
1991-08-28,GDP
1991-09-06,NFP
1991-09-06,ISM_Manufacturing
1991-09-12,PPI
1991-09-13,CPI
1991-09-26,GDP
1991-10-04,NFP
1991-10-04,ISM_Manufacturing
1991-10-11,PPI
1991-10-17,CPI
1991-10-29,GDP
1991-11-01,NFP
1991-11-01,ISM_Manufacturing
1991-11-13,PPI
1991-11-14,CPI
1991-12-04,GDP
1991-12-06,ISM_Manufacturing
1991-12-06,NFP
1991-12-12,PPI
1991-12-13,CPI
1991-12-20,GDP
1992-01-09,PPI
1992-01-10,ISM_Manufacturing
1992-01-10,NFP
1992-01-16,CPI
1992-01-29,GDP
1992-02-07,ISM_Manufacturing
1992-02-07,NFP
1992-02-14,PPI
1992-02-19,CPI
1992-02-28,GDP
1992-03-06,ISM_Manufacturing
1992-03-06,NFP
1992-03-13,PPI
1992-03-17,CPI
1992-03-26,GDP
1992-04-03,ISM_Manufacturing
1992-04-03,NFP
1992-04-09,PPI
1992-04-10,CPI
1992-04-28,GDP
1992-05-08,NFP
1992-05-08,ISM_Manufacturing
1992-05-12,PPI
1992-05-13,CPI
1992-05-29,GDP
1992-06-05,NFP
1992-06-05,ISM_Manufacturing
1992-06-11,PPI
1992-06-12,CPI
1992-06-25,GDP
1992-07-02,ISM_Manufacturing
1992-07-02,NFP
1992-07-10,PPI
1992-07-14,CPI
1992-07-30,GDP
1992-08-07,NFP
1992-08-07,ISM_Manufacturing
1992-08-12,PPI
1992-08-13,CPI
1992-08-27,GDP
1992-09-04,NFP
1992-09-04,ISM_Manufacturing
1992-09-11,PPI
1992-09-15,CPI
1992-09-24,GDP
1992-10-02,NFP
1992-10-02,ISM_Manufacturing
1992-10-14,PPI
1992-10-15,CPI
1992-10-27,GDP
1992-11-06,ISM_Manufacturing
1992-11-06,NFP
1992-11-10,PPI
1992-11-13,CPI
1992-11-25,GDP
1992-12-04,NFP
1992-12-04,ISM_Manufacturing
1992-12-10,PPI
1992-12-13,CPI
1992-12-22,GDP
1993-01-08,ISM_Manufacturing
1993-01-08,NFP
1993-01-14,PPI
1993-01-15,CPI
1993-01-28,GDP
1993-02-05,ISM_Manufacturing
1993-02-05,NFP
1993-02-12,PPI
1993-02-18,CPI
1993-02-26,GDP
1993-03-05,NFP
1993-03-05,ISM_Manufacturing
1993-03-12,PPI
1993-03-17,CPI
1993-03-26,GDP
1993-04-02,NFP
1993-04-02,ISM_Manufacturing
1993-04-08,PPI
1993-04-09,CPI
1993-04-29,GDP
1993-05-07,NFP
1993-05-07,ISM_Manufacturing
1993-05-12,PPI
1993-05-13,CPI
1993-05-28,GDP
1993-06-04,ISM_Manufacturing
1993-06-04,NFP
1993-06-11,PPI
1993-06-15,CPI
1993-06-23,GDP
1993-07-02,ISM_Manufacturing
1993-07-02,NFP
1993-07-13,PPI
1993-07-14,CPI
1993-07-29,GDP
1993-08-06,NFP
1993-08-06,ISM_Manufacturing
1993-08-12,PPI
1993-08-13,CPI
1993-08-31,GDP
1993-09-03,ISM_Manufacturing
1993-09-03,NFP
1993-09-10,PPI
1993-09-14,CPI
1993-09-29,GDP
1993-10-08,NFP
1993-10-08,ISM_Manufacturing
1993-10-14,PPI
1993-10-15,CPI
1993-10-28,GDP
1993-11-05,NFP
1993-11-05,ISM_Manufacturing
1993-11-09,PPI
1993-11-10,CPI
1993-12-01,GDP
1993-12-03,NFP
1993-12-03,ISM_Manufacturing
1993-12-09,PPI
1993-12-10,CPI
1993-12-22,GDP
1994-01-07,NFP
1994-01-07,ISM_Manufacturing
1994-01-12,PPI
1994-01-13,CPI
1994-01-28,GDP
1994-02-04,ISM_Manufacturing
1994-02-04,NFP
1994-02-11,PPI
1994-02-17,CPI
1994-03-01,GDP
1994-03-04,NFP
1994-03-04,ISM_Manufacturing
1994-03-15,PPI
1994-03-16,CPI
1994-03-31,GDP
1994-04-01,ISM_Manufacturing
1994-04-01,NFP
1994-04-12,PPI
1994-04-13,CPI
1994-04-28,GDP
1994-05-06,NFP
1994-05-06,ISM_Manufacturing
1994-05-12,PPI
1994-05-13,CPI
1994-05-27,GDP
1994-06-03,NFP
1994-06-03,ISM_Manufacturing
1994-06-10,PPI
1994-06-14,CPI
1994-06-29,GDP
1994-07-08,ISM_Manufacturing
1994-07-08,NFP
1994-07-12,PPI
1994-07-13,CPI
1994-07-29,GDP
1994-08-05,NFP
1994-08-05,ISM_Manufacturing
1994-08-11,PPI
1994-08-12,CPI
1994-08-26,GDP
1994-09-02,NFP
1994-09-02,ISM_Manufacturing
1994-09-09,PPI
1994-09-13,CPI
1994-09-29,GDP
1994-10-07,ISM_Manufacturing
1994-10-07,NFP
1994-10-13,PPI
1994-10-14,CPI
1994-10-28,GDP
1994-11-04,ISM_Manufacturing
1994-11-04,NFP
1994-11-10,PPI
1994-11-16,CPI
1994-11-30,GDP
1994-12-02,NFP
1994-12-02,ISM_Manufacturing
1994-12-13,PPI
1994-12-14,CPI
1994-12-22,GDP
1995-01-06,ISM_Manufacturing
1995-01-06,NFP
1995-01-10,PPI
1995-01-11,CPI
1995-01-27,GDP
1995-02-03,NFP
1995-02-03,ISM_Manufacturing
1995-02-10,PPI
1995-02-15,CPI
1995-03-01,GDP
1995-03-10,NFP
1995-03-10,ISM_Manufacturing
1995-03-15,PPI
1995-03-16,CPI
1995-03-31,GDP
1995-04-07,NFP
1995-04-07,ISM_Manufacturing
1995-04-11,PPI
1995-04-12,CPI
1995-04-28,GDP
1995-05-05,NFP
1995-05-05,ISM_Manufacturing
1995-05-11,PPI
1995-05-12,CPI
1995-05-31,GDP
1995-06-02,NFP
1995-06-02,ISM_Manufacturing
1995-06-09,PPI
1995-06-13,CPI
1995-06-30,GDP
1995-07-07,ISM_Manufacturing
1995-07-07,NFP
1995-07-13,PPI
1995-07-14,CPI
1995-07-28,GDP
1995-08-04,NFP
1995-08-04,ISM_Manufacturing
1995-08-10,PPI
1995-08-11,CPI
1995-08-30,GDP
1995-09-01,NFP
1995-09-01,ISM_Manufacturing
1995-09-12,PPI
1995-09-13,CPI
1995-09-29,GDP
1995-10-06,ISM_Manufacturing
1995-10-06,NFP
1995-10-12,PPI
1995-10-13,CPI
1995-10-27,GDP
1995-11-03,ISM_Manufacturing
1995-11-03,NFP
1995-11-09,PPI
1995-11-15,CPI
1995-12-08,NFP
1995-12-08,ISM_Manufacturing
1995-12-12,PPI
1995-12-14,CPI
1996-01-19,NFP
1996-01-19,GDP
1996-01-19,ISM_Manufacturing
1996-01-31,PPI
1996-02-01,CPI
1996-02-02,ISM_Manufacturing
1996-02-02,NFP
1996-02-23,GDP
1996-02-27,PPI
1996-02-28,CPI
1996-03-08,ISM_Manufacturing
1996-03-08,NFP
1996-03-14,PPI
1996-03-15,CPI
1996-04-02,GDP
1996-04-05,NFP
1996-04-05,ISM_Manufacturing
1996-04-11,PPI
1996-04-12,CPI
1996-05-02,GDP
1996-05-03,NFP
1996-05-03,ISM_Manufacturing
1996-05-10,PPI
1996-05-14,CPI
1996-05-30,GDP
1996-06-07,NFP
1996-06-07,ISM_Manufacturing
1996-06-11,PPI
1996-06-12,CPI
1996-06-28,GDP
1996-07-05,ISM_Manufacturing
1996-07-05,NFP
1996-07-12,PPI
1996-07-16,CPI
1996-08-01,GDP
1996-08-02,ISM_Manufacturing
1996-08-02,NFP
1996-08-09,PPI
1996-08-13,CPI
1996-08-29,GDP
1996-09-06,NFP
1996-09-06,ISM_Manufacturing
1996-09-12,PPI
1996-09-13,CPI
1996-09-27,GDP
1996-10-04,NFP
1996-10-04,ISM_Manufacturing
1996-10-11,PPI
1996-10-16,CPI
1996-10-30,GDP
1996-11-01,NFP
1996-11-01,ISM_Manufacturing
1996-11-13,PPI
1996-11-14,CPI
1996-11-27,GDP
1996-12-06,NFP
1996-12-06,ISM_Manufacturing
1996-12-11,PPI
1996-12-12,CPI
1996-12-20,GDP
1997-01-09,PPI
1997-01-10,NFP
1997-01-10,ISM_Manufacturing
1997-01-14,CPI
1997-01-31,GDP
1997-02-07,NFP
1997-02-07,ISM_Manufacturing
1997-02-14,PPI
1997-02-19,CPI
1997-02-28,GDP
1997-03-07,ISM_Manufacturing
1997-03-07,NFP
1997-03-14,PPI
1997-03-19,CPI
1997-03-28,GDP
1997-04-04,ISM_Manufacturing
1997-04-04,NFP
1997-04-11,PPI
1997-04-15,CPI
1997-04-30,GDP
1997-05-02,NFP
1997-05-02,ISM_Manufacturing
1997-05-07,GDP
1997-05-14,PPI
1997-05-15,GDP
1997-05-15,CPI
1997-05-30,GDP
1997-06-06,ISM_Manufacturing
1997-06-06,NFP
1997-06-13,PPI
1997-06-17,CPI
1997-06-27,GDP
1997-07-03,NFP
1997-07-03,ISM_Manufacturing
1997-07-11,PPI
1997-07-16,CPI
1997-07-31,GDP
1997-08-01,NFP
1997-08-01,ISM_Manufacturing
1997-08-13,PPI
1997-08-14,CPI
1997-08-28,GDP
1997-09-05,NFP
1997-09-05,ISM_Manufacturing
1997-09-12,PPI
1997-09-16,CPI
1997-09-26,GDP
1997-10-03,NFP
1997-10-03,ISM_Manufacturing
1997-10-10,PPI
1997-10-16,CPI
1997-10-31,GDP
1997-11-07,NFP
1997-11-07,ISM_Manufacturing
1997-11-14,PPI
1997-11-18,CPI
1997-11-26,GDP
1997-12-05,NFP
1997-12-05,ISM_Manufacturing
1997-12-12,PPI
1997-12-16,CPI
1997-12-23,GDP
1998-01-08,PPI
1998-01-09,NFP
1998-01-09,ISM_Manufacturing
1998-01-13,CPI
1998-01-30,GDP
1998-02-06,ISM_Manufacturing
1998-02-06,NFP
1998-02-18,PPI
1998-02-24,CPI
1998-02-27,GDP
1998-03-06,ISM_Manufacturing
1998-03-06,NFP
1998-03-13,PPI
1998-03-19,CPI
1998-03-26,GDP
1998-04-03,ISM_Manufacturing
1998-04-03,NFP
1998-04-09,PPI
1998-04-14,CPI
1998-04-30,GDP
1998-05-08,ISM_Manufacturing
1998-05-08,NFP
1998-05-13,PPI
1998-05-14,CPI
1998-05-28,GDP
1998-06-05,ISM_Manufacturing
1998-06-05,NFP
1998-06-12,PPI
1998-06-16,CPI
1998-06-25,GDP
1998-07-02,ISM_Manufacturing
1998-07-02,NFP
1998-07-10,PPI
1998-07-14,CPI
1998-07-31,GDP
1998-08-07,ISM_Manufacturing
1998-08-07,NFP
1998-08-14,PPI
1998-08-18,CPI
1998-08-27,GDP
1998-09-04,NFP
1998-09-04,ISM_Manufacturing
1998-09-11,PPI
1998-09-17,CPI
1998-09-24,GDP
1998-10-02,ISM_Manufacturing
1998-10-02,NFP
1998-10-15,PPI
1998-10-16,CPI
1998-10-30,GDP
1998-11-05,ISM_Manufacturing
1998-11-05,NFP
1998-11-13,PPI
1998-11-17,CPI
1998-11-24,GDP
1998-12-04,ISM_Manufacturing
1998-12-04,NFP
1998-12-11,PPI
1998-12-15,CPI
1998-12-23,GDP
1999-01-08,NFP
1999-01-08,ISM_Manufacturing
1999-01-12,PPI
1999-01-14,CPI
1999-01-29,GDP
1999-02-05,NFP
1999-02-05,ISM_Manufacturing
1999-02-18,PPI
1999-02-19,CPI
1999-02-26,GDP
1999-03-05,ISM_Manufacturing
1999-03-05,NFP
1999-03-12,PPI
1999-03-18,CPI
1999-03-31,GDP
1999-04-02,ISM_Manufacturing
1999-04-02,NFP
1999-04-09,PPI
1999-04-13,CPI
1999-04-30,GDP
1999-05-07,ISM_Manufacturing
1999-05-07,NFP
1999-05-13,PPI
1999-05-14,CPI
1999-05-27,GDP
1999-06-04,NFP
1999-06-04,ISM_Manufacturing
1999-06-11,PPI
1999-06-16,CPI
1999-06-25,GDP
1999-07-02,NFP
1999-07-02,ISM_Manufacturing
1999-07-14,PPI
1999-07-15,CPI
1999-07-29,GDP
1999-08-06,ISM_Manufacturing
1999-08-06,NFP
1999-08-13,PPI
1999-08-17,CPI
1999-08-26,GDP
1999-09-03,ISM_Manufacturing
1999-09-03,NFP
1999-09-10,PPI
1999-09-15,CPI
1999-09-30,GDP
1999-10-08,ISM_Manufacturing
1999-10-08,NFP
1999-10-15,PPI
1999-10-19,CPI
1999-10-28,GDP
1999-10-29,GDP
1999-10-30,GDP
1999-11-01,GDP
1999-11-02,GDP
1999-11-03,GDP
1999-11-05,ISM_Manufacturing
1999-11-05,NFP
1999-11-10,PPI
1999-11-17,CPI
1999-11-24,GDP
1999-12-03,ISM_Manufacturing
1999-12-03,GDP
1999-12-03,NFP
1999-12-07,GDP
1999-12-10,PPI
1999-12-14,CPI
1999-12-22,GDP
2000-01-07,NFP
2000-01-07,ISM_Manufacturing
2000-01-13,PPI
2000-01-14,CPI
2000-01-28,GDP
2000-02-04,NFP
2000-02-04,ISM_Manufacturing
2000-02-17,PPI
2000-02-18,CPI
2000-02-25,GDP
2000-03-03,ISM_Manufacturing
2000-03-03,NFP
2000-03-16,PPI
2000-03-17,CPI
2000-03-30,GDP
2000-04-03,GDP
2000-04-06,GDP
2000-04-07,NFP
2000-04-07,ISM_Manufacturing
2000-04-13,PPI
2000-04-14,CPI
2000-04-27,GDP
2000-05-02,GDP
2000-05-05,NFP
2000-05-05,ISM_Manufacturing
2000-05-12,PPI
2000-05-16,CPI
2000-05-25,GDP
2000-06-02,ISM_Manufacturing
2000-06-02,NFP
2000-06-09,PPI
2000-06-14,CPI
2000-06-16,GDP
2000-06-29,GDP
2000-07-07,NFP
2000-07-07,ISM_Manufacturing
2000-07-14,PPI
2000-07-18,CPI
2000-07-28,GDP
2000-08-04,ISM_Manufacturing
2000-08-04,NFP
2000-08-11,PPI
2000-08-16,CPI
2000-08-25,GDP
2000-09-01,ISM_Manufacturing
2000-09-01,NFP
2000-09-14,PPI
2000-09-15,CPI
2000-09-28,GDP
2000-09-28,CPI
2000-10-06,ISM_Manufacturing
2000-10-06,NFP
2000-10-13,PPI
2000-10-18,CPI
2000-10-27,GDP
2000-11-03,ISM_Manufacturing
2000-11-03,NFP
2000-11-09,PPI
2000-11-16,CPI
2000-11-29,GDP
2000-12-08,ISM_Manufacturing
2000-12-08,NFP
2000-12-14,PPI
2000-12-15,CPI
2000-12-21,GDP
2001-01-05,ISM_Manufacturing
2001-01-05,NFP
2001-01-12,PPI
2001-01-17,CPI
2001-01-31,GDP
2001-02-02,ISM_Manufacturing
2001-02-02,NFP
2001-02-16,PPI
2001-02-21,CPI
2001-02-28,GDP
2001-03-09,NFP
2001-03-09,ISM_Manufacturing
2001-03-16,PPI
2001-03-21,CPI
2001-03-29,GDP
2001-04-06,ISM_Manufacturing
2001-04-06,NFP
2001-04-12,PPI
2001-04-17,CPI
2001-04-27,GDP
2001-05-04,ISM_Manufacturing
2001-05-04,NFP
2001-05-11,PPI
2001-05-16,CPI
2001-05-25,GDP
2001-06-01,NFP
2001-06-01,ISM_Manufacturing
2001-06-14,PPI
2001-06-15,CPI
2001-06-29,GDP
2001-07-06,ISM_Manufacturing
2001-07-06,NFP
2001-07-13,PPI
2001-07-18,CPI
2001-07-27,GDP
2001-08-03,NFP
2001-08-03,ISM_Manufacturing
2001-08-10,PPI
2001-08-16,CPI
2001-08-29,GDP
2001-09-07,ISM_Manufacturing
2001-09-07,NFP
2001-09-14,PPI
2001-09-18,CPI
2001-09-28,GDP
2001-10-05,NFP
2001-10-05,ISM_Manufacturing
2001-10-12,PPI
2001-10-19,CPI
2001-10-31,GDP
2001-11-02,NFP
2001-11-02,ISM_Manufacturing
2001-11-09,PPI
2001-11-16,CPI
2001-11-30,GDP
2001-12-07,NFP
2001-12-07,ISM_Manufacturing
2001-12-13,PPI
2001-12-14,CPI
2001-12-21,GDP
2002-01-04,ISM_Manufacturing
2002-01-04,NFP
2002-01-11,PPI
2002-01-16,CPI
2002-01-30,GDP
2002-02-01,NFP
2002-02-01,ISM_Manufacturing
2002-02-13,PPI
2002-02-15,PPI
2002-02-20,CPI
2002-02-28,GDP
2002-03-08,ISM_Manufacturing
2002-03-08,NFP
2002-03-15,PPI
2002-03-21,CPI
2002-03-28,GDP
2002-04-05,NFP
2002-04-05,ISM_Manufacturing
2002-04-12,PPI
2002-04-16,CPI
2002-04-26,GDP
2002-05-03,NFP
2002-05-03,ISM_Manufacturing
2002-05-10,PPI
2002-05-15,CPI
2002-05-24,GDP
2002-06-07,NFP
2002-06-07,ISM_Manufacturing
2002-06-13,PPI
2002-06-18,CPI
2002-06-27,GDP
2002-07-05,ISM_Manufacturing
2002-07-05,NFP
2002-07-11,PPI
2002-07-19,CPI
2002-07-31,GDP
2002-08-02,ISM_Manufacturing
2002-08-02,NFP
2002-08-08,PPI
2002-08-16,CPI
2002-08-29,GDP
2002-09-06,ISM_Manufacturing
2002-09-06,NFP
2002-09-13,PPI
2002-09-18,CPI
2002-09-27,GDP
2002-10-04,NFP
2002-10-04,ISM_Manufacturing
2002-10-11,PPI
2002-10-18,CPI
2002-10-31,GDP
2002-11-01,ISM_Manufacturing
2002-11-01,NFP
2002-11-15,PPI
2002-11-19,CPI
2002-11-26,GDP
2002-12-06,ISM_Manufacturing
2002-12-06,NFP
2002-12-09,ISM_Manufacturing
2002-12-09,NFP
2002-12-13,PPI
2002-12-17,CPI
2002-12-20,GDP
2003-01-10,ISM_Manufacturing
2003-01-10,NFP
2003-01-15,PPI
2003-01-16,CPI
2003-01-30,GDP
2003-02-07,ISM_Manufacturing
2003-02-07,NFP
2003-02-20,PPI
2003-02-21,CPI
2003-02-28,GDP
2003-03-07,NFP
2003-03-07,ISM_Manufacturing
2003-03-14,PPI
2003-03-21,CPI
2003-03-27,GDP
2003-04-04,NFP
2003-04-04,ISM_Manufacturing
2003-04-11,PPI
2003-04-16,CPI
2003-04-25,GDP
2003-05-02,ISM_Manufacturing
2003-05-02,NFP
2003-05-15,PPI
2003-05-16,CPI
2003-05-29,GDP
2003-06-06,ISM_Manufacturing
2003-06-06,NFP
2003-06-13,PPI
2003-06-17,CPI
2003-06-26,GDP
2003-07-03,NFP
2003-07-03,ISM_Manufacturing
2003-07-11,PPI
2003-07-16,CPI
2003-07-31,GDP
2003-08-01,NFP
2003-08-01,ISM_Manufacturing
2003-08-14,PPI
2003-08-15,CPI
2003-08-28,GDP
2003-09-05,ISM_Manufacturing
2003-09-05,NFP
2003-09-12,PPI
2003-09-16,CPI
2003-09-26,GDP
2003-10-03,ISM_Manufacturing
2003-10-03,NFP
2003-10-10,NFP
2003-10-10,PPI
2003-10-10,ISM_Manufacturing
2003-10-16,CPI
2003-10-30,GDP
2003-11-07,NFP
2003-11-07,ISM_Manufacturing
2003-11-14,PPI
2003-11-18,CPI
2003-11-25,GDP
2003-12-05,NFP
2003-12-05,ISM_Manufacturing
2003-12-10,GDP
2003-12-11,GDP
2003-12-12,PPI
2003-12-13,GDP
2003-12-16,CPI
2003-12-16,GDP
2003-12-18,GDP
2003-12-23,GDP
2004-01-09,GDP
2004-01-09,ISM_Manufacturing
2004-01-09,NFP
2004-01-13,GDP
2004-01-14,PPI
2004-01-15,CPI
2004-01-23,GDP
2004-01-30,GDP
2004-02-06,NFP
2004-02-06,ISM_Manufacturing
2004-02-20,CPI
2004-02-27,GDP
2004-03-05,NFP
2004-03-05,ISM_Manufacturing
2004-03-17,CPI
2004-03-18,PPI
2004-03-25,GDP
2004-04-01,PPI
2004-04-02,ISM_Manufacturing
2004-04-02,NFP
2004-04-14,CPI
2004-04-22,PPI
2004-04-29,GDP
2004-05-07,NFP
2004-05-07,ISM_Manufacturing
2004-05-13,PPI
2004-05-14,CPI
2004-05-27,GDP
2004-06-04,ISM_Manufacturing
2004-06-04,NFP
2004-06-15,CPI
2004-06-17,PPI
2004-06-25,GDP
2004-07-02,NFP
2004-07-02,ISM_Manufacturing
2004-07-15,PPI
2004-07-16,CPI
2004-07-30,GDP
2004-08-06,NFP
2004-08-06,ISM_Manufacturing
2004-08-13,PPI
2004-08-17,CPI
2004-08-27,GDP
2004-09-03,NFP
2004-09-03,ISM_Manufacturing
2004-09-10,PPI
2004-09-16,CPI
2004-09-29,GDP
2004-10-08,NFP
2004-10-08,ISM_Manufacturing
2004-10-15,PPI
2004-10-19,CPI
2004-10-29,GDP
2004-11-05,ISM_Manufacturing
2004-11-05,NFP
2004-11-16,PPI
2004-11-17,CPI
2004-11-30,GDP
2004-12-03,ISM_Manufacturing
2004-12-03,NFP
2004-12-10,PPI
2004-12-17,CPI
2004-12-22,GDP
2005-01-07,NFP
2005-01-07,ISM_Manufacturing
2005-01-14,PPI
2005-01-19,CPI
2005-01-28,GDP
2005-02-02,FOMC
2005-02-04,NFP
2005-02-04,ISM_Manufacturing
2005-02-18,CPI
2005-02-18,PPI
2005-02-23,CPI
2005-02-25,GDP
2005-03-04,NFP
2005-03-04,ISM_Manufacturing
2005-03-22,FOMC
2005-03-22,PPI
2005-03-23,CPI
2005-03-30,GDP
2005-04-01,NFP
2005-04-01,ISM_Manufacturing
2005-04-19,PPI
2005-04-20,CPI
2005-04-28,GDP
2005-05-03,FOMC
2005-05-06,ISM_Manufacturing
2005-05-06,NFP
2005-05-17,PPI
2005-05-18,CPI
2005-05-24,PPI
2005-05-26,GDP
2005-06-03,ISM_Manufacturing
2005-06-03,NFP
2005-06-14,PPI
2005-06-15,CPI
2005-06-29,GDP
2005-06-30,FOMC
2005-07-08,ISM_Manufacturing
2005-07-08,NFP
2005-07-14,CPI
2005-07-15,PPI
2005-07-29,GDP
2005-08-05,NFP
2005-08-05,ISM_Manufacturing
2005-08-09,FOMC
2005-08-16,CPI
2005-08-17,PPI
2005-08-31,GDP
2005-09-02,ISM_Manufacturing
2005-09-02,NFP
2005-09-13,PPI
2005-09-15,CPI
2005-09-20,FOMC
2005-09-29,GDP
2005-10-07,NFP
2005-10-07,ISM_Manufacturing
2005-10-14,CPI
2005-10-18,PPI
2005-10-28,GDP
2005-11-01,FOMC
2005-11-04,ISM_Manufacturing
2005-11-04,NFP
2005-11-15,PPI
2005-11-16,CPI
2005-11-30,GDP
2005-12-02,NFP
2005-12-02,ISM_Manufacturing
2005-12-13,FOMC
2005-12-15,CPI
2005-12-20,PPI
2005-12-21,GDP
2006-01-06,ISM_Manufacturing
2006-01-06,NFP
2006-01-13,PPI
2006-01-18,CPI
2006-01-27,GDP
2006-01-31,FOMC
2006-02-03,NFP
2006-02-03,ISM_Manufacturing
2006-02-15,PPI
2006-02-17,PPI
2006-02-17,CPI
2006-02-22,CPI
2006-02-28,GDP
2006-03-10,NFP
2006-03-10,ISM_Manufacturing
2006-03-16,CPI
2006-03-21,PPI
2006-03-28,FOMC
2006-03-30,GDP
2006-04-07,ISM_Manufacturing
2006-04-07,NFP
2006-04-18,PPI
2006-04-19,CPI
2006-04-28,GDP
2006-05-04,GDP
2006-05-05,ISM_Manufacturing
2006-05-05,NFP
2006-05-08,ISM_Manufacturing
2006-05-08,NFP
2006-05-10,FOMC
2006-05-16,PPI
2006-05-17,CPI
2006-05-25,GDP
2006-06-02,ISM_Manufacturing
2006-06-02,NFP
2006-06-13,PPI
2006-06-14,CPI
2006-06-29,GDP
2006-06-29,FOMC
2006-07-07,NFP
2006-07-07,ISM_Manufacturing
2006-07-18,PPI
2006-07-19,CPI
2006-07-28,GDP
2006-08-04,NFP
2006-08-04,ISM_Manufacturing
2006-08-08,FOMC
2006-08-15,PPI
2006-08-16,CPI
2006-08-30,GDP
2006-09-01,NFP
2006-09-01,ISM_Manufacturing
2006-09-15,CPI
2006-09-19,PPI
2006-09-20,FOMC
2006-09-28,GDP
2006-10-06,NFP
2006-10-06,ISM_Manufacturing
2006-10-17,PPI
2006-10-18,CPI
2006-10-25,FOMC
2006-10-27,GDP
2006-11-03,NFP
2006-11-03,ISM_Manufacturing
2006-11-14,PPI
2006-11-16,CPI
2006-11-29,GDP
2006-12-08,ISM_Manufacturing
2006-12-08,NFP
2006-12-12,FOMC
2006-12-15,CPI
2006-12-19,PPI
2006-12-21,GDP
2007-01-05,NFP
2007-01-05,ISM_Manufacturing
2007-01-17,PPI
2007-01-18,CPI
2007-01-31,GDP
2007-01-31,FOMC
2007-02-02,ISM_Manufacturing
2007-02-02,NFP
2007-02-14,PPI
2007-02-16,PPI
2007-02-16,CPI
2007-02-21,CPI
2007-02-28,GDP
2007-03-09,NFP
2007-03-09,ISM_Manufacturing
2007-03-15,PPI
2007-03-16,CPI
2007-03-21,FOMC
2007-03-29,GDP
2007-04-06,NFP
2007-04-06,ISM_Manufacturing
2007-04-13,PPI
2007-04-17,CPI
2007-04-27,GDP
2007-05-04,NFP
2007-05-04,ISM_Manufacturing
2007-05-09,FOMC
2007-05-11,PPI
2007-05-15,CPI
2007-05-31,GDP
2007-06-01,NFP
2007-06-01,ISM_Manufacturing
2007-06-14,PPI
2007-06-15,CPI
2007-06-28,GDP
2007-06-28,FOMC
2007-07-06,NFP
2007-07-06,ISM_Manufacturing
2007-07-17,PPI
2007-07-18,CPI
2007-07-27,GDP
2007-08-03,ISM_Manufacturing
2007-08-03,NFP
2007-08-07,FOMC
2007-08-14,PPI
2007-08-15,CPI
2007-08-30,GDP
2007-09-07,NFP
2007-09-07,ISM_Manufacturing
2007-09-18,PPI
2007-09-18,FOMC
2007-09-19,CPI
2007-09-27,GDP
2007-10-05,ISM_Manufacturing
2007-10-05,NFP
2007-10-12,PPI
2007-10-17,CPI
2007-10-31,GDP
2007-10-31,FOMC
2007-11-02,NFP
2007-11-02,ISM_Manufacturing
2007-11-14,PPI
2007-11-15,CPI
2007-11-29,GDP
2007-12-07,ISM_Manufacturing
2007-12-07,NFP
2007-12-11,FOMC
2007-12-13,PPI
2007-12-14,CPI
2007-12-20,GDP
2008-01-04,ISM_Manufacturing
2008-01-04,NFP
2008-01-15,PPI
2008-01-16,CPI
2008-01-30,FOMC
2008-01-30,GDP
2008-02-01,NFP
2008-02-01,ISM_Manufacturing
2008-02-15,CPI
2008-02-20,CPI
2008-02-22,PPI
2008-02-26,PPI
2008-02-28,GDP
2008-03-07,NFP
2008-03-07,ISM_Manufacturing
2008-03-14,CPI
2008-03-18,FOMC
2008-03-18,PPI
2008-03-27,GDP
2008-04-04,NFP
2008-04-04,ISM_Manufacturing
2008-04-15,PPI
2008-04-16,CPI
2008-04-30,GDP
2008-04-30,FOMC
2008-05-02,NFP
2008-05-02,ISM_Manufacturing
2008-05-05,GDP
2008-05-14,CPI
2008-05-20,PPI
2008-05-29,GDP
2008-06-06,NFP
2008-06-06,ISM_Manufacturing
2008-06-13,CPI
2008-06-17,PPI
2008-06-25,FOMC
2008-06-26,GDP
2008-07-03,ISM_Manufacturing
2008-07-03,NFP
2008-07-15,PPI
2008-07-16,CPI
2008-07-31,GDP
2008-08-01,ISM_Manufacturing
2008-08-01,NFP
2008-08-05,FOMC
2008-08-14,CPI
2008-08-19,PPI
2008-08-28,GDP
2008-09-05,NFP
2008-09-05,ISM_Manufacturing
2008-09-12,PPI
2008-09-16,FOMC
2008-09-16,CPI
2008-09-26,GDP
2008-10-03,ISM_Manufacturing
2008-10-03,NFP
2008-10-15,PPI
2008-10-16,CPI
2008-10-29,FOMC
2008-10-30,GDP
2008-11-07,NFP
2008-11-07,ISM_Manufacturing
2008-11-18,PPI
2008-11-19,CPI
2008-11-25,GDP
2008-12-05,NFP
2008-12-05,ISM_Manufacturing
2008-12-12,PPI
2008-12-16,CPI
2008-12-16,FOMC
2008-12-23,GDP
2009-01-09,NFP
2009-01-09,ISM_Manufacturing
2009-01-15,PPI
2009-01-16,CPI
2009-01-28,FOMC
2009-01-30,GDP
2009-02-06,NFP
2009-02-06,ISM_Manufacturing
2009-02-17,PPI
2009-02-18,CPI
2009-02-19,PPI
2009-02-20,CPI
2009-02-27,GDP
2009-03-06,NFP
2009-03-06,ISM_Manufacturing
2009-03-17,PPI
2009-03-18,CPI
2009-03-18,FOMC
2009-03-26,GDP
2009-04-03,NFP
2009-04-03,ISM_Manufacturing
2009-04-14,PPI
2009-04-15,CPI
2009-04-29,GDP
2009-04-29,FOMC
2009-05-08,ISM_Manufacturing
2009-05-08,NFP
2009-05-14,PPI
2009-05-15,CPI
2009-05-29,GDP
2009-06-05,ISM_Manufacturing
2009-06-05,NFP
2009-06-16,PPI
2009-06-17,CPI
2009-06-24,FOMC
2009-06-25,GDP
2009-07-02,NFP
2009-07-02,ISM_Manufacturing
2009-07-14,PPI
2009-07-15,CPI
2009-07-31,GDP
2009-08-05,GDP
2009-08-07,ISM_Manufacturing
2009-08-07,NFP
2009-08-12,FOMC
2009-08-14,CPI
2009-08-17,GDP
2009-08-18,PPI
2009-08-20,GDP
2009-08-27,GDP
2009-09-04,NFP
2009-09-04,ISM_Manufacturing
2009-09-15,PPI
2009-09-16,CPI
2009-09-23,FOMC
2009-09-30,GDP
2009-10-02,NFP
2009-10-02,ISM_Manufacturing
2009-10-15,CPI
2009-10-20,PPI
2009-10-29,GDP
2009-11-04,FOMC
2009-11-06,NFP
2009-11-06,ISM_Manufacturing
2009-11-17,PPI
2009-11-18,CPI
2009-11-24,GDP
2009-12-04,ISM_Manufacturing
2009-12-04,NFP
2009-12-15,PPI
2009-12-16,FOMC
2009-12-16,CPI
2009-12-22,GDP
2010-01-08,ISM_Manufacturing
2010-01-08,NFP
2010-01-15,CPI
2010-01-20,PPI
2010-01-27,FOMC
2010-01-29,GDP
2010-02-05,ISM_Manufacturing
2010-02-05,NFP
2010-02-16,PPI
2010-02-17,CPI
2010-02-18,PPI
2010-02-19,CPI
2010-02-26,GDP
2010-03-05,ISM_Manufacturing
2010-03-05,NFP
2010-03-16,FOMC
2010-03-17,PPI
2010-03-18,CPI
2010-03-26,GDP
2010-04-02,ISM_Manufacturing
2010-04-02,NFP
2010-04-14,CPI
2010-04-22,PPI
2010-04-28,FOMC
2010-04-30,GDP
2010-05-07,NFP
2010-05-07,ISM_Manufacturing
2010-05-18,PPI
2010-05-19,CPI
2010-05-27,GDP
2010-06-04,NFP
2010-06-04,ISM_Manufacturing
2010-06-16,PPI
2010-06-17,CPI
2010-06-23,FOMC
2010-06-25,GDP
2010-07-02,NFP
2010-07-02,ISM_Manufacturing
2010-07-15,PPI
2010-07-16,CPI
2010-07-30,GDP
2010-08-06,NFP
2010-08-06,ISM_Manufacturing
2010-08-10,FOMC
2010-08-13,CPI
2010-08-17,PPI
2010-08-27,GDP
2010-09-03,NFP
2010-09-03,ISM_Manufacturing
2010-09-16,PPI
2010-09-17,CPI
2010-09-21,FOMC
2010-09-30,GDP
2010-10-08,NFP
2010-10-08,ISM_Manufacturing
2010-10-14,PPI
2010-10-15,CPI
2010-10-29,GDP
2010-11-03,FOMC
2010-11-05,NFP
2010-11-05,ISM_Manufacturing
2010-11-16,PPI
2010-11-17,CPI
2010-11-23,GDP
2010-12-03,NFP
2010-12-03,ISM_Manufacturing
2010-12-14,PPI
2010-12-14,FOMC
2010-12-15,CPI
2010-12-22,GDP
2011-01-07,NFP
2011-01-07,ISM_Manufacturing
2011-01-13,PPI
2011-01-14,CPI
2011-01-26,FOMC
2011-01-28,GDP
2011-02-04,ISM_Manufacturing
2011-02-04,NFP
2011-02-14,PPI
2011-02-15,CPI
2011-02-16,PPI
2011-02-17,CPI
2011-02-25,GDP
2011-03-04,NFP
2011-03-04,ISM_Manufacturing
2011-03-15,FOMC
2011-03-16,PPI
2011-03-17,CPI
2011-03-25,GDP
2011-04-01,NFP
2011-04-01,ISM_Manufacturing
2011-04-14,PPI
2011-04-15,CPI
2011-04-27,FOMC
2011-04-28,GDP
2011-05-06,ISM_Manufacturing
2011-05-06,NFP
2011-05-12,PPI
2011-05-13,CPI
2011-05-26,GDP
2011-06-03,NFP
2011-06-03,ISM_Manufacturing
2011-06-14,PPI
2011-06-15,CPI
2011-06-22,FOMC
2011-06-24,GDP
2011-07-08,NFP
2011-07-08,ISM_Manufacturing
2011-07-14,PPI
2011-07-15,CPI
2011-07-29,GDP
2011-08-05,ISM_Manufacturing
2011-08-05,NFP
2011-08-08,GDP
2011-08-09,FOMC
2011-08-17,PPI
2011-08-18,CPI
2011-08-26,GDP
2011-09-02,ISM_Manufacturing
2011-09-02,NFP
2011-09-14,PPI
2011-09-15,CPI
2011-09-21,FOMC
2011-09-29,GDP
2011-10-07,ISM_Manufacturing
2011-10-07,NFP
2011-10-18,PPI
2011-10-19,CPI
2011-10-27,GDP
2011-11-02,FOMC
2011-11-04,ISM_Manufacturing
2011-11-04,NFP
2011-11-15,PPI
2011-11-16,CPI
2011-11-22,GDP
2011-12-02,NFP
2011-12-02,ISM_Manufacturing
2011-12-13,FOMC
2011-12-15,PPI
2011-12-16,CPI
2011-12-22,GDP
2012-01-06,NFP
2012-01-06,ISM_Manufacturing
2012-01-18,PPI
2012-01-19,CPI
2012-01-25,FOMC
2012-01-27,GDP
2012-02-03,NFP
2012-02-03,ISM_Manufacturing
2012-02-14,PPI
2012-02-15,CPI
2012-02-16,PPI
2012-02-17,CPI
2012-02-29,GDP
2012-03-09,NFP
2012-03-09,ISM_Manufacturing
2012-03-13,FOMC
2012-03-15,PPI
2012-03-16,CPI
2012-03-29,GDP
2012-04-06,NFP
2012-04-06,ISM_Manufacturing
2012-04-12,PPI
2012-04-13,CPI
2012-04-25,FOMC
2012-04-27,GDP
2012-05-04,ISM_Manufacturing
2012-05-04,NFP
2012-05-11,PPI
2012-05-15,CPI
2012-05-31,GDP
2012-06-01,ISM_Manufacturing
2012-06-01,NFP
2012-06-13,PPI
2012-06-14,CPI
2012-06-20,FOMC
2012-06-28,GDP
2012-07-06,NFP
2012-07-06,ISM_Manufacturing
2012-07-13,PPI
2012-07-17,CPI
2012-07-27,GDP
2012-08-01,FOMC
2012-08-03,ISM_Manufacturing
2012-08-03,NFP
2012-08-14,PPI
2012-08-15,CPI
2012-08-29,GDP
2012-09-07,ISM_Manufacturing
2012-09-07,NFP
2012-09-13,FOMC
2012-09-13,PPI
2012-09-14,CPI
2012-09-27,GDP
2012-10-05,ISM_Manufacturing
2012-10-05,NFP
2012-10-12,PPI
2012-10-16,CPI
2012-10-24,FOMC
2012-10-26,GDP
2012-11-02,ISM_Manufacturing
2012-11-02,NFP
2012-11-14,PPI
2012-11-15,CPI
2012-11-29,GDP
2012-12-07,NFP
2012-12-07,ISM_Manufacturing
2012-12-12,FOMC
2012-12-12,ISM_Manufacturing
2012-12-12,NFP
2012-12-13,PPI
2012-12-14,CPI
2012-12-20,GDP
2013-01-04,NFP
2013-01-04,ISM_Manufacturing
2013-01-15,PPI
2013-01-16,CPI
2013-01-30,FOMC
2013-01-30,GDP
2013-02-01,NFP
2013-02-01,ISM_Manufacturing
2013-02-19,CPI
2013-02-20,PPI
2013-02-21,CPI
2013-02-28,GDP
2013-03-08,NFP
2013-03-08,ISM_Manufacturing
2013-03-14,PPI
2013-03-15,CPI
2013-03-20,FOMC
2013-03-28,GDP
2013-04-05,NFP
2013-04-05,ISM_Manufacturing
2013-04-12,PPI
2013-04-16,CPI
2013-04-26,GDP
2013-05-01,FOMC
2013-05-03,ISM_Manufacturing
2013-05-03,NFP
2013-05-06,ISM_Manufacturing
2013-05-06,NFP
2013-05-15,PPI
2013-05-16,CPI
2013-05-30,GDP
2013-06-07,NFP
2013-06-07,ISM_Manufacturing
2013-06-14,PPI
2013-06-18,CPI
2013-06-19,FOMC
2013-06-26,GDP
2013-07-05,NFP
2013-07-05,ISM_Manufacturing
2013-07-12,PPI
2013-07-16,CPI
2013-07-31,FOMC
2013-07-31,GDP
2013-08-01,GDP
2013-08-02,NFP
2013-08-02,ISM_Manufacturing
2013-08-08,GDP
2013-08-14,PPI
2013-08-15,CPI
2013-08-15,GDP
2013-08-29,GDP
2013-09-06,ISM_Manufacturing
2013-09-06,NFP
2013-09-13,PPI
2013-09-17,CPI
2013-09-18,FOMC
2013-09-26,GDP
2013-10-22,ISM_Manufacturing
2013-10-22,NFP
2013-10-29,PPI
2013-10-30,CPI
2013-10-30,FOMC
2013-11-01,GDP
2013-11-07,GDP
2013-11-08,ISM_Manufacturing
2013-11-08,NFP
2013-11-20,CPI
2013-11-21,PPI
2013-12-05,GDP
2013-12-06,ISM_Manufacturing
2013-12-06,NFP
2013-12-13,PPI
2013-12-17,CPI
2013-12-18,FOMC
2013-12-20,GDP
2014-01-10,NFP
2014-01-10,GDP
2014-01-10,ISM_Manufacturing
2014-01-15,PPI
2014-01-16,CPI
2014-01-29,FOMC
2014-01-30,GDP
2014-02-07,ISM_Manufacturing
2014-02-07,NFP
2014-02-14,PPI
2014-02-18,CPI
2014-02-19,PPI
2014-02-20,CPI
2014-02-28,GDP
2014-03-07,ISM_Manufacturing
2014-03-07,NFP
2014-03-14,PPI
2014-03-18,CPI
2014-03-19,FOMC
2014-03-27,GDP
2014-04-04,ISM_Manufacturing
2014-04-04,NFP
2014-04-11,PPI
2014-04-15,CPI
2014-04-30,FOMC
2014-04-30,GDP
2014-05-02,NFP
2014-05-02,ISM_Manufacturing
2014-05-14,PPI
2014-05-15,CPI
2014-05-29,GDP
2014-06-06,ISM_Manufacturing
2014-06-06,NFP
2014-06-13,PPI
2014-06-17,CPI
2014-06-18,FOMC
2014-06-25,GDP
2014-07-03,NFP
2014-07-03,ISM_Manufacturing
2014-07-16,PPI
2014-07-22,CPI
2014-07-30,GDP
2014-07-30,FOMC
2014-08-01,ISM_Manufacturing
2014-08-01,NFP
2014-08-05,GDP
2014-08-15,PPI
2014-08-19,CPI
2014-08-28,GDP
2014-09-05,ISM_Manufacturing
2014-09-05,NFP
2014-09-16,PPI
2014-09-17,CPI
2014-09-17,GDP
2014-09-17,FOMC
2014-09-26,GDP
2014-10-03,NFP
2014-10-03,ISM_Manufacturing
2014-10-15,PPI
2014-10-22,CPI
2014-10-29,FOMC
2014-10-30,GDP
2014-10-31,GDP
2014-11-07,NFP
2014-11-07,ISM_Manufacturing
2014-11-18,PPI
2014-11-20,CPI
2014-11-25,GDP
2014-12-05,ISM_Manufacturing
2014-12-05,NFP
2014-12-12,PPI
2014-12-17,CPI
2014-12-17,FOMC
2014-12-23,GDP
2015-01-09,NFP
2015-01-09,ISM_Manufacturing
2015-01-15,PPI
2015-01-16,CPI
2015-01-28,FOMC
2015-01-30,GDP
2015-02-06,ISM_Manufacturing
2015-02-06,NFP
2015-02-18,PPI
2015-02-20,CPI
2015-02-26,CPI
2015-02-27,GDP
2015-03-06,NFP
2015-03-06,ISM_Manufacturing
2015-03-13,PPI
2015-03-18,FOMC
2015-03-24,CPI
2015-03-27,GDP
2015-04-03,NFP
2015-04-03,ISM_Manufacturing
2015-04-14,PPI
2015-04-17,CPI
2015-04-29,GDP
2015-04-29,FOMC
2015-05-08,ISM_Manufacturing
2015-05-08,NFP
2015-05-14,PPI
2015-05-22,CPI
2015-05-29,GDP
2015-06-05,ISM_Manufacturing
2015-06-05,NFP
2015-06-12,PPI
2015-06-17,FOMC
2015-06-18,CPI
2015-06-24,GDP
2015-07-02,ISM_Manufacturing
2015-07-02,NFP
2015-07-15,PPI
2015-07-17,CPI
2015-07-29,FOMC
2015-07-30,GDP
2015-08-06,GDP
2015-08-07,NFP
2015-08-07,ISM_Manufacturing
2015-08-14,PPI
2015-08-19,CPI
2015-08-27,GDP
2015-09-04,ISM_Manufacturing
2015-09-04,NFP
2015-09-11,PPI
2015-09-16,CPI
2015-09-17,FOMC
2015-09-25,GDP
2015-10-02,ISM_Manufacturing
2015-10-02,NFP
2015-10-14,PPI
2015-10-15,CPI
2015-10-28,FOMC
2015-10-29,GDP
2015-11-06,ISM_Manufacturing
2015-11-06,NFP
2015-11-13,PPI
2015-11-17,CPI
2015-11-24,GDP
2015-12-04,ISM_Manufacturing
2015-12-04,NFP
2015-12-11,PPI
2015-12-15,CPI
2015-12-16,FOMC
2015-12-22,GDP
2016-01-08,NFP
2016-01-08,ISM_Manufacturing
2016-01-15,PPI
2016-01-20,CPI
2016-01-27,FOMC
2016-01-29,GDP
2016-02-05,ISM_Manufacturing
2016-02-05,NFP
2016-02-17,PPI
2016-02-19,CPI
2016-02-26,GDP
2016-03-04,NFP
2016-03-04,ISM_Manufacturing
2016-03-15,PPI
2016-03-16,CPI
2016-03-16,FOMC
2016-03-25,GDP
2016-04-01,NFP
2016-04-01,ISM_Manufacturing
2016-04-13,PPI
2016-04-14,CPI
2016-04-27,FOMC
2016-04-28,GDP
2016-05-06,NFP
2016-05-06,ISM_Manufacturing
2016-05-13,PPI
2016-05-17,CPI
2016-05-27,GDP
2016-06-03,ISM_Manufacturing
2016-06-03,NFP
2016-06-15,PPI
2016-06-15,FOMC
2016-06-16,CPI
2016-06-28,GDP
2016-07-08,NFP
2016-07-08,ISM_Manufacturing
2016-07-14,PPI
2016-07-15,CPI
2016-07-27,FOMC
2016-07-29,GDP
2016-08-03,GDP
2016-08-05,ISM_Manufacturing
2016-08-05,NFP
2016-08-12,PPI
2016-08-16,CPI
2016-08-26,GDP
2016-09-02,ISM_Manufacturing
2016-09-02,NFP
2016-09-08,GDP
2016-09-15,PPI
2016-09-16,CPI
2016-09-21,FOMC
2016-09-29,GDP
2016-10-07,NFP
2016-10-07,ISM_Manufacturing
2016-10-14,PPI
2016-10-18,CPI
2016-10-28,GDP
2016-11-02,FOMC
2016-11-03,GDP
2016-11-04,NFP
2016-11-04,ISM_Manufacturing
2016-11-16,PPI
2016-11-17,CPI
2016-11-29,GDP
2016-12-02,ISM_Manufacturing
2016-12-02,NFP
2016-12-14,PPI
2016-12-14,FOMC
2016-12-15,CPI
2016-12-22,GDP
2017-01-06,NFP
2017-01-06,ISM_Manufacturing
2017-01-13,PPI
2017-01-18,CPI
2017-01-27,GDP
2017-02-01,FOMC
2017-02-03,NFP
2017-02-03,ISM_Manufacturing
2017-02-10,PPI
2017-02-13,CPI
2017-02-14,PPI
2017-02-15,CPI
2017-02-28,GDP
2017-03-10,ISM_Manufacturing
2017-03-10,NFP
2017-03-14,PPI
2017-03-15,CPI
2017-03-15,FOMC
2017-03-30,GDP
2017-04-07,ISM_Manufacturing
2017-04-07,NFP
2017-04-13,PPI
2017-04-14,CPI
2017-04-28,GDP
2017-05-03,FOMC
2017-05-05,ISM_Manufacturing
2017-05-05,NFP
2017-05-11,PPI
2017-05-12,CPI
2017-05-26,GDP
2017-06-02,ISM_Manufacturing
2017-06-02,NFP
2017-06-13,PPI
2017-06-14,FOMC
2017-06-14,CPI
2017-06-29,GDP
2017-07-07,ISM_Manufacturing
2017-07-07,NFP
2017-07-13,PPI
2017-07-14,CPI
2017-07-26,FOMC
2017-07-28,GDP
2017-08-03,GDP
2017-08-04,NFP
2017-08-04,ISM_Manufacturing
2017-08-10,PPI
2017-08-11,CPI
2017-08-30,GDP
2017-08-31,GDP
2017-09-01,NFP
2017-09-01,ISM_Manufacturing
2017-09-13,PPI
2017-09-14,CPI
2017-09-20,FOMC
2017-09-28,GDP
2017-10-03,GDP
2017-10-06,ISM_Manufacturing
2017-10-06,NFP
2017-10-12,PPI
2017-10-13,CPI
2017-10-27,GDP
2017-11-01,FOMC
2017-11-03,ISM_Manufacturing
2017-11-03,NFP
2017-11-14,PPI
2017-11-15,CPI
2017-11-16,GDP
2017-11-29,GDP
2017-12-08,NFP
2017-12-08,ISM_Manufacturing
2017-12-12,PPI
2017-12-13,FOMC
2017-12-13,CPI
2017-12-21,GDP
2018-01-05,ISM_Manufacturing
2018-01-05,NFP
2018-01-11,PPI
2018-01-12,CPI
2018-01-26,GDP
2018-01-31,FOMC
2018-02-02,ISM_Manufacturing
2018-02-02,NFP
2018-02-14,CPI
2018-02-15,PPI
2018-02-28,GDP
2018-03-09,ISM_Manufacturing
2018-03-09,NFP
2018-03-13,CPI
2018-03-14,PPI
2018-03-21,FOMC
2018-03-28,GDP
2018-04-06,ISM_Manufacturing
2018-04-06,NFP
2018-04-10,PPI
2018-04-11,CPI
2018-04-27,GDP
2018-05-02,FOMC
2018-05-04,ISM_Manufacturing
2018-05-04,NFP
2018-05-09,PPI
2018-05-10,CPI
2018-05-30,GDP
2018-06-01,ISM_Manufacturing
2018-06-01,NFP
2018-06-12,CPI
2018-06-13,PPI
2018-06-13,FOMC
2018-06-28,GDP
2018-07-06,ISM_Manufacturing
2018-07-06,NFP
2018-07-11,PPI
2018-07-12,CPI
2018-07-27,GDP
2018-07-31,GDP
2018-08-01,FOMC
2018-08-03,ISM_Manufacturing
2018-08-03,NFP
2018-08-09,PPI
2018-08-10,CPI
2018-08-29,GDP
2018-09-07,ISM_Manufacturing
2018-09-07,NFP
2018-09-12,PPI
2018-09-13,CPI
2018-09-26,FOMC
2018-09-27,GDP
2018-10-05,ISM_Manufacturing
2018-10-05,NFP
2018-10-10,PPI
2018-10-11,CPI
2018-10-26,GDP
2018-11-02,ISM_Manufacturing
2018-11-02,NFP
2018-11-08,FOMC
2018-11-09,PPI
2018-11-14,CPI
2018-11-28,GDP
2018-12-07,ISM_Manufacturing
2018-12-07,NFP
2018-12-11,PPI
2018-12-12,CPI
2018-12-19,FOMC
2018-12-21,GDP
2019-01-04,NFP
2019-01-04,ISM_Manufacturing
2019-01-11,CPI
2019-01-15,PPI
2019-01-30,FOMC
2019-02-01,ISM_Manufacturing
2019-02-01,NFP
2019-02-11,CPI
2019-02-12,PPI
2019-02-13,CPI
2019-02-14,PPI
2019-02-28,GDP
2019-03-08,NFP
2019-03-08,ISM_Manufacturing
2019-03-12,CPI
2019-03-13,PPI
2019-03-20,FOMC
2019-03-28,GDP
2019-04-05,ISM_Manufacturing
2019-04-05,NFP
2019-04-10,CPI
2019-04-11,PPI
2019-04-26,GDP
2019-05-01,FOMC
2019-05-03,NFP
2019-05-03,ISM_Manufacturing
2019-05-09,PPI
2019-05-10,CPI
2019-05-30,GDP
2019-06-07,ISM_Manufacturing
2019-06-07,NFP
2019-06-11,PPI
2019-06-12,CPI
2019-06-19,FOMC
2019-06-27,GDP
2019-07-05,ISM_Manufacturing
2019-07-05,NFP
2019-07-11,CPI
2019-07-12,PPI
2019-07-26,GDP
2019-07-31,FOMC
2019-08-02,ISM_Manufacturing
2019-08-02,NFP
2019-08-09,PPI
2019-08-13,CPI
2019-08-29,GDP
2019-09-06,ISM_Manufacturing
2019-09-06,NFP
2019-09-11,PPI
2019-09-12,CPI
2019-09-18,FOMC
2019-09-26,GDP
2019-10-04,ISM_Manufacturing
2019-10-04,NFP
2019-10-08,PPI
2019-10-10,CPI
2019-10-30,FOMC
2019-10-30,GDP
2019-11-01,NFP
2019-11-01,ISM_Manufacturing
2019-11-13,CPI
2019-11-14,PPI
2019-11-27,GDP
2019-12-06,NFP
2019-12-06,ISM_Manufacturing
2019-12-11,FOMC
2019-12-11,CPI
2019-12-12,PPI
2019-12-20,GDP
2020-01-10,NFP
2020-01-10,ISM_Manufacturing
2020-01-14,CPI
2020-01-15,PPI
2020-01-29,FOMC
2020-01-30,GDP
2020-02-07,ISM_Manufacturing
2020-02-07,NFP
2020-02-11,CPI
2020-02-13,CPI
2020-02-14,PPI
2020-02-19,PPI
2020-02-27,GDP
2020-03-03,FOMC
2020-03-06,NFP
2020-03-06,ISM_Manufacturing
2020-03-11,CPI
2020-03-12,PPI
2020-03-15,FOMC
2020-03-26,GDP
2020-04-03,NFP
2020-04-03,ISM_Manufacturing
2020-04-09,PPI
2020-04-10,CPI
2020-04-29,GDP
2020-04-29,FOMC
2020-05-08,NFP
2020-05-08,ISM_Manufacturing
2020-05-11,ISM_Manufacturing
2020-05-11,NFP
2020-05-12,CPI
2020-05-13,PPI
2020-05-28,GDP
2020-06-05,NFP
2020-06-05,ISM_Manufacturing
2020-06-10,FOMC
2020-06-10,CPI
2020-06-11,PPI
2020-06-25,GDP
2020-07-02,ISM_Manufacturing
2020-07-02,NFP
2020-07-10,PPI
2020-07-14,CPI
2020-07-29,FOMC
2020-07-30,GDP
2020-08-07,NFP
2020-08-07,ISM_Manufacturing
2020-08-11,PPI
2020-08-12,CPI
2020-08-27,GDP
2020-09-04,ISM_Manufacturing
2020-09-04,NFP
2020-09-10,PPI
2020-09-11,CPI
2020-09-16,FOMC
2020-09-16,GDP
2020-09-30,GDP
2020-10-02,NFP
2020-10-02,ISM_Manufacturing
2020-10-13,CPI
2020-10-14,PPI
2020-10-29,GDP
2020-11-03,GDP
2020-11-05,FOMC
2020-11-06,NFP
2020-11-06,ISM_Manufacturing
2020-11-12,CPI
2020-11-13,PPI
2020-11-25,GDP
2020-12-04,ISM_Manufacturing
2020-12-04,NFP
2020-12-10,CPI
2020-12-11,PPI
2020-12-16,FOMC
2020-12-22,GDP
2021-01-08,NFP
2021-01-08,ISM_Manufacturing
2021-01-13,CPI
2021-01-15,PPI
2021-01-27,FOMC
2021-01-28,GDP
2021-02-05,NFP
2021-02-05,ISM_Manufacturing
2021-02-08,CPI
2021-02-10,CPI
2021-02-12,PPI
2021-02-17,PPI
2021-02-25,GDP
2021-03-05,NFP
2021-03-05,ISM_Manufacturing
2021-03-10,CPI
2021-03-12,PPI
2021-03-17,FOMC
2021-03-25,GDP
2021-04-02,NFP
2021-04-02,ISM_Manufacturing
2021-04-09,PPI
2021-04-13,CPI
2021-04-28,FOMC
2021-04-29,GDP
2021-05-07,ISM_Manufacturing
2021-05-07,NFP
2021-05-12,CPI
2021-05-13,PPI
2021-05-27,GDP
2021-06-04,ISM_Manufacturing
2021-06-04,NFP
2021-06-10,CPI
2021-06-15,PPI
2021-06-16,FOMC
2021-06-24,GDP
2021-07-02,NFP
2021-07-02,ISM_Manufacturing
2021-07-13,CPI
2021-07-14,PPI
2021-07-28,FOMC
2021-07-29,GDP
2021-08-06,GDP
2021-08-06,NFP
2021-08-06,ISM_Manufacturing
2021-08-11,CPI
2021-08-12,PPI
2021-08-20,GDP
2021-08-26,GDP
2021-09-03,ISM_Manufacturing
2021-09-03,NFP
2021-09-10,PPI
2021-09-14,CPI
2021-09-22,FOMC
2021-09-30,GDP
2021-10-08,NFP
2021-10-08,ISM_Manufacturing
2021-10-13,CPI
2021-10-14,PPI
2021-10-28,GDP
2021-10-29,GDP
2021-11-03,FOMC
2021-11-05,ISM_Manufacturing
2021-11-05,NFP
2021-11-09,PPI
2021-11-10,CPI
2021-11-24,GDP
2021-12-03,ISM_Manufacturing
2021-12-03,NFP
2021-12-10,CPI
2021-12-14,PPI
2021-12-15,FOMC
2021-12-22,GDP
2022-01-07,ISM_Manufacturing
2022-01-07,NFP
2022-01-12,CPI
2022-01-13,PPI
2022-01-26,FOMC
2022-01-27,GDP
2022-02-04,ISM_Manufacturing
2022-02-04,NFP
2022-02-08,CPI
2022-02-10,CPI
2022-02-11,PPI
2022-02-15,PPI
2022-02-24,GDP
2022-03-04,ISM_Manufacturing
2022-03-04,NFP
2022-03-10,CPI
2022-03-15,PPI
2022-03-16,FOMC
2022-03-30,GDP
2022-04-01,ISM_Manufacturing
2022-04-01,NFP
2022-04-12,CPI
2022-04-13,PPI
2022-04-28,GDP
2022-05-04,FOMC
2022-05-06,ISM_Manufacturing
2022-05-06,NFP
2022-05-11,CPI
2022-05-12,PPI
2022-05-26,GDP
2022-06-03,NFP
2022-06-03,ISM_Manufacturing
2022-06-10,CPI
2022-06-14,PPI
2022-06-15,FOMC
2022-06-29,GDP
2022-07-08,NFP
2022-07-08,ISM_Manufacturing
2022-07-13,CPI
2022-07-14,PPI
2022-07-27,FOMC
2022-07-28,GDP
2022-08-05,NFP
2022-08-05,ISM_Manufacturing
2022-08-10,CPI
2022-08-11,PPI
2022-08-25,GDP
2022-09-02,NFP
2022-09-02,ISM_Manufacturing
2022-09-13,CPI
2022-09-14,PPI
2022-09-21,FOMC
2022-09-29,GDP
2022-10-06,GDP
2022-10-07,ISM_Manufacturing
2022-10-07,NFP
2022-10-12,PPI
2022-10-13,CPI
2022-10-27,GDP
2022-11-02,FOMC
2022-11-04,NFP
2022-11-04,ISM_Manufacturing
2022-11-10,CPI
2022-11-15,PPI
2022-11-30,GDP
2022-12-02,ISM_Manufacturing
2022-12-02,NFP
2022-12-09,PPI
2022-12-13,CPI
2022-12-14,FOMC
2022-12-22,GDP
2023-01-06,ISM_Manufacturing
2023-01-06,NFP
2023-01-12,CPI
2023-01-18,PPI
2023-01-26,GDP
2023-02-01,FOMC
2023-02-03,NFP
2023-02-03,ISM_Manufacturing
2023-02-10,CPI
2023-02-14,CPI
2023-02-14,PPI
2023-02-16,PPI
2023-02-23,GDP
2023-03-10,NFP
2023-03-10,ISM_Manufacturing
2023-03-14,CPI
2023-03-15,PPI
2023-03-22,FOMC
2023-03-30,GDP
2023-04-07,ISM_Manufacturing
2023-04-07,NFP
2023-04-12,CPI
2023-04-13,PPI
2023-04-27,GDP
2023-05-03,FOMC
2023-05-05,NFP
2023-05-05,ISM_Manufacturing
2023-05-10,CPI
2023-05-11,PPI
2023-05-25,GDP
2023-06-02,ISM_Manufacturing
2023-06-02,NFP
2023-06-13,CPI
2023-06-14,PPI
2023-06-14,FOMC
2023-06-29,GDP
2023-07-07,NFP
2023-07-07,ISM_Manufacturing
2023-07-12,CPI
2023-07-13,PPI
2023-07-26,FOMC
2023-07-27,GDP
2023-08-04,NFP
2023-08-04,ISM_Manufacturing
2023-08-10,CPI
2023-08-11,PPI
2023-08-30,GDP
2023-09-01,ISM_Manufacturing
2023-09-01,NFP
2023-09-13,CPI
2023-09-14,PPI
2023-09-20,FOMC
2023-09-28,GDP
2023-10-06,ISM_Manufacturing
2023-10-06,NFP
2023-10-11,PPI
2023-10-12,CPI
2023-10-26,GDP
2023-11-01,FOMC
2023-11-03,ISM_Manufacturing
2023-11-03,NFP
2023-11-14,CPI
2023-11-15,PPI
2023-11-17,GDP
2023-11-29,GDP
2023-12-08,ISM_Manufacturing
2023-12-08,NFP
2023-12-12,CPI
2023-12-13,PPI
2023-12-13,FOMC
2023-12-21,GDP
2024-01-05,NFP
2024-01-05,ISM_Manufacturing
2024-01-10,NFP
2024-01-10,ISM_Manufacturing
2024-01-11,CPI
2024-01-12,PPI
2024-01-25,GDP
2024-01-31,FOMC
2024-02-02,ISM_Manufacturing
2024-02-02,NFP
2024-02-09,CPI
2024-02-13,CPI
2024-02-14,PPI
2024-02-16,PPI
2024-02-28,GDP
2024-03-08,NFP
2024-03-08,ISM_Manufacturing
2024-03-12,CPI
2024-03-14,PPI
2024-03-20,FOMC
2024-03-28,GDP
2024-04-05,ISM_Manufacturing
2024-04-05,NFP
2024-04-10,CPI
2024-04-11,PPI
2024-04-25,GDP
2024-05-01,FOMC
2024-05-03,ISM_Manufacturing
2024-05-03,NFP
2024-05-14,PPI
2024-05-15,CPI
2024-05-30,GDP
2024-06-07,NFP
2024-06-07,ISM_Manufacturing
2024-06-12,CPI
2024-06-12,FOMC
2024-06-13,PPI
2024-06-27,GDP
2024-07-05,ISM_Manufacturing
2024-07-05,NFP
2024-07-11,CPI
2024-07-12,PPI
2024-07-25,GDP
2024-07-31,FOMC
2024-08-02,ISM_Manufacturing
2024-08-02,NFP
2024-08-13,PPI
2024-08-14,CPI
2024-08-29,GDP
2024-09-06,ISM_Manufacturing
2024-09-06,NFP
2024-09-11,CPI
2024-09-12,PPI
2024-09-18,FOMC
2024-09-26,GDP
2024-10-02,GDP
2024-10-04,ISM_Manufacturing
2024-10-04,NFP
2024-10-10,CPI
2024-10-11,PPI
2024-10-30,GDP
2024-11-01,ISM_Manufacturing
2024-11-01,NFP
2024-11-07,FOMC
2024-11-13,CPI
2024-11-14,PPI
2024-11-27,GDP
2024-12-06,NFP
2024-12-06,ISM_Manufacturing
2024-12-11,CPI
2024-12-12,PPI
2024-12-18,FOMC
2024-12-19,GDP
2025-01-10,ISM_Manufacturing
2025-01-10,NFP
2025-01-14,PPI
2025-01-15,CPI
2025-01-29,FOMC
2025-01-30,GDP
2025-02-07,ISM_Manufacturing
2025-02-07,NFP
2025-02-12,CPI
2025-02-13,PPI
2025-02-27,GDP
2025-03-07,NFP
2025-03-07,ISM_Manufacturing
2025-03-12,CPI
2025-03-13,PPI
2025-03-19,FOMC
2025-03-27,GDP
2025-04-04,ISM_Manufacturing
2025-04-04,NFP
2025-04-10,CPI
2025-04-11,PPI
2025-04-30,GDP
2025-05-02,ISM_Manufacturing
2025-05-02,NFP
2025-05-07,FOMC
2025-05-13,CPI
2025-05-15,PPI
2025-05-29,GDP
2025-06-06,NFP
2025-06-06,ISM_Manufacturing
2025-06-11,CPI
2025-06-12,PPI
2025-06-18,FOMC
2025-06-26,GDP
2025-07-03,NFP
2025-07-03,ISM_Manufacturing
2025-07-15,CPI
2025-07-16,PPI
2025-07-30,GDP
2025-07-30,FOMC
2025-08-01,NFP
2025-08-01,ISM_Manufacturing
2025-08-12,CPI
2025-08-14,PPI
2025-08-28,GDP
2025-09-05,ISM_Manufacturing
2025-09-05,NFP
2025-09-10,PPI
2025-09-11,CPI
2025-09-17,FOMC
2025-09-25,GDP
2025-10-24,CPI
2025-10-29,FOMC
2025-11-20,ISM_Manufacturing
2025-11-20,NFP
2025-11-25,PPI
2025-12-10,FOMC
2025-12-16,ISM_Manufacturing
2025-12-16,NFP
2025-12-18,CPI
2025-12-23,GDP
2026-01-09,ISM_Manufacturing
2026-01-09,NFP
2026-01-13,CPI
2026-01-14,PPI
2026-01-22,GDP
2026-01-28,FOMC
2026-01-30,PPI
2026-02-11,ISM_Manufacturing
2026-02-11,NFP
2026-02-13,CPI
2026-02-20,GDP
2026-02-27,PPI
2026-03-06,ISM_Manufacturing
2026-03-06,NFP
2026-03-11,CPI
2026-03-13,GDP
2026-03-18,FOMC
2026-04-29,FOMC
2026-06-17,FOMC
2026-07-29,FOMC
2026-09-16,FOMC
2026-10-28,FOMC
2026-12-09,FOMC
2027-01-27,FOMC
2027-03-17,FOMC
2027-04-28,FOMC
2027-06-09,FOMC
2027-07-28,FOMC
2027-09-15,FOMC
2027-10-27,FOMC
2027-12-08,FOMC
