Date,cb_global_net_tonnes,cb_global_3m_rolling,cb_global_6m_rolling,cb_global_12m_rolling,cb_global_yoy_change,cb_key_banks_net_tonnes,cb_china_net_tonnes
2002-01-01,-50.63418527982342,,,,,1.3745253018857713,0.0
2002-02-01,-35.23076602128882,,,,,-3.186744971473477,-0.6220646325154342
2002-03-01,-48.250123015314074,-134.11507431642633,,,,3.096151342385117,0.6220646325154342
2002-04-01,-94.81880317180892,-178.29969220841184,,,,0.9684475834356584,0.0
2002-05-01,-92.94465989738434,-236.01358608450732,,,,-41.48220230487357,0.0
2002-06-01,-33.65407748331561,-221.41754055250888,-355.5326148689352,,,-0.6156799251806685,-0.6220646325154342
2002-07-01,-31.737535811239624,-158.33627319193957,-336.6359654003514,,,1.2191115102819128,0.6220646325154342
2002-08-01,-25.82468930899689,-91.21630260355212,-327.2298886880595,,,0.012389299488041834,0.0
2002-09-01,-19.346020468430407,-76.90824558866692,-298.3257861411758,,,-1.1154358188797833,-0.6220646325154342
2002-10-01,-26.09009167933226,-71.26080145675957,-229.59707464869916,,,0.9902271501798916,0.6220646325154342
2002-11-01,-33.492835115182814,-78.92894726294548,-170.1452498664976,,,-0.2423486072036192,-0.6220646325154342
2002-12-01,29.357966725116185,-30.22496006939889,-107.13320565806582,-462.665820527001,,98.84565205079008,99.84137351870865
2003-01-01,-70.25478033773578,-74.38964872780241,-145.65045018456198,-482.28641558491336,-19.62059505791236,-0.3527253952517761,0.0
2003-02-01,-98.49818654971875,-139.39500016233836,-218.32394742528385,-545.5538361133433,-63.26742052842993,-1.067743186055494,0.0
2003-03-01,-1.632389466284324,-170.38535635373884,-200.61031642313773,-498.93610256431356,46.61773354902975,0.526495854562225,0.0
2003-04-01,-106.40091019091905,-206.53148620692212,-280.92113493472453,-510.5182095834237,-11.582107019110126,0.2054924005458592,0.0
2003-05-01,-24.375147661253745,-132.40844731845712,-271.80344748079546,-441.94869734729303,68.56951223613059,0.37706997147896126,0.0
2003-06-01,-52.944786544318504,-183.7208443964913,-354.10620075023013,-461.23940640829596,-19.290709061002893,18.287490686481288,0.0
2003-07-01,-36.401510390065845,-113.7214445956381,-320.25293080256023,-465.9033809871222,-4.66397457882622,-17.799572579386023,0.0
2003-08-01,-74.5348324222499,-163.88112935663426,-296.2895766750913,-514.6135241003752,-48.71014311325301,-0.015327517038351668,0.0
2003-09-01,-69.96138979987664,-180.89773261219239,-364.61857700868364,-565.2288934318215,-50.61536933144623,0.4876061086774931,0.0
2003-10-01,-15.263788697340559,-159.7600109194671,-273.48145551510515,-554.4025904498297,10.826302981991702,0.37250636062921244,0.0
2003-11-01,-101.75366725795368,-186.97884575517088,-350.85997511180517,-622.6634225926006,-68.26083214277087,1.1359079140723447,0.0
2003-12-01,-72.10838112333268,-189.12583707862692,-370.02356969081933,-724.1297704410495,-101.46634784844886,1.2753457016643361,0.0
2004-01-01,-39.776024379181365,-213.6380727604677,-373.3980836799348,-693.651014482495,30.478755958554416,0.2692326521775409,0.0
2004-02-01,-21.409220350590285,-133.29362585310432,-320.2724716082752,-616.5620482833666,77.08896619912846,-0.3053747122441041,0.0
2004-03-01,-43.786772472543774,-104.97201720231543,-294.09785428094233,-658.716431289626,-42.15438300625945,0.2466569377457101,0.0
2004-04-01,-16.79328411784311,-81.98927694097718,-295.62734970144487,-569.1088052165501,89.60762607307593,0.3306169833084452,0.0
2004-05-01,-65.30096305446574,-125.88101964485263,-259.17464549795693,-610.034620609762,-40.92581539321199,0.5307475270971294,0.0
2004-06-01,5.908449156129948,-76.18579801617891,-181.15781521849433,-551.1813849093136,58.85323570044845,0.13887509504400894,0.0
2004-07-01,-36.77520906298293,-96.16772296131873,-178.1569999022959,-551.5550835822307,-0.3736986729170866,-0.6503309797085602,0.0
2004-08-01,-40.035551460903875,-70.90231136775685,-196.7833310126095,-517.0558026208847,34.49928096134603,0.2784188946928159,0.0
2004-09-01,-6.923399573224065,-83.73416009711087,-159.91995811328977,-454.0178123942321,63.037990226652575,0.3091207116447433,0.0
2004-10-01,-67.60492786489172,-114.56387889901967,-210.7316018603384,-506.3589515617833,-52.34113916755116,-2.143999555919587,0.0
2004-11-01,-80.99028215199132,-155.51860959010713,-226.42092095786398,-485.595566455821,20.763385105962357,0.42885309943361644,0.0
2004-12-01,-107.07634937510714,-255.6715593919902,-339.4057194891011,-520.5635347075954,-34.967968251774465,0.3058422755121074,0.0
2005-01-01,-73.80512023621607,-261.87175176331453,-376.43563066233423,-554.5926305646301,-34.029095857034704,-0.1011050045080959,0.0
2005-02-01,-101.01243745703682,-281.89390706836,-437.41251665846715,-634.1958476710765,-79.60321710644654,0.11476510840067407,0.0
2005-03-01,-96.70563127867615,-271.523188971929,-527.1947483639192,-687.114706477209,-52.91885880613238,0.40771014897732066,0.0
2005-04-01,-76.42014379876953,-274.13821253448253,-536.0099642977971,-746.7415661581355,-59.626859680926415,0.43433566607788143,0.0
2005-05-01,-54.20207830273442,-227.32785338018013,-509.2217604485401,-735.6426814064041,11.098884751731319,0.2047684986401692,0.0
2005-06-01,-143.43542957656888,-274.05765167807283,-545.5808406500018,-884.986560139103,-149.34387873269884,7.599003763493202,0.0
2005-07-01,-65.53266435719951,-263.1701722365028,-537.3083847709853,-913.7440154333195,-28.757455294216577,-7.497736711148952,0.0
2005-08-01,-51.388356320739604,-260.356450254508,-487.6843036346881,-925.0968202931552,-11.352804859835729,0.3191497309579809,0.0
2005-09-01,-14.75768855138658,-131.6787092293257,-405.73636090739853,-932.9311092713177,-7.834288978162515,0.3997731952340509,0.0
2005-10-01,-124.18168570800029,-190.32773058012646,-453.4979028166293,-989.5078671144264,-56.57675784310857,0.25034095362477204,0.0
2005-11-01,-88.68119341034875,-227.62056766973564,-487.9770179242436,-997.1987783727837,-7.690911258357431,0.18630061274610227,0.0
2005-12-01,-83.44758299418413,-296.3104621125332,-427.9891713418589,-973.5700119918607,23.62876638092301,0.2785384591396857,0.0
2006-01-01,-26.522493802771837,-198.65127020730475,-388.9790007874312,-926.2873855584165,47.282626433444236,-0.22123877950608278,0.0
2006-02-01,-45.34384495593429,-155.31392175289025,-382.93448942262586,-870.6187930573141,55.66859250110254,-0.06186078193616817,0.0
2006-03-01,-67.03765270541359,-138.9039914641197,-435.2144535766529,-840.9508144840514,29.66797857326256,3.0807823084827732,0.0
2006-04-01,-41.791124722421344,-154.17262238376924,-352.82389259107396,-806.3217954077032,34.629019076348186,-3.0824791763889086,0.0
2006-05-01,-85.43704358081702,-194.26582100865195,-349.5797427615422,-837.5567606857858,-31.234965278082598,-0.008867002579080178,0.0
2006-06-01,-11.54342904017424,-138.7715973434126,-277.6755888075323,-705.6647601493912,131.89200053639465,0.0006339771680455443,0.0
2006-07-01,-53.34407710820361,-150.32454972919487,-304.49717211296405,-693.4761729003952,12.188587248995901,-1.0561067774010064,0.0
2006-08-01,-27.888342869153313,-92.77584901753116,-287.0416700261831,-669.976159448809,23.50001345158629,0.654031445375571,0.0
2006-09-01,-114.36609392218051,-195.5985138995374,-334.37011124295003,-769.584564819603,-99.60840537079393,3.05832465552953,0.0
2006-10-01,-26.454225383451284,-168.7086621747851,-319.03321190398,-671.8571044950538,97.727460324549,4.974128611869617,0.0
2006-11-01,-73.63453388731409,-214.4548531929459,-307.23070221047703,-656.8104449720192,15.046659523034663,5.8769236726493785,0.0
2006-12-01,-28.948326762425552,-129.03708603319092,-324.6355999327284,-602.3111887402607,54.49925623175858,8.98874843707878,0.0
2007-01-01,-19.307599104184945,-121.89045975392459,-290.59912192870974,-595.0962940416738,7.2148946985868925,1.3069114801943909,0.0
2007-02-01,-33.877082613630435,-82.13300848024093,-296.5878616731868,-583.6295316993699,11.466762342303852,-2.505993281695435,0.0
2007-03-01,-87.68793552198319,-140.87261723979856,-269.90970327298953,-604.2798145159396,-20.6502828165696,0.6422039127741014,0.0
2007-04-01,-96.8297673376376,-218.39478547325123,-340.28524522717584,-659.3184571311558,-55.03864261521626,1.7831857485092217,0.0
2007-05-01,-70.4157950932334,-254.93349795285417,-337.0665064330951,-644.2972086435723,15.02124848758362,2.4876622500074688,0.0
2007-06-01,-69.31597741746002,-236.56153984833102,-377.4341570881296,-702.069757020858,-57.77254837728578,4.251857298378896,0.0
2007-07-01,-114.97350572537607,-254.7052782360695,-473.10006370932075,-763.6991856380305,-61.629428617172465,-1.9602829461015183,0.0
2007-08-01,-39.677613411795534,-223.96709655463164,-478.90059450748583,-775.4884561806726,-11.789270542642221,10.76329000652919,0.0
2007-09-01,-64.36956600641498,-219.0206851435866,-455.58222499191766,-725.4919282649071,49.996527915765526,5.663036670712256,0.0
2007-10-01,-71.02829064741292,-175.07547006562345,-429.78074830169294,-770.0659935288688,-44.57406526396163,9.664009362061211,0.0
2007-11-01,-22.406841337148077,-157.80469799097597,-381.7717945456076,-718.8383009787028,51.22769255016601,13.845783303796455,0.0
2007-12-01,-61.616156449800506,-155.05128843436148,-374.0719735779481,-751.5061306660776,-32.667829687374955,5.132180181020506,0.0
2008-01-01,-29.96347039439435,-113.98646818134293,-289.06193824696635,-762.162001956287,-10.655871290209404,-1.3225180554306202,0.0
2008-02-01,148.12352250806296,56.54389566386811,-101.26080232710788,-580.1613968345937,182.0006051216934,0.34674420703150866,0.0
2008-03-01,-2.254189214805752,115.90586289886286,-39.14542553549863,-494.72765052741624,85.43374630717744,5.471829243257742,0.0
2008-04-01,-37.62099788424602,108.2483354090112,-5.738132772331738,-435.51888107402465,59.20876945339158,0.8738505178678816,0.0
2008-05-01,-17.89180770755341,-57.7669948066052,-1.2230991427370732,-382.9948936883447,52.52398738567999,2.8094713694731093,0.0
2008-06-01,-35.967272618347785,-91.48007821014724,24.425784688715645,-349.6461888892324,33.348704799112234,3.5854953500737063,0.0
2008-07-01,-47.878728833467356,-101.73780915936857,6.510526249642645,-282.5514119973237,67.09477689190871,13.904014836237463,0.0
2008-08-01,-7.960772475679686,-91.80677392749485,-149.57376873409999,-250.8345710612079,31.716840936115847,11.63956620322944,0.0
2008-09-01,-22.65822236014296,-78.49772366929002,-169.9778018794372,-209.12322741493585,41.71134364627203,10.610461851886086,0.0
2008-10-01,-9.816595371799576,-40.43559020762224,-142.17339936699076,-147.9115321393225,61.21169527561334,10.992795682869591,0.0
2008-11-01,-16.505116475942447,-48.979934207884995,-140.7867081353798,-142.00980727811688,5.901724861205629,3.1542111598357145,0.0
2008-12-01,-21.216072467985093,-47.53778431572713,-126.03550798501712,-101.60972329630147,40.40008398181541,9.592739386028112,0.0
2009-01-01,27.676973262719446,-10.044215681208112,-50.4798058888303,-43.969279639187675,57.64044365711379,4.150291001829241,0.0
2009-02-01,-53.72027784581774,-47.259377051083405,-96.23931125896836,-245.81307999306838,-201.8438003538807,1.3766885944499463,0.0
2009-03-01,-15.630230568140714,-41.67353515123902,-89.21131946696612,-259.18912134640334,-13.376041353334962,6.790796647070079,0.0
2009-04-01,423.77680222042267,354.4262938064642,344.38207812525616,202.20867875826534,461.3978001046687,459.7391414574971,454.1071817361824
2009-05-01,-1.9934310615410231,406.153140590741,358.8937635396575,218.1070554042777,15.898376646012387,3.272059967030575,0.0
2009-06-01,-1.2979859383334897,420.48538522054815,378.8118500693091,252.77634208429203,34.669286680014295,10.301390314453672,0.0
2009-07-01,18.565758179015166,15.274341179140652,369.70063498560484,319.22082909677454,66.44448701248253,16.769550744925812,0.0
2009-08-01,7.229039470983034,24.496811711664712,430.6499523024056,334.41064104343724,15.18981194666272,9.645087368977952,0.0
2009-09-01,-6.209803555677662,19.58499409432054,440.0703793148687,350.8590598479026,16.448418804465298,12.966968803454334,0.0
2009-10-01,22.69833665395576,23.717572569261133,38.991913748401785,383.37399187365787,32.514932025755336,19.72257145967591,0.0
2009-11-01,209.80158078759365,226.29011388587173,250.78692559753645,609.6806891371939,226.3066972635361,203.60901951721408,0.0
2009-12-01,45.022323536012976,277.5222409775624,297.1072350718829,675.919085141192,66.23839600399808,33.71872143946069,0.0
2010-01-01,3.1539399413959393,257.97784426500255,281.69541683426365,651.3960518198685,-24.523033321323506,4.579910609307941,0.0
2010-02-01,7.529910685666776,55.706174163075666,281.9962880489474,712.6462403513531,61.25018853148452,4.261750614291323,0.0
2010-03-01,30.24977393135269,40.933624558415374,318.4558655359778,758.5262448508464,45.8800044994934,21.277161861216758,0.0
2010-04-01,1.8399901487139276,39.619674765733365,297.59751903073595,336.5894327791377,-421.93681207170874,4.604207396347857,0.0
2010-05-01,21.1043563753315,53.19412045539808,108.90029461847381,359.68722021601025,23.097787436872522,19.726492757837697,0.0
2010-06-01,5.405644027954774,28.349990552000172,69.2836151104156,366.3908501822985,6.703629966288264,3.289122215256458,0.0
2010-07-01,38.52828150873042,65.03828191201667,104.6579566777501,386.3533735120138,19.962523329715257,19.218733818545612,0.0
2010-08-01,-0.6824554755804906,43.251470061104676,96.44559051650282,378.4418785654502,-7.911494946563525,6.159916487823391,0.0
2010-09-01,28.14455012070396,65.99037615385387,94.3403667058541,412.79623224183183,34.35435367638162,20.715592081119723,0.0
2010-10-01,5.0759852560663425,32.53807990118979,97.57636181320652,395.17388084394247,-17.622351397889418,19.160970856270716,0.0
2010-11-01,12.437384821172792,45.65792019794307,88.9093902590478,197.80968487752162,-197.36419596642085,8.958066560914432,0.0
2010-12-01,6.2849972374305985,23.798367314669704,89.78874346852363,159.07235857893923,-38.737326298582374,4.510601380986894,0.0
2011-01-01,9.389155169345683,28.111537227949043,60.64961712913889,165.30757380688897,6.235215227949744,2.147214114644028,0.0
2011-02-01,6.383678256414273,22.057830663190526,67.71575086113364,164.16134137763646,-1.1462324292525032,3.0800515380566784,0.0
2011-03-01,106.8572381543652,122.63007158012513,146.42843889479488,240.768805600649,76.60746422301251,17.2629866256076,0.0
2011-04-01,21.777893458381943,135.0188098691614,163.1303470971105,260.706708910317,19.937903309668016,13.717363441260607,0.0
2011-05-01,10.399774075092841,139.03490568783997,161.09273635103054,250.00212661007836,-10.704582300238657,6.035829709808098,0.0
2011-06-01,34.058388643311744,66.23605617678649,188.86612775691168,278.65487122543533,28.65274461535697,8.958006407266021,0.0
2011-07-01,8.681104831901507,53.139267550306066,188.1580774194675,248.8076945486064,-29.847176676828916,1.3068516375823442,0.0
2011-08-01,5.903597044056329,48.64309051926955,187.67799620710954,255.39374706824321,6.586052519636819,3.672040620823615,0.0
2011-09-01,55.76567591461576,70.35037779057356,136.5864339673601,283.014872862155,27.6211257939118,9.86058533171721,0.0
2011-10-01,24.602402636720935,86.27167559539299,139.4109431456991,302.5412902428096,19.526417380654593,22.66391132468415,0.0
2011-11-01,59.71676639478627,140.08484494612293,188.72793546539253,349.8206718164231,47.27938157361348,2.523210226743191,0.0
2011-12-01,33.56214514644013,117.8813141779473,188.23169196852092,377.0978197254326,27.277147909009532,17.787609343410775,0.0
2012-01-01,13.12599263987851,106.40490418110488,192.6765797764979,380.83465719596546,3.7368374705328264,7.623103169416815,0.0
2012-02-01,0.37434968768944366,47.06248747400805,187.14733242013105,374.8253286272406,-6.009328568724829,-1.5250437311402432,0.0
2012-03-01,86.6769358713133,100.17727819888123,218.05859237682859,354.6450263441887,-20.1803022830519,20.847500388789467,0.0
2012-04-01,36.674592027615894,123.72587758661862,230.13078176772353,369.5417249134226,14.896698569233951,2.1223289788796547,0.0
2012-05-01,28.199540371181406,151.5510682701106,198.61355574411868,387.3414912095112,17.799766296088563,17.284113557899598,0.0
2012-06-01,10.664938904746691,75.53907130354396,175.71634950242523,363.9480414709461,-23.393449738565053,8.285996205403881,0.0
2012-07-01,88.58115965646826,127.44563893239632,251.17151651901497,443.8480962955129,79.90005482456675,19.9728816211051,0.0
2012-08-01,29.000636289416136,128.24673485063107,279.79780312074166,466.94513554087274,23.097039245359806,1.4947310814568704,0.0
2012-09-01,8.142834120589647,125.72463006647402,201.26370137001803,419.3222937468466,-47.622841794026115,-2.532667568659136,0.0
2012-10-01,37.66063734371953,74.80410775372528,202.24974668612165,432.3805284538452,13.058234706998594,7.942628596310216,0.0
2012-11-01,42.24518023294116,88.0486516972503,216.29538654788138,414.9089422920001,-17.47158616184511,4.675199558331316,0.0
2012-12-01,69.12440945588233,149.030227032543,274.75485709901704,450.4712066014423,35.5622643094422,21.90323286989954,0.0
2013-01-01,30.75725756824841,142.12684725707186,216.93095501079722,468.1024715298122,17.6312649283699,13.63349905134925,0.0
2013-02-01,47.211109073352134,147.09277609748284,235.1414277947332,514.9392309154749,46.83675938566269,11.904111473984015,0.0
2013-03-01,52.665137431895296,130.6335040734958,279.6637311060388,480.9274324760569,-34.01179843941801,5.915604615716468,0.0
2013-04-01,48.532756044875654,148.40900255012306,290.53584980719495,492.7855964933167,11.85816401725976,11.001808030857198,0.0
2013-05-01,38.69370146804998,139.8915949448209,286.9843710423038,503.27975759018517,10.494161096868574,10.133250194392717,0.0
2013-06-01,15.11382950732128,102.34028702024689,232.97379109374273,507.72864819275986,4.448890602574588,1.6938831451625047,0.0
2013-07-01,29.063184285898195,82.87071526126942,231.27971781139252,448.21067282218974,-59.51797537057006,7.419534633444813,0.0
2013-08-01,31.535821751983757,75.7128355452032,215.60443049002416,450.74585828475733,2.535185462567622,15.26551696681427,0.0
2013-09-01,25.3187820696532,85.91778810753513,188.25807512778206,467.9218062338209,17.175947949063552,2.1426696836792143,0.0
2013-10-01,-1.5920132325226763,55.262590589114254,138.13330585038372,428.6691556575787,-39.2526505762422,2.4386578022455523,0.0
2013-11-01,23.32157629344092,47.04834513057142,122.76118067577467,409.7455517180785,-18.92360393950024,1.7973698485280987,0.0
2013-12-01,63.47836179696737,85.20792485788559,171.12571296542075,404.0995040591635,-5.646047658914959,22.517441292650187,0.0
2014-01-01,-8.154200480066162,78.6457376103421,133.9083281994564,365.18804601084895,-38.91145804831457,1.0302069920058483,0.0
2014-02-01,17.850421524742732,73.17458284164391,120.22292797221537,335.82735846223954,-29.360687548609402,9.137341637898178,0.0
2014-03-01,8.522821676571738,18.21904272124828,103.4269675791339,291.68504270691597,-44.14231575532356,0.32320531243118866,0.0
2014-04-01,66.42144975188972,92.79469295320416,171.44043056354633,309.5737364139301,17.88869370701407,30.418235078221848,0.0
2014-05-01,7.926590386868623,82.87086181533006,156.045444656974,278.8066253327487,-30.767111081181355,12.210032574149508,0.0
2014-06-01,35.202230963388985,109.5502711021473,127.76931382339563,298.8950267888164,20.088401456067707,18.46969483516218,0.0
2014-07-01,3.8028780309383743,46.931699381195955,139.72639233440017,273.6347205338566,-25.260306254959822,11.957646130680438,0.0
2014-08-01,35.69244860864096,74.69755760296829,157.5684194182984,277.7913473905138,4.156626856657201,31.966833272475395,0.0
2014-09-01,79.26975905969509,118.7650856992744,228.31535680142173,331.74232438055566,53.950976990041895,39.36977486404739,0.0
2014-10-01,16.30641359884993,131.26862126718595,178.20032064838193,349.64075121192826,17.898426831372603,20.832862090071536,0.0
2014-11-01,40.0746481156424,135.6508207741874,210.34837837715574,366.39382303412975,16.753071822201477,20.466558855232368,0.0
2014-12-01,15.851301315484266,72.23236302997657,190.997448729251,318.7667625526467,-47.627060481483106,24.889162340794392,0.0
2015-01-01,-4.771571281989097,51.154378149137536,182.42299941632353,322.14939175072374,3.3826291980770655,1.1848907324315934,0.0
2015-02-01,5.750385351450524,16.830115384945664,152.48093615913308,310.0493555774315,-12.100036173292207,2.673978952657386,0.0
2015-03-01,-1.6346609565359018,-0.6558468870745027,71.57651614290211,299.89187294432384,-10.157482633107639,32.819947111481035,0.0
2015-04-01,-11.81444747988314,-7.698723084968547,43.45565506416904,221.655975712551,-78.23589723177287,10.773911962924391,0.0
2015-05-01,12.522200145706938,-0.9269082907121327,15.903207094233574,226.25158547138932,4.5956097588383145,6.888079002210184,0.0
2015-06-01,631.1378276660629,631.8455803318867,631.1897334448122,822.1871821740632,595.9355967026739,630.7216505861945,604.3357904886318
2015-07-01,69.28566626901556,712.9456940807854,705.2469709958168,887.6699704121404,65.48278823807719,34.57661789689629,18.972971291717208
2015-08-01,46.857943777590584,747.281437712669,746.3545294219568,898.83546558109,11.165495168949626,47.824297844553804,16.173680445398276
2015-09-01,41.40945260254693,157.55306264915308,789.3986429810398,860.9751591239418,-37.86030645714816,52.64584087586514,14.92955118036764
2015-10-01,17.601924576245537,105.86932095638305,818.8150150371685,862.2706701013375,1.2955109773956082,35.27741413952972,13.996454231594663
2015-11-01,79.8580253172297,138.86940249602216,886.1508402086912,902.0540473029248,39.78337720158731,45.499136418774555,20.839165189263163
2015-12-01,27.239691183472466,124.6996410769477,282.2527037261008,913.442437170913,11.3883898679882,43.73769002519174,18.972971291717208
2016-01-01,34.4965100933811,141.59422659408327,247.46354755046633,952.7105185462831,39.268081375370194,38.74353929893407,16.173680445398276
2016-02-01,-45.42135935872147,16.314841918132096,155.18424441415428,901.5387738361111,-51.17174471017199,23.665567011912234,9.953034120245093
2016-03-01,20.03783057259514,9.11298130725477,133.81262238420248,923.2112653652423,21.672491529131044,25.12479247660715,9.019937171472115
2016-04-01,-2.893964028977061,-28.277492815103386,113.31673377897988,932.1317488161484,8.92048345090608,30.357590868090256,10.88613106901807
2016-05-01,-13.947020960602968,3.1968455830151115,19.511687501147208,905.6625277098384,-26.469221106309906,7.858281764175922,0.0
2016-06-01,52.30683101916778,35.46584602958775,44.57882733684252,326.8315310629433,-578.8309966468951,35.780931946129485,14.92955118036764
2016-07-01,-0.7120501136420518,37.64775994492276,9.370267129819373,256.8338146802857,-69.99771638265761,15.842019563932698,5.2875493763802055
2016-08-01,17.281931726275218,68.87671263180096,72.07355821481606,227.25780262897032,-29.576012051315367,27.66068050760475,4.976517060122546
2016-09-01,24.09929260823283,40.669174220866,76.13502025045375,209.94764263465623,-17.3101599943141,25.6592805530903,4.976517060122546
2016-10-01,30.00376197828804,71.38498631279609,109.03274625771886,222.3494800366987,12.401837402042503,47.894505829914934,4.043420111349569
2016-11-01,2.8570888657145073,56.96014345223538,125.83685608403633,145.3485435851835,-77.0009364515152,35.21355677894837,0.0
2016-12-01,-13.845656186320275,19.015194657682272,59.68436887854827,104.26319621539079,-41.08534736979274,3.3943554788335977,0.0
2017-01-01,72.3559987386391,61.367431418033334,132.75241773082942,142.1226848606488,37.859488645258004,31.723850580077254,0.0
2017-02-01,-4.463730859296447,54.04661169302238,111.00675514525776,183.08031336007383,40.95762849942502,14.285309103915557,0.0
2017-03-01,43.288444334893555,111.18071221423621,130.19590687191848,206.33092712237223,23.250613762298414,28.51501567603156,0.0
2017-04-01,24.091648699277812,62.91636217487492,124.28379359290825,233.3165398506271,26.98561272825487,10.405563627475287,0.0
2017-05-01,40.37526882025838,107.75536185442974,161.80197354745212,287.6388296314884,54.32228978086135,23.990262013622907,0.0
2017-06-01,47.06330743013516,111.53022494967135,222.71093716390754,282.3953060424558,-5.24352358903262,12.681484526140673,0.0
2017-07-01,44.47884014415179,131.91741639454534,194.83377856942025,327.5861963002497,45.19089025779384,15.537667047459246,0.0
2017-08-01,12.362855168356644,103.90500274264359,211.66036459707334,322.6671197423311,-4.919076557918574,19.57065273241892,0.0
2017-09-01,62.833194783159485,119.67489009566792,231.20511504533928,361.4010219172577,38.733902174926655,38.22297250474417,0.0
2017-10-01,83.6897785711096,158.88582852262573,290.803244917171,415.0870385100793,53.68601659282156,24.959430789089534,0.0
2017-11-01,58.30894071431268,204.83191406858177,308.73691681122534,470.53889035867746,55.451851848598174,31.08091390625334,0.0
2017-12-01,38.52987553531938,180.52859482074166,300.2034849164096,522.9144220803172,52.37553172163965,14.682695063918544,0.0
2018-01-01,35.101858223694805,131.94067447332685,290.8265029959526,485.6602815653728,-37.2541405149443,22.03963811389942,0.0
2018-02-01,35.66271914613986,109.29445290515403,314.1263669737358,525.7867315708091,40.126450005436304,26.848244004852933,0.0
2018-03-01,15.391400687092098,86.15597805692676,266.6845728776684,497.88968792300767,-27.897043647801457,15.601120182886126,0.0
2018-04-01,53.05194687429112,104.10606670752307,236.04674118084995,526.849986098021,28.960298175013307,23.855410096109452,0.0
2018-05-01,27.147781336005504,95.59112889738871,204.88558180254276,513.6224986137681,-13.227487484252872,23.77272268358384,0.0
2018-06-01,19.029851087421246,99.22957929771786,185.38555735464462,485.58904227105415,-28.033456342713915,23.13980821747691,0.0
2018-07-01,54.4952158270585,100.67284825048526,204.7789149580083,495.6054179539609,10.016375682906713,39.544354234704976,0.0
2018-08-01,-29.131555247120108,44.39351166735963,139.98464056474836,454.11100753848416,-41.49441041547675,47.34802702870829,0.0
2018-09-01,76.25429798911205,101.61795856905044,200.8475378667683,467.53211074443675,13.421103205952562,52.638106964016636,0.0
2018-10-01,107.99163329992147,155.11437604191343,255.78722429239866,491.83396547324855,24.301854728811875,53.55842798046396,0.0
2018-11-01,82.89437779342676,267.14030908246025,311.53382074981994,516.4194025523626,24.585437079114072,47.34588373612029,0.0
2018-12-01,-5.41546416487374,185.4705469284745,287.0885054975249,472.4740628521696,-43.94533970019312,27.15394252122794,9.953034120245093
2019-01-01,70.45856238265644,147.93747601120947,303.05185205312284,507.8307670111312,35.356704158961634,27.379229013094513,11.81922801779105
2019-02-01,46.247961205001005,111.2910594227837,378.431368505244,518.4160090699924,10.585242058861148,44.46057671612081,9.953034120245093
2019-03-01,69.67912563439218,186.3856492220496,371.8561961505241,572.7037340172924,54.28772494730008,39.756510404030884,11.19716338527573
2019-04-01,60.02248739537047,175.94957423476365,323.8870502459731,579.6742745383718,6.97054052107935,40.576605890952166,14.92955118036764
2019-05-01,45.99386588635349,175.69547891611614,286.98653833889983,598.5203590887197,18.846084550347985,31.552377313302813,15.862648129140618
2019-06-01,141.69607684581706,247.712430127541,434.09807934959065,721.1865848471156,122.66622575839581,126.42658290566386,10.264066436502752
2019-07-01,26.559396147481777,214.24933887965233,390.198913114416,693.2507651675388,-27.935819679576724,27.240046281608635,9.953034120245093
2019-08-01,36.33369476319072,204.58916775648956,380.28464667260573,758.7160151778496,65.46525001031083,14.527119809648209,5.909614008895525
2019-09-01,79.07479072902528,141.9678816396978,389.6803117672388,761.5365079177628,2.8204927399132345,17.475213772510973,5.909614008895525
2019-10-01,70.81504663128437,186.22353212350038,400.4728710031527,724.3599212491258,-37.1765866686371,17.55382190289575,0.0
2019-11-01,51.97630851115983,201.86614587146948,406.4553136279591,693.4418519668588,-30.918069282266927,21.50507051102615,0.0
2019-12-01,8.055402059683765,130.84675720212798,272.81463884182574,706.9127181914164,13.470866224557504,15.041623791521175,0.0
2020-01-01,13.868736456627676,73.90044702747127,260.12397915097165,650.3228922653876,-56.589825926028766,9.081633836546343,0.0
2020-02-01,62.560179110178446,84.48431762648988,286.35046349795937,666.6351101705651,16.31221790517744,19.569881714410155,0.0
2020-03-01,68.0148548107316,144.44377037753773,275.2905275796657,664.9708393469045,-1.6642708236605728,13.151867095891305,0.0
2020-04-01,55.97248841153026,186.5475223324403,260.44796935991155,660.9208403630643,-4.0499989838402115,-2.709803800814984,0.0
2020-05-01,44.84817652808993,168.8355197503518,253.3198373768417,659.7751510048007,-1.14568935826356,-1.0805346334484547,0.0
2020-06-01,27.51245633635609,128.33312127597628,272.776891653514,545.5915304953397,-114.18362050946097,10.140215389879108,0.0
2020-07-01,3.086566485263708,75.44719934970972,261.99472168215004,522.1187008331217,-23.472829662218068,4.239140052346695,0.0
2020-08-01,-45.164542024691386,-14.565519203071588,154.2700005472802,440.6204640452396,-81.4982367878821,5.276823525769016,0.0
2020-09-01,13.684744650314391,-28.39323088911329,99.93989038686298,375.2304179665287,-65.3900460787109,0.9769388510466451,0.0
2020-10-01,14.709675976968455,-16.770121397408538,58.67707795230119,319.1250473122128,-56.10537065431592,3.032509278809327,0.0
2020-11-01,-12.482494706885381,15.911925920397465,1.346406717325877,254.66624409416755,-64.4588032180452,4.5189588815308115,0.0
2020-12-01,48.703984420136536,50.93116569021961,22.53793480110632,295.31482645462034,40.64858236045277,5.250603309380858,0.0
2021-01-01,-25.842358386825392,10.37913132642576,-6.390990070982777,255.60373161116726,-39.71109484345307,-0.26963354172504017,0.0
2021-02-01,17.199569449050763,40.0611954823619,55.97312140275937,210.24312195003958,-45.36060966112768,12.819701066843997,0.0
2021-03-01,173.58683696527663,164.944048027502,215.8752137177216,315.81510410458463,105.57198215454503,10.997039034537098,0.0
2021-04-01,62.97923622777151,253.7656426420989,264.14477396852465,322.82185192082585,7.006747816241251,1.486919945802628,0.0
2021-05-01,75.90849848967405,312.47457168272217,352.53576716508405,353.88217388241,31.060321961584116,24.559100084678533,0.0
2021-06-01,24.208539601222682,163.09627431866824,328.0403223461702,350.57825714727653,-3.3039167351334093,-1.1631991228888872,0.0
2021-07-01,32.596788131494094,132.71382622239082,386.4794688644897,380.08847879350697,29.510221646230384,10.159740091356335,0.0
2021-08-01,22.04317866090163,78.84850639361841,391.3230780763406,447.2961994791,67.20772068559302,19.581207157562837,0.0
2021-09-01,8.814045571345162,63.45401236374089,226.55028668240914,442.4255004001307,-4.8706990789692295,27.877570925408257,0.0
2021-10-01,8.04204762460105,38.89927185684785,171.61309807923865,435.7578720477633,-6.667628352367405,9.692601380983414,0.0
2021-11-01,-35.721405453285165,-18.865312257338957,59.98319413627945,412.51896130136356,-23.23891074639978,7.432966507330967,0.0
2021-12-01,-13.480938032742586,-41.160295861426704,22.293716502314183,350.33403884848445,-62.18492245287912,0.4750644403782758,0.0
2022-01-01,4.014015017337625,-45.18832846869013,-6.289056611842286,380.19041225264743,29.856373404163016,-21.024723882190322,0.0
2022-02-01,40.756878513530296,31.289955498125337,12.42464324078638,403.747721317127,23.557309064479533,-2.5799210066964893,0.0
2022-03-01,4.694883413022519,49.46577694389044,8.30548108246374,234.85576776487287,-168.8919535522541,-3.4023051538053455,0.0
2022-04-01,40.83661260050515,86.28837452705795,41.10004605836784,212.7131441376065,-22.14262362726636,24.886468943423157,0.0
2022-05-01,50.04703771684433,95.57853373037199,126.86848922849734,186.85168336477676,-25.861460772829716,6.89233796771488,0.0
2022-06-01,72.96378915641299,163.84743947376245,213.3132164176529,235.60693291996708,48.755249555190304,10.171062225243244,0.0
2022-07-01,50.473724414112056,173.48455128736936,259.7729258144273,253.48386920258503,17.87693628261796,5.345837916590488,0.0
2022-08-01,31.613781902729166,155.0512954732542,250.6298292036262,263.05447244441257,9.570603241827534,2.023818481540194,0.0
2022-09-01,77.39398798812647,159.4814943049677,323.3289337787302,331.63441486119393,68.57994241678131,13.951559624758229,0.0
2022-10-01,36.51707137352197,145.5248412643776,319.009392551747,360.1094386101148,28.475023748920922,6.554284969186053,0.0
2022-11-01,82.793622969557,196.70468233120545,351.7559778044597,478.624467032957,118.51502842284216,28.307347143168176,32.03632857453889
2022-12-01,50.704571287054065,170.01526563013306,329.4967599351007,542.8099763527537,64.18550931979665,2.5660379148393737,30.17013467699294
2023-01-01,84.36643686935625,217.86463112596735,363.38947239034496,623.1623982047723,80.35242185201862,60.38986342571016,14.929551180367872
2023-02-01,78.83173219937487,213.9027403557852,410.6074226869907,661.2372518906169,38.07485368584457,22.29004489697957,24.8825853006125
2023-03-01,-17.09606028992748,146.10210877880365,316.11737440893666,639.4463081876668,-21.79094370295,25.261297314089887,18.03987434294423
2023-04-01,-155.37858568472464,-93.64291377527722,124.22171735069006,443.23110990243697,-196.2151982852298,9.895804982737959,8.08684022269937
2023-05-01,-100.39797262377964,-272.87261859843176,-58.96987824264657,292.7860995618131,-150.44501034062398,42.32487233902173,15.862648129140386
2023-06-01,101.3967791227318,-154.37977918577246,-8.277670406968838,321.2190895281319,28.432989966318814,31.623714969985446,21.150197505520822
2023-07-01,38.27824471114664,39.27705121009883,-54.365862565178446,309.0236098251665,-12.195479702965415,43.807737046620616,23.016391403066777
2023-08-01,97.02000475874424,236.6950285926227,-36.17759000580908,374.42983268118155,65.40622285601506,50.91775724593634,28.926005411962304
2023-09-01,88.48565373255326,223.78390320244415,69.40412401667166,385.52149842560834,11.091665744426791,47.195032285154404,26.126714565643372
2023-10-01,55.74636635243708,241.2520248437346,280.52907605383336,404.75079340452345,19.229294978915107,30.41770890485526,23.016391403066777
2023-11-01,64.0021432307481,208.2341633157385,444.92919190836113,385.9593136657145,-18.791479738808903,27.101896084103164,11.81922801779105
2023-12-01,38.85453967931635,158.60304926250157,382.3869524649457,374.1092820579768,-11.850031607737712,-1.243006127336649,9.019937171472115
2024-01-01,57.74247585325101,160.5991587633155,401.85118360705,347.4853210418716,-26.62396101610524,20.811578333489305,9.953034120245093
2024-02-01,39.57815359052934,136.17516912309674,344.4093324388351,308.23174243302606,-39.25357860884553,25.616057292152654,12.130260334048709
2024-03-01,16.2474089702685,113.56803841404887,272.17108767655037,341.57521169322206,33.343469260195974,22.094019128487112,4.976517060122546
2024-04-01,12.814970344187094,68.64053290498497,229.23969166830042,509.76876772213376,168.19355602891173,25.360419582594503,1.866193897545955
2024-05-01,25.125908080663415,54.18828739511903,190.3634565182157,635.2926484265769,125.52388070444306,2.5688706416597764,0.0
2024-06-01,9.568023605099441,47.50890202994998,161.07694044399878,543.4638929089446,-91.82875551763236,-5.182984977139165,0.0
2024-07-01,1.7421203738467588,36.43605205960964,105.07658496459455,506.9277685716446,-36.53612433729988,15.863527417498606,0.0
2024-08-01,8.158726739394046,19.468870718340273,73.65715811345926,418.0664905522944,-88.8612780193502,0.7450044788617172,0.0
2024-09-01,56.480151908707036,66.38099902194787,113.88990105189778,386.06098872844814,-32.005501823846224,21.394720568566157,0.0
2024-10-01,71.16555035085948,135.8044289989606,172.24048105857017,401.48017272687053,15.419183998422398,26.1453129918214,0.0
2024-11-01,70.00427993622169,197.64998219578823,217.11885291412847,407.4823094323441,6.002136705473589,34.26391259991856,4.976517060122546
2024-12-01,29.031409164510883,170.20123945159207,236.5822384735399,397.6591789175387,-9.82313051480547,-3.6361164504955372,10.264066436502752
2025-01-01,16.71221269332789,115.74790179406048,251.552330793021,356.6289157576155,-41.03026315992312,11.637315480079309,4.97651706012301
2025-02-01,30.601030587566502,76.34465244540529,273.9946346411935,347.6517927546527,-8.977123002962838,25.83915125501491,4.976517060122084
2025-03-01,34.40171775732293,81.71496103821733,251.91620048980934,365.8061015417071,18.15430878705443,25.740186401667536,2.799290846319396
2025-04-01,19.12126124193189,84.12400958682133,199.87191138088178,372.1123924394519,6.3062908977447965,15.541730646013658,2.177226213803151
2025-05-01,34.72253164688671,88.24551064614154,164.5901630915468,381.70901600567527,9.596623566223293,10.054733351995413,1.866193897545955
2025-06-01,42.31796840908503,96.16176129790364,177.87672233612093,414.4589608096608,32.74994480398559,4.360243227271738,2.1772262138040777
2025-07-01,25.856945398797876,102.89744545476964,187.02145504159094,438.57378583461195,24.114825024951116,4.286671518770353,1.8661938975454915
2025-08-01,25.668578509468006,93.84349231735092,182.08900296349245,456.0836376046859,17.509851770073958,6.495484650554832,1.866193897545955
2025-09-01,43.9812529202913,95.5067768285572,191.66853812646082,443.58473861627016,-12.498898988415739,13.06003729277494,1.2441292650306366
2025-10-01,56.434493051050815,126.08432448081012,228.98176993557973,428.8536813164615,-14.731057299808661,14.043892382818703,0.933096948773441
2025-11-01,50.12021728549517,150.5359632568373,244.37945557418823,408.96961866573497,-19.88406265072652,21.488111042862812,0.933096948772514
2025-12-01,40.37599156741268,146.9307019039587,242.43747873251584,420.31420106863675,11.3445824029018,4.7033325203232295,0.933096948773441
2026-01-01,58.60374208858288,149.09995094149073,275.18427542230086,462.2057304638918,41.89152939525499,-9.128599794718864,1.2441292650301732
2026-02-01,20.358723010145745,119.33845666614133,269.8744199229786,451.96342288647105,-10.242307577420757,15.04978849801695,0.9330969487729776
