signal_date,signal_type,spot,strike_atm,expiry,actual_dte,rv,error,rv_pctile,regime,days_to_fomc,days_to_nfp,straddle_score,short_vol_score,long_call_entry,long_call_pnl_close,long_call_pnl_pct,long_call_max_pnl_pct,short_put_entry_premium,short_put_pnl_close,short_put_pnl_pct,straddle_entry,straddle_pnl_close,straddle_pnl_pct,straddle_max_pnl_pct,entry_date,exit_date,ic_short_call_k,ic_long_call_k,ic_short_put_k,ic_long_put_k,ic_credit,ic_debit_at_exit,ic_stopped,ic_pnl,ic_pnl_pct_of_credit,ic_max_loss
2024-11-08,SELL PUT,247.9600067138672,,,,21.313770320234696,无历史 K 线 (所有候选 expiry 在信号日均无数据),0.9484126984126984,Bull,82,56,0.0,5.0,,,,,,,,,,,,,,,,,,,,,,,
2024-11-11,SELL PUT,242.13999938964844,240.0,2027-01-15,795.0,23.83048405018177,,0.996031746031746,Bull,79,53,0.0,5.0,35.29999923706055,-4.579999923706055,-12.974504313579793,-3.682717465035268,13.0,-2.560000419616699,-19.692310920128456,48.29999923706055,-1.3399991989135742,-2.774325507412004,0.5176023008232401,,,,,,,,,,,,
2024-11-12,SELL PUT,240.0500030517578,240.0,2027-01-15,794.0,22.272386343494766,,0.9563492063492064,Bull,78,52,0.0,5.0,32.650001525878906,-1.930002212524414,-5.911185673282937,0.0,15.100000381469727,-0.46000003814697266,-3.0463577915631785,47.75000190734863,-0.7900018692016602,-1.6544541102522563,1.6753910054554961,,,,,,,,,,,,
2024-11-13,SELL PUT,237.6300048828125,240.0,2027-01-15,793.0,21.28237774881401,,0.9365079365079365,Bull,77,51,0.0,5.0,32.45000076293945,1.3999977111816406,4.314322583254149,4.314322583254149,14.430000305175781,-1.130000114440918,-7.830908458370629,46.880001068115234,0.07999897003173828,0.1706462632445383,3.562286770999611,,,,,,,,,,,,
2024-11-14,SELL PUT,237.0099945068359,,,,20.983580718582886,无历史 K 线 (所有候选 expiry 在信号日均无数据),0.9206349206349206,Bull,76,50,0.0,5.0,,,,,,,,,,,,,,,,,,,,,,,
2024-11-15,SELL PUT,236.58999633789065,,,,21.097756633117186,无历史 K 线 (所有候选 expiry 在信号日均无数据),0.9206349206349206,Bull,75,49,0.0,5.0,,,,,,,,,,,,,,,,,,,,,,,
2024-11-18,SHORT_VOL,241.08999633789065,,,,24.470731116176474,无历史 K 线 (所有候选 expiry 在信号日均无数据),1.0,Bull,72,46,0.0,6.0,,,,,,,,,,,,,,,,,,,,,,,
2024-11-19,SHORT_VOL,243.25,,,,25.222626951554744,无历史 K 线 (所有候选 expiry 在信号日均无数据),1.0,Bull,71,45,0.0,6.0,,,,,,,,,,,,,,,,,,,,,,,
2024-11-20,SHORT_VOL,244.6199951171875,,,,20.606819481054774,无历史 K 线 (所有候选 expiry 在信号日均无数据),0.9047619047619048,Bull,70,44,0.0,6.0,,,,,,,,,,,,,,,,,,,,,,,
2024-11-21,SHORT_VOL,246.66000366210935,,,,19.214860157993574,无历史 K 线 (所有候选 expiry 在信号日均无数据),0.873015873015873,Bull,69,43,1.0,6.0,,,,,,,,,,,,,,,,,,,,,,,
2024-11-22,SHORT_VOL,249.83999633789065,,,,20.117295071273013,无历史 K 线 (所有候选 expiry 在信号日均无数据),0.8968253968253969,Bull,68,42,0.0,6.0,,,,,,,,,,,,,,,,,,,,,,,
2024-11-25,SELL PUT,242.47999572753903,240.0,2027-01-15,781.0,22.33023440400749,,0.9484126984126984,Bull,65,39,0.0,5.0,36.400001525878906,1.7999992370605469,4.945052641772074,4.945052641772074,13.390000343322754,-0.1099996566772461,-0.8215060034117181,49.79000186920166,-0.9000024795532227,-1.8075967980831358,-1.8075967980831358,,,,,,,,,,,,
2024-11-26,SELL PUT,242.9499969482422,,,,21.786812901752878,无历史 K 线 (所有候选 expiry 在信号日均无数据),0.9365079365079365,Bull,64,38,0.0,6.0,,,,,,,,,,,,,,,,,,,,,,,
2024-11-26,SHORT_VOL,242.9499969482422,,,,21.786812901752878,无历史 K 线 (所有候选 expiry 在信号日均无数据),0.9365079365079365,Bull,64,38,0.0,6.0,,,,,,,,,,,,,,,,,,,,,,,
2024-11-27,SELL PUT,243.4900054931641,,,,20.849939613166722,无历史 K 线 (所有候选 expiry 在信号日均无数据),0.8968253968253969,Bull,63,37,0.0,5.0,,,,,,,,,,,,,,,,,,,,,,,
2024-12-02,SELL PUT,243.44000244140625,,,,21.634059095002154,无历史 K 线 (所有候选 expiry 在信号日均无数据),0.9285714285714286,Bull,58,32,0.0,5.0,,,,,,,,,,,,,,,,,,,,,,,
2024-12-03,SELL PUT,243.92999267578125,,,,19.716298302159778,无历史 K 线 (所有候选 expiry 在信号日均无数据),0.8650793650793651,Bull,57,31,3.0,7.0,,,,,,,,,,,,,,,,,,,,,,,
2024-12-03,SHORT_VOL,243.92999267578125,,,,19.716298302159778,无历史 K 线 (所有候选 expiry 在信号日均无数据),0.8650793650793651,Bull,57,31,3.0,7.0,,,,,,,,,,,,,,,,,,,,,,,
2024-12-04,SHORT_VOL,244.6699981689453,,,,19.285156625955906,无历史 K 线 (所有候选 expiry 在信号日均无数据),0.8492063492063492,Bull,56,30,3.0,7.0,,,,,,,,,,,,,,,,,,,,,,,
2024-12-05,BUY CALL,242.86000061035156,,,,19.44252033163894,无历史 K 线 (所有候选 expiry 在信号日均无数据),0.8492063492063492,Bull,55,29,3.0,6.0,,,,,,,,,,,,,,,,,,,,,,,
2024-12-05,SHORT_VOL,242.86000061035156,,,,19.44252033163894,无历史 K 线 (所有候选 expiry 在信号日均无数据),0.8492063492063492,Bull,55,29,3.0,6.0,,,,,,,,,,,,,,,,,,,,,,,
2024-12-06,BUY CALL,242.9499969482422,,,,18.808689883852374,无历史 K 线 (所有候选 expiry 在信号日均无数据),0.8214285714285714,Bull,54,28,3.0,6.0,,,,,,,,,,,,,,,,,,,,,,,
2024-12-06,SHORT_VOL,242.9499969482422,,,,18.808689883852374,无历史 K 线 (所有候选 expiry 在信号日均无数据),0.8214285714285714,Bull,54,28,3.0,6.0,,,,,,,,,,,,,,,,,,,,,,,
2024-12-09,SHORT_VOL,245.36000061035156,245.0,2027-01-15,767.0,18.23092715774012,,0.7817460317460317,Bull,51,25,1.0,7.0,31.68,1.5900000000000034,5.018939393939403,5.018939393939403,14.2,0.3899999999999988,2.746478873239428,45.879999999999995,1.20000000000001,2.6155187445510246,2.6155187445510246,,,,,,,,,,,,
2024-12-12,BUY CALL,247.27999877929688,,,,14.706476067327165,无历史 K 线 (所有候选 expiry 在信号日均无数据),0.5515873015873016,Bull,48,22,1.0,5.0,,,,,,,,,,,,,,,,,,,,,,,
2024-12-13,BUY CALL,244.2899932861328,,,,15.58719765289501,无历史 K 线 (所有候选 expiry 在信号日均无数据),0.6388888888888888,Bull,47,21,2.0,6.0,,,,,,,,,,,,,,,,,,,,,,,
2024-12-13,SHORT_VOL,244.2899932861328,,,,15.58719765289501,无历史 K 线 (所有候选 expiry 在信号日均无数据),0.6388888888888888,Bull,47,21,2.0,6.0,,,,,,,,,,,,,,,,,,,,,,,
2024-12-16,BUY CALL,244.8800048828125,,,,14.925026540671658,无历史 K 线 (所有候选 expiry 在信号日均无数据),0.5714285714285714,Bull,44,18,4.0,6.0,,,,,,,,,,,,,,,,,,,,,,,
2024-12-16,SHORT_VOL,244.8800048828125,,,,14.925026540671658,无历史 K 线 (所有候选 expiry 在信号日均无数据),0.5714285714285714,Bull,44,18,4.0,6.0,,,,,,,,,,,,,,,,,,,,,,,
2024-12-17,BUY CALL,243.94000244140625,,,,15.05788668755452,无历史 K 线 (所有候选 expiry 在信号日均无数据),0.5952380952380952,Bull,43,17,4.0,6.0,,,,,,,,,,,,,,,,,,,,,,,
2024-12-17,SHORT_VOL,243.94000244140625,,,,15.05788668755452,无历史 K 线 (所有候选 expiry 在信号日均无数据),0.5952380952380952,Bull,43,17,4.0,6.0,,,,,,,,,,,,,,,,,,,,,,,
2024-12-18,BUY CALL,239.2599945068359,240.0,2027-01-15,758.0,17.755103653267543,,0.7777777777777778,Bull,42,16,2.0,7.0,34.0,-1.25,-3.676470588235292,-3.676470588235292,14.289999961853027,0.9399995803833008,6.5780236731463795,45.22000026702881,0.880000114440918,1.9460418161088584,1.9460418161088584,,,,,,,,,,,,
2024-12-18,SHORT_VOL,239.2599945068359,240.0,2027-01-15,758.0,17.755103653267543,,0.7777777777777778,Bull,42,16,2.0,7.0,34.0,-1.25,-3.676470588235292,-3.676470588235292,14.289999961853027,0.9399995803833008,6.5780236731463795,45.22000026702881,0.880000114440918,1.9460418161088584,1.9460418161088584,,,,,,,,,,,,
2024-12-19,BUY CALL,239.6000061035156,240.0,2027-01-15,757.0,17.585668367016947,,0.7658730158730159,Bull,41,15,2.0,8.0,30.93000030517578,1.6699981689453125,5.399282743187883,5.884253724108968,14.289999961853027,1.6999998092651367,11.896429767692544,45.22000026702881,-0.03000164031982422,-0.06634595343357234,1.9460418161088584,,,,,,,,,,,,
2024-12-19,SHORT_VOL,239.6000061035156,240.0,2027-01-15,757.0,17.585668367016947,,0.7658730158730159,Bull,41,15,2.0,8.0,30.93000030517578,1.6699981689453125,5.399282743187883,5.884253724108968,14.289999961853027,1.6999998092651367,11.896429767692544,45.22000026702881,-0.03000164031982422,-0.06634595343357234,1.9460418161088584,,,,,,,,,,,,
2024-12-20,SHORT_VOL,242.1000061035156,240.0,2027-01-15,756.0,18.55143022661465,,0.8214285714285714,Bull,40,14,2.0,8.0,32.45000076293945,0.14999771118164062,0.46224255055473673,0.9244968567247991,13.199999809265137,0.6099996566772461,4.621209587056847,45.65000057220459,-0.46000194549560547,-1.0076712808974022,0.9857607965488898,,,,,,,,,,,,
2024-12-23,SHORT_VOL,240.9600067138672,240.0,2027-01-15,753.0,17.728144172330325,,0.7698412698412699,Bull,37,11,2.0,8.0,32.45000076293945,1.5999984741210938,4.930657739609123,5.51618142817325,13.199999809265137,0.6099996566772461,4.621209587056847,45.65000057220459,-0.46000194549560547,-1.0076712808974022,0.9857607965488898,,,,,,,,,,,,
2024-12-26,SHORT_VOL,243.07000732421875,,,,15.348182415463313,无历史 K 线 (所有候选 expiry 在信号日均无数据),0.6111111111111112,Bull,34,8,2.0,7.0,,,,,,,,,,,,,,,,,,,,,,,
2024-12-27,BUY CALL,241.3999938964844,,,,14.146674588265414,无历史 K 线 (所有候选 expiry 在信号日均无数据),0.5,Bull,33,7,2.0,5.0,,,,,,,,,,,,,,,,,,,,,,,
2024-12-30,BUY CALL,240.6300048828125,,,,13.091382731011295,无历史 K 线 (所有候选 expiry 在信号日均无数据),0.4087301587301587,Bull,30,4,5.0,6.0,,,,,,,,,,,,,,,,,,,,,,,
2024-12-30,SHORT_VOL,240.6300048828125,,,,13.091382731011295,无历史 K 线 (所有候选 expiry 在信号日均无数据),0.4087301587301587,Bull,30,4,5.0,6.0,,,,,,,,,,,,,,,,,,,,,,,
2025-01-06,BUY CALL,243.19000244140625,,,,11.826147563919749,无历史 K 线 (所有候选 expiry 在信号日均无数据),0.3531746031746032,Bull,23,32,2.0,6.0,,,,,,,,,,,,,,,,,,,,,,,
2025-01-06,SHORT_VOL,243.19000244140625,,,,11.826147563919749,无历史 K 线 (所有候选 expiry 在信号日均无数据),0.3531746031746032,Bull,23,32,2.0,6.0,,,,,,,,,,,,,,,,,,,,,,,
2025-01-07,SHORT_VOL,244.55999755859375,,,,11.038875084325781,无历史 K 线 (所有候选 expiry 在信号日均无数据),0.25793650793650796,Bull,22,31,4.0,6.0,,,,,,,,,,,,,,,,,,,,,,,
2025-01-10,SHORT_VOL,248.2100067138672,250.0,2027-01-15,735.0,11.365192592076463,,0.31746031746031744,Bull,19,28,2.0,7.0,33.5,-1.4200000000000017,-4.2388059701492615,2.0895522388059806,16.39,-0.6099999999999994,-3.7217815741305635,49.89,-0.8100000000000023,-1.6235718580877978,2.625776708759275,,,,,,,,,,,,
2025-01-13,BUY CALL,245.7400054931641,,,,12.750248407446731,无历史 K 线 (所有候选 expiry 在信号日均无数据),0.3888888888888889,Bull,16,25,4.5,4.0,,,,,,,,,,,,,,,,,,,,,,,
2025-01-14,BUY CALL,247.02999877929688,,,,12.057997566419333,无历史 K 线 (所有候选 expiry 在信号日均无数据),0.3611111111111111,Bull,15,24,2.5,3.0,,,,,,,,,,,,,,,,,,,,,,,
2025-02-14,BUY CALL,266.2900085449219,,,,14.035630635253016,无历史 K 线 (所有候选 expiry 在信号日均无数据),0.48412698412698413,Bull,33,21,1.0,2.0,,,,,,,,,,,,,,,,,,,,,,,
2025-02-25,BUY CALL,268.6199951171875,,,,15.078562249016342,无历史 K 线 (所有候选 expiry 在信号日均无数据),0.5714285714285714,Bull,22,10,1.0,4.0,,,,,,,,,,,,,,,,,,,,,,,
2025-02-26,BUY CALL,269.0299987792969,,,,14.941369290937528,无历史 K 线 (所有候选 expiry 在信号日均无数据),0.5396825396825397,Bull,21,9,1.0,4.0,,,,,,,,,,,,,,,,,,,,,,,
2025-02-27,BUY CALL,264.92999267578125,,,,16.942762731167697,无历史 K 线 (所有候选 expiry 在信号日均无数据),0.7103174603174603,Bull,20,8,1.0,5.0,,,,,,,,,,,,,,,,,,,,,,,
2025-02-28,BUY CALL,263.2699890136719,,,,15.956620593042448,无历史 K 线 (所有候选 expiry 在信号日均无数据),0.6507936507936508,Bull,19,7,1.0,2.0,,,,,,,,,,,,,,,,,,,,,,,
2025-03-04,STRADDLE,269.05999755859375,,,,14.271806143706794,无历史 K 线 (所有候选 expiry 在信号日均无数据),0.46825396825396826,Bull,15,3,7.0,2.0,,,,,,,,,,,,,,,,,,,,,,,
2025-03-05,STRADDLE,269.6199951171875,,,,14.326996525216321,无历史 K 线 (所有候选 expiry 在信号日均无数据),0.47619047619047616,Bull,14,2,7.0,2.0,,,,,,,,,,,,,,,,,,,,,,,
2025-03-06,STRADDLE,268.25,,,,14.496294555419828,无历史 K 线 (所有候选 expiry 在信号日均无数据),0.4801587301587302,Bull,13,1,7.0,4.0,,,,,,,,,,,,,,,,,,,,,,,
2025-03-07,STRADDLE,268.3900146484375,,,,14.517026429376273,无历史 K 线 (所有候选 expiry 在信号日均无数据),0.48412698412698413,Bull,12,0,7.0,3.0,,,,,,,,,,,,,,,,,,,,,,,
2025-03-10,BUY CALL,266.0400085449219,,,,14.546477040721792,无历史 K 线 (所有候选 expiry 在信号日均无数据),0.48412698412698413,Bull,9,25,6.0,4.0,,,,,,,,,,,,,,,,,,,,,,,
2025-03-10,STRADDLE,266.0400085449219,,,,14.546477040721792,无历史 K 线 (所有候选 expiry 在信号日均无数据),0.48412698412698413,Bull,9,25,6.0,4.0,,,,,,,,,,,,,,,,,,,,,,,
2025-03-11,STRADDLE,269.1600036621094,,,,14.66005442554143,无历史 K 线 (所有候选 expiry 在信号日均无数据),0.48412698412698413,Bull,8,24,6.0,4.0,,,,,,,,,,,,,,,,,,,,,,,
2025-04-03,BUY CALL,286.4200134277344,300.0,2027-01-15,652.0,12.356229888654633,,0.2698412698412698,Bull,34,1,4.0,1.0,27.0,-3.3999996185302734,-12.592591179741753,3.5185213442201935,27.899999618530273,-2.950000762939453,-10.573479581627515,55.10000038146973,-1.75,-3.1760435351803182,-2.994558102460206,,,,,,,,,,,,
2025-04-04,BUY CALL,279.7200012207031,300.0,2027-01-15,651.0,17.375652635831024,,0.7380952380952381,Bull,33,0,2.0,4.0,27.200000762939453,2.239999771118164,8.235293045175961,8.235293045175961,27.899999618530273,-1.1000003814697266,-3.9426537509310284,55.10000038146973,3.3400001525878906,6.06170622407317,6.06170622407317,,,,,,,,,,,,
2025-04-07,SELL PUT,273.7099914550781,300.0,2027-01-15,648.0,20.599748388969218,,0.8888888888888888,Bull,30,25,0.0,5.0,21.399999618530273,16.94999885559082,79.20560354082346,79.20560354082346,34.099998474121094,11.519998550415039,33.782988463057286,55.49999809265137,5.430000305175781,9.783784669885883,9.783784669885883,,,,,,,,,,,,
2025-04-08,SELL PUT,275.20001220703125,300.0,2027-01-15,647.0,20.686264386421378,,0.8928571428571429,Bull,29,24,0.0,5.0,23.899999618530273,14.44999885559082,60.460247222712795,60.460247222712795,29.0,6.420000076293945,22.137931297565327,57.52000045776367,3.4099979400634766,5.92836911148393,5.92836911148393,,,,,,,,,,,,
2025-04-11,EXIT,297.92999267578125,300.0,2027-01-15,644.0,30.588111175787308,,1.0,Bull,26,21,0.0,5.0,36.70000076293945,6.909999847412109,18.828337067474934,18.828337067474934,24.0,4.399999618530273,18.333331743876137,60.70000076293945,2.510000228881836,4.135090934651723,4.135090934651723,,,,,,,,,,,,
2025-04-16,EXIT,307.4700012207031,300.0,2027-01-15,639.0,33.55847255193805,,1.0,Bull,21,16,0.5,5.0,41.0,9.299999237060547,22.682924968440354,22.682924968440354,19.600000381469727,1.0500011444091797,5.357148591700406,60.60000038146973,8.249998092651367,13.613858153001024,13.613858153001024,,,,,,,,,,,,
2025-04-21,EXIT,315.5899963378906,320.0,2027-01-15,634.0,30.57009069017581,,0.9880952380952381,Bull,16,11,0.0,5.0,39.5,-6.5,-16.455696202531644,-1.2911349912232972,28.0,-0.5300006866455078,-1.8928595951625278,67.5,-1.8700008392333984,-2.770371613679109,-0.7555530689380787,,,,,,,,,,,,
2025-04-23,SELL PUT,303.6499938964844,,,,33.95564690514164,无历史 K 线 (所有候选 expiry 在信号日均无数据),1.0,Bull,14,9,0.0,4.0,,,,,,,,,,,,,,,,,,,,,,,
2025-05-01,SELL PUT,297.4599914550781,300.0,2026-05-15,379.0,27.758915869749867,,0.9404761904761905,Bull,6,1,2.0,4.0,31.170000076293945,5.070001602172852,16.265645138797403,16.265645138797403,,,,46.47000026702881,-1.4200000762939453,-3.055735029339902,-3.055735029339902,,,,,,,,,,,,
2025-05-02,SELL PUT,297.9800109863281,300.0,2026-05-15,378.0,27.86261544947866,,0.9404761904761905,Bull,5,0,2.0,4.0,31.170000076293945,5.070001602172852,16.265645138797403,16.265645138797403,,,,46.47000026702881,-1.4200000762939453,-3.055735029339902,-3.055735029339902,,,,,,,,,,,,
2025-05-08,SELL PUT,304.6300048828125,300.0,2027-01-15,617.0,29.726540318716133,,0.9484126984126984,Bull,41,29,0.0,5.0,45.20000076293945,-8.60000228881836,-19.026553415170966,-7.101767766129353,18.450000762939453,-1.9699993133544922,-10.677502611878657,63.650001525878906,-6.630002975463867,-10.416343780868932,-7.384132993348823,,,,,,,,,,,,
2025-05-12,SELL PUT,298.19000244140625,300.0,2026-05-15,368.0,31.710525331571933,,0.9880952380952381,Bull,37,25,0.5,5.0,26.610000610351562,-3.460000991821289,-13.00263401901356,-1.1649807071797746,17.100000381469727,-2.2099990844726562,-12.923970965915904,43.71000099182129,-1.9000015258789062,-4.346834780979349,-0.5261986830611082,,,,,,,,,,,,
2025-05-13,SELL PUT,299.4599914550781,300.0,2026-05-15,367.0,31.72459058693874,,0.9880952380952381,Bull,36,24,0.5,6.0,26.5,-3.3500003814697266,-12.641510873470663,-0.754719860148878,,,,41.14999961853027,0.6599998474121094,1.603887857911193,1.603887857911193,,,,,,,,,,,,
2025-05-13,SHORT_VOL,299.4599914550781,300.0,2026-05-15,367.0,31.72459058693874,,0.9880952380952381,Bull,36,24,0.5,6.0,26.5,-3.3500003814697266,-12.641510873470663,-0.754719860148878,,,,41.14999961853027,0.6599998474121094,1.603887857911193,1.603887857911193,,,,,,,,,,,,
2025-05-14,SELL PUT,293.1600036621094,300.0,2026-05-15,366.0,33.093140312923204,,0.9880952380952381,Bull,35,23,0.5,6.0,22.25,3.549999237060547,15.955052750833909,15.955052750833909,18.899999618530273,1.75,9.259259446144293,41.14999961853027,1.7999992370605469,4.374238769737408,4.374238769737408,,,,,,,,,,,,
2025-05-14,SHORT_VOL,293.1600036621094,300.0,2026-05-15,366.0,33.093140312923204,,0.9880952380952381,Bull,35,23,0.5,6.0,22.25,3.549999237060547,15.955052750833909,15.955052750833909,18.899999618530273,1.75,9.259259446144293,41.14999961853027,1.7999992370605469,4.374238769737408,4.374238769737408,,,,,,,,,,,,
2025-05-15,SHORT_VOL,297.8399963378906,300.0,2026-05-15,365.0,32.823177185791614,,0.9841269841269841,Bull,34,22,0.5,6.0,23.649999618530273,5.149999618530273,21.775897258345566,21.775897258345566,17.5,2.380000114440918,13.600000653948102,42.89999961853027,1.0199995040893555,2.3776212427954793,2.3776212427954793,,,,,,,,,,,,
2025-05-16,SELL PUT,294.239990234375,300.0,2026-05-15,364.0,33.36903453045048,,0.9880952380952381,Bull,33,21,0.5,6.0,22.600000381469727,7.25,32.07964547622064,32.07964547622064,17.5,2.380000114440918,13.600000653948102,42.89999961853027,1.0199995040893555,2.3776212427954793,2.3776212427954793,,,,,,,,,,,,
2025-05-16,SHORT_VOL,294.239990234375,300.0,2026-05-15,364.0,33.36903453045048,,0.9880952380952381,Bull,33,21,0.5,6.0,22.600000381469727,7.25,32.07964547622064,32.07964547622064,17.5,2.380000114440918,13.600000653948102,42.89999961853027,1.0199995040893555,2.3776212427954793,2.3776212427954793,,,,,,,,,,,,
2025-05-19,SHORT_VOL,298.0299987792969,300.0,2026-05-15,361.0,29.955387433703955,,0.9285714285714286,Bull,30,18,0.0,6.0,25.399999618530273,8.000001907348633,31.496070974396105,31.496070974396105,17.5,2.380000114440918,13.600000653948102,42.89999961853027,1.0199995040893555,2.3776212427954793,2.3776212427954793,,,,,,,,,,,,
2025-05-20,SHORT_VOL,303.5799865722656,,,,27.5923953079094,无历史 K 线 (所有候选 expiry 在信号日均无数据),0.8928571428571429,Bull,29,17,0.0,7.0,,,,,,,,,,,,,,,,,,,,,,,
2025-05-21,SHORT_VOL,305.82000732421875,300.0,2027-01-15,604.0,27.327814340950486,,0.8849206349206349,Bull,28,16,0.0,7.0,40.54999923706055,3.6000022888183594,8.877934294825218,8.877934294825218,19.31999969482422,2.219999313354492,11.490679857252921,59.869998931884766,1.3800029754638672,2.3049991649973514,2.3049991649973514,,,,,,,,,,,,
2025-05-22,SHORT_VOL,303.1099853515625,300.0,2027-01-15,603.0,25.781257153912108,,0.8809523809523809,Bull,27,15,0.0,8.0,41.599998474121094,-2.4499969482421875,-5.889415956989286,6.129815253104254,19.65999984741211,2.1800003051757812,11.08850621615208,61.2599983215332,-4.629997253417969,-7.55794544609137,-0.016318012501571555,,,,,,,,,,,,
2025-05-23,SHORT_VOL,309.75,,,,27.923668030485217,无历史 K 线 (所有候选 expiry 在信号日均无数据),0.9007936507936508,Bull,26,14,0.0,7.0,,,,,,,,,,,,,,,,,,,,,,,
2025-05-27,SHORT_VOL,304.5,300.0,2027-01-15,598.0,24.95620341760764,,0.8690476190476191,Bull,22,10,0.0,7.0,40.150001525878906,-0.10000228881835938,-0.2490716936932147,0.8717271751421896,18.899999618530273,0.4200000762939453,2.2222226707463073,59.05000114440918,-0.5200023651123047,-0.880613641040612,-0.880613641040612,,,,,,,,,,,,
2025-05-28,SHORT_VOL,303.80999755859375,300.0,2027-01-15,597.0,25.012995587692526,,0.8690476190476191,Bull,21,9,0.0,6.0,39.0,4.0,10.256410256410264,10.256410256410264,19.18000030517578,3.1000003814697266,16.162671179067615,58.18000030517578,0.8999996185302734,1.546922677568649,1.546922677568649,,,,,,,,,,,,
2025-05-29,SHORT_VOL,305.6099853515625,310.0,2026-05-15,351.0,21.592254511236867,,0.7976190476190477,Bull,20,8,0.0,8.0,23.899999618530273,1.9500007629394531,8.158999138341283,15.271965174846013,,,,43.25,0.2999992370605469,0.6936398544752529,0.6936398544752529,,,,,,,,,,,,
2025-05-30,SHORT_VOL,303.6000061035156,310.0,2026-05-15,350.0,21.12686866173903,,0.7817460317460317,Bull,19,7,0.0,6.0,22.100000381469727,5.299999237060547,23.981896586320683,24.660627880171894,,,,43.25,0.2999992370605469,0.6936398544752529,0.6936398544752529,,,,,,,,,,,,
2025-06-02,SHORT_VOL,311.6700134277344,310.0,2026-05-15,347.0,22.697536669240108,,0.8174603174603174,Bull,16,4,1.0,6.0,27.25,-2.950000762939453,-10.8256908731723,1.10091463141484,16.0,-1.2999992370605469,-8.124995231628418,43.25,-1.6500015258789062,-3.8150324297778178,0.6936398544752529,,,,,,,,,,,,
2025-06-09,SHORT_VOL,306.6199951171875,,,,19.829285357636326,无历史 K 线 (所有候选 expiry 在信号日均无数据),0.7261904761904762,Bull,9,25,1.0,6.0,,,,,,,,,,,,,,,,,,,,,,,
2025-06-20,SHORT_VOL,310.1300048828125,,,,14.880136918912282,无历史 K 线 (所有候选 expiry 在信号日均无数据),0.45634920634920634,Bull,40,14,4.5,6.0,,,,,,,,,,,,,,,,,,,,,,,
2025-06-23,STRADDLE,311.0799865722656,310.0,2026-05-15,326.0,12.762289067832308,,0.2857142857142857,Bull,37,11,7.0,7.0,26.309999465942383,-7.709999084472656,-29.30444409340658,-1.1402479785257658,16.989999771118164,-1.3400001525878906,-7.886993352794501,38.25,-1.3199996948242188,-3.450979594311683,1.9346399244919321,,,,,,,,,,,,
2025-06-23,SHORT_VOL,311.0799865722656,310.0,2026-05-15,326.0,12.762289067832308,,0.2857142857142857,Bull,37,11,7.0,7.0,26.309999465942383,-7.709999084472656,-29.30444409340658,-1.1402479785257658,16.989999771118164,-1.3400001525878906,-7.886993352794501,38.25,-1.3199996948242188,-3.450979594311683,1.9346399244919321,,,,,,,,,,,,
2025-06-24,BUY CALL,306.19000244140625,310.0,2026-05-15,325.0,15.40044463643438,,0.5555555555555556,Bull,36,10,4.0,6.0,21.260000228881836,-2.6599998474121094,-12.511758319731737,3.480713843609795,16.989999771118164,-1.3400001525878906,-7.886993352794501,38.25,-1.3199996948242188,-3.450979594311683,1.9346399244919321,,,,,,,,,,,,
2025-06-24,SHORT_VOL,306.19000244140625,310.0,2026-05-15,325.0,15.40044463643438,,0.5555555555555556,Bull,36,10,4.0,6.0,21.260000228881836,-2.6599998474121094,-12.511758319731737,3.480713843609795,16.989999771118164,-1.3400001525878906,-7.886993352794501,38.25,-1.3199996948242188,-3.450979594311683,1.9346399244919321,,,,,,,,,,,,
2025-06-25,BUY CALL,307.1199951171875,310.0,2026-05-15,324.0,15.48321653510908,,0.5714285714285714,Bull,35,9,4.0,6.0,21.950000762939453,-2.5700016021728516,-11.7084351382441,0.18222782135954851,19.0,1.1100006103515625,5.842108475534539,37.39999961853027,-0.13000106811523438,-0.3475964423561753,-0.3475964423561753,,,,,,,,,,,,
2025-06-25,SHORT_VOL,307.1199951171875,310.0,2026-05-15,324.0,15.48321653510908,,0.5714285714285714,Bull,35,9,4.0,6.0,21.950000762939453,-2.5700016021728516,-11.7084351382441,0.18222782135954851,19.0,1.1100006103515625,5.842108475534539,37.39999961853027,-0.13000106811523438,-0.3475964423561753,-0.3475964423561753,,,,,,,,,,,,
2025-06-26,BUY CALL,306.7799987792969,310.0,2026-05-15,323.0,15.205834574634602,,0.5238095238095238,Bull,34,8,4.0,6.0,22.100000381469727,0.10000038146972656,0.4524904060796864,0.4524904060796864,19.0,1.1100006103515625,5.842108475534539,37.39999961853027,-0.13000106811523438,-0.3475964423561753,-0.3475964423561753,,,,,,,,,,,,
2025-06-26,SHORT_VOL,306.7799987792969,310.0,2026-05-15,323.0,15.205834574634602,,0.5238095238095238,Bull,34,8,4.0,6.0,22.100000381469727,0.10000038146972656,0.4524904060796864,0.4524904060796864,19.0,1.1100006103515625,5.842108475534539,37.39999961853027,-0.13000106811523438,-0.3475964423561753,-0.3475964423561753,,,,,,,,,,,,
2025-06-27,BUY CALL,301.2200012207031,300.0,2026-05-15,322.0,15.718688548465758,,0.5873015873015873,Bull,33,7,4.0,4.0,23.299999237060547,4.400001525878906,18.88412733885565,18.88412733885565,13.25,2.770000457763672,20.905663832178657,36.54999923706055,1.6300010681152344,4.459647338275358,4.459647338275358,,,,,,,,,,,,
2025-06-30,BUY CALL,304.8299865722656,310.0,2026-05-15,319.0,15.399347682888529,,0.5476190476190477,Bull,30,4,5.0,4.0,19.3799991607666,1.8200016021728516,9.391133544821372,15.221882820880172,17.889999389648438,2.7599992752075195,15.427609666686285,37.26999855041504,0.1900014877319336,0.5097974111131747,0.5097974111131747,,,,,,,,,,,,
2025-07-07,BUY CALL,307.3699951171875,300.0,2027-01-15,557.0,15.839288141194864,,0.5952380952380952,Bull,23,25,4.0,6.0,37.0,1.4000015258789062,3.7837879077808223,3.7837879077808223,16.149999618530273,0.14999961853027344,0.9287902295562043,53.14999961853027,-2.519998550415039,-4.741295519288139,3.066794129471544,,,,,,,,,,,,
2025-07-07,SHORT_VOL,307.3699951171875,300.0,2027-01-15,557.0,15.839288141194864,,0.5952380952380952,Bull,23,25,4.0,6.0,37.0,1.4000015258789062,3.7837879077808223,3.7837879077808223,16.149999618530273,0.14999961853027344,0.9287902295562043,53.14999961853027,-2.519998550415039,-4.741295519288139,3.066794129471544,,,,,,,,,,,,
2025-07-08,BUY CALL,304.1600036621094,300.0,2027-01-15,556.0,16.345988643419957,,0.6190476190476191,Bull,22,24,4.0,6.0,37.54999923706055,0.8500022888183594,2.2636546100896826,2.2636546100896826,,,,53.46999931335449,-2.839998245239258,-5.311386350681977,-5.311386350681977,,,,,,,,,,,,
2025-07-08,SHORT_VOL,304.1600036621094,300.0,2027-01-15,556.0,16.345988643419957,,0.6190476190476191,Bull,22,24,4.0,6.0,37.54999923706055,0.8500022888183594,2.2636546100896826,2.2636546100896826,,,,53.46999931335449,-2.839998245239258,-5.311386350681977,-5.311386350681977,,,,,,,,,,,,
2025-07-09,BUY CALL,305.5199890136719,,,,14.71424244755622,无历史 K 线 (所有候选 expiry 在信号日均无数据),0.43253968253968256,Bull,21,23,4.0,5.0,,,,,,,,,,,,,,,,,,,,,,,
2025-07-10,BUY CALL,306.20001220703125,,,,14.669701235756783,无历史 K 线 (所有候选 expiry 在信号日均无数据),0.4166666666666667,Bull,20,22,4.0,5.0,,,,,,,,,,,,,,,,,,,,,,,
2025-07-11,SHORT_VOL,309.1400146484375,,,,15.460653270474456,无历史 K 线 (所有候选 expiry 在信号日均无数据),0.5476190476190477,Bull,19,21,4.0,6.0,,,,,,,,,,,,,,,,,,,,,,,
2025-07-14,BUY CALL,308.010009765625,,,,11.698342801012478,无历史 K 线 (所有候选 expiry 在信号日均无数据),0.1626984126984127,Bull,16,18,6.5,7.0,,,,,,,,,,,,,,,,,,,,,,,
2025-07-14,STRADDLE,308.010009765625,310.0,2027-01-15,550.0,11.698342801012478,,0.1626984126984127,Bull,16,18,6.5,7.0,32.599998474121094,-0.5999984741210938,-1.8404862030818592,0.0,,,,51.099998474121094,-0.09999847412109375,-0.1956917360217469,-0.1956917360217469,,,,,,,,,,,,
2025-07-15,BUY CALL,306.7300109863281,,,,10.714464424492439,无历史 K 线 (所有候选 expiry 在信号日均无数据),0.06746031746031746,Bull,15,17,8.5,6.0,,,,,,,,,,,,,,,,,,,,,,,
2025-07-15,STRADDLE,306.7300109863281,,,,10.714464424492439,无历史 K 线 (所有候选 expiry 在信号日均无数据),0.06746031746031746,Bull,15,17,8.5,6.0,,,,,,,,,,,,,,,,,,,,,,,
2025-07-16,BUY CALL,308.260009765625,,,,10.028346831244752,无历史 K 线 (所有候选 expiry 在信号日均无数据),0.04365079365079365,Bull,14,16,9.5,6.0,,,,,,,,,,,,,,,,,,,,,,,
2025-07-16,STRADDLE,308.260009765625,,,,10.028346831244752,无历史 K 线 (所有候选 expiry 在信号日均无数据),0.04365079365079365,Bull,14,16,9.5,6.0,,,,,,,,,,,,,,,,,,,,,,,
2025-07-17,BUY CALL,307.5899963378906,,,,9.629278658032757,无历史 K 线 (所有候选 expiry 在信号日均无数据),0.03968253968253968,Bull,13,15,9.5,6.0,,,,,,,,,,,,,,,,,,,,,,,
2025-07-17,STRADDLE,307.5899963378906,,,,9.629278658032757,无历史 K 线 (所有候选 expiry 在信号日均无数据),0.03968253968253968,Bull,13,15,9.5,6.0,,,,,,,,,,,,,,,,,,,,,,,
2025-07-18,STRADDLE,308.3900146484375,,,,9.046402283588469,无历史 K 线 (所有候选 expiry 在信号日均无数据),0.011904761904761904,Bull,12,14,9.5,6.0,,,,,,,,,,,,,,,,,,,,,,,
2025-07-21,STRADDLE,313.1300048828125,,,,11.731812921429638,无历史 K 线 (所有候选 expiry 在信号日均无数据),0.1984126984126984,Bull,9,11,8.0,3.0,,,,,,,,,,,,,,,,,,,,,,,
2025-07-22,STRADDLE,316.1000061035156,,,,9.993325553514705,无历史 K 线 (所有候选 expiry 在信号日均无数据),0.051587301587301584,Bull,8,10,6.0,3.0,,,,,,,,,,,,,,,,,,,,,,,
2025-07-24,BUY CALL,310.2699890136719,,,,13.553148176330696,无历史 K 线 (所有候选 expiry 在信号日均无数据),0.35714285714285715,Bull,6,8,5.0,3.0,,,,,,,,,,,,,,,,,,,,,,,
2025-07-25,BUY CALL,307.3999938964844,300.0,2027-01-15,539.0,13.6488475318675,,0.36507936507936506,Bull,5,7,5.0,2.0,37.0,-4.369998931884766,-11.810807924012877,3.648644524651612,15.010000228881836,-1.3400001525878906,-8.927382625947592,52.010000228881836,-3.029998779296875,-5.825800357551771,2.595651736550891,,,,,,,,,,,,
2025-07-28,BUY CALL,305.4100036621094,310.0,2026-05-15,291.0,13.900599924561718,,0.38095238095238093,Bull,2,4,8.0,2.0,19.5,1.5,7.692307692307687,7.692307692307687,16.0,-0.14999961853027344,-0.937497615814209,35.5,0.009999275207519531,0.028166972415547973,0.028166972415547973,,,,,,,,,,,,
2025-07-28,STRADDLE,305.4100036621094,310.0,2026-05-15,291.0,13.900599924561718,,0.38095238095238093,Bull,2,4,8.0,2.0,19.5,1.5,7.692307692307687,7.692307692307687,16.0,-0.14999961853027344,-0.937497615814209,35.5,0.009999275207519531,0.028166972415547973,0.028166972415547973,,,,,,,,,,,,
2025-07-29,BUY CALL,306.25,300.0,2027-01-15,535.0,13.871794304062387,,0.376984126984127,Bull,1,3,8.0,2.0,34.5,2.6800003051757812,7.768116826596461,7.768116826596461,15.229999542236328,0.8499994277954102,5.581086364698596,49.97999954223633,1.580000877380371,3.161266290219087,3.161266290219087,,,,,,,,,,,,
2025-07-29,STRADDLE,306.25,300.0,2027-01-15,535.0,13.871794304062387,,0.376984126984127,Bull,1,3,8.0,2.0,34.5,2.6800003051757812,7.768116826596461,7.768116826596461,15.229999542236328,0.8499994277954102,5.581086364698596,49.97999954223633,1.580000877380371,3.161266290219087,3.161266290219087,,,,,,,,,,,,
2025-07-30,BUY CALL,300.9599914550781,300.0,2026-05-15,289.0,15.952789514700259,,0.6309523809523809,Bull,0,2,8.0,3.0,24.149999618530273,4.05000114440918,16.770191339057483,16.770191339057483,12.350000381469727,3.15000057220459,25.50607671989173,36.5,0.9000005722045898,2.465754992341342,2.465754992341342,,,,,,,,,,,,
2025-07-30,STRADDLE,300.9599914550781,300.0,2026-05-15,289.0,15.952789514700259,,0.6309523809523809,Bull,0,2,8.0,3.0,24.149999618530273,4.05000114440918,16.770191339057483,16.770191339057483,12.350000381469727,3.15000057220459,25.50607671989173,36.5,0.9000005722045898,2.465754992341342,2.465754992341342,,,,,,,,,,,,
2025-08-04,SHORT_VOL,310.9100036621094,,,,18.31946148767932,无历史 K 线 (所有候选 expiry 在信号日均无数据),0.7182539682539683,Bull,44,32,4.0,7.0,,,,,,,,,,,,,,,,,,,,,,,
2025-08-06,SHORT_VOL,310.5,,,,16.40409151074208,无历史 K 线 (所有候选 expiry 在信号日均无数据),0.6428571428571429,Bull,42,30,4.0,6.0,,,,,,,,,,,,,,,,,,,,,,,
2025-08-07,SHORT_VOL,313.1199951171875,,,,16.63705733578182,无历史 K 线 (所有候选 expiry 在信号日均无数据),0.6547619047619048,Bull,41,29,4.0,6.0,,,,,,,,,,,,,,,,,,,,,,,
2025-08-08,STRADDLE,313.04998779296875,,,,15.67410719935488,无历史 K 线 (所有候选 expiry 在信号日均无数据),0.5952380952380952,Bull,40,28,6.0,8.0,,,,,,,,,,,,,,,,,,,,,,,
2025-08-08,SHORT_VOL,313.04998779296875,,,,15.67410719935488,无历史 K 线 (所有候选 expiry 在信号日均无数据),0.5952380952380952,Bull,40,28,6.0,8.0,,,,,,,,,,,,,,,,,,,,,,,
2025-08-11,BUY CALL,308.54998779296875,,,,17.28945649194618,无历史 K 线 (所有候选 expiry 在信号日均无数据),0.6785714285714286,Bull,37,25,4.5,6.0,,,,,,,,,,,,,,,,,,,,,,,
2025-08-11,SHORT_VOL,308.54998779296875,,,,17.28945649194618,无历史 K 线 (所有候选 expiry 在信号日均无数据),0.6785714285714286,Bull,37,25,4.5,6.0,,,,,,,,,,,,,,,,,,,,,,,
2025-08-12,BUY CALL,308.2699890136719,310.0,2026-05-15,276.0,17.28476727666646,,0.6746031746031746,Bull,36,24,4.5,6.0,,,,,13.819999694824219,-0.48000049591064453,-3.473230871997858,34.619998931884766,-0.3899984359741211,-1.1265119815325453,-1.1265119815325453,,,,,,,,,,,,
2025-08-12,SHORT_VOL,308.2699890136719,310.0,2026-05-15,276.0,17.28476727666646,,0.6746031746031746,Bull,36,24,4.5,6.0,,,,,13.819999694824219,-0.48000049591064453,-3.473230871997858,34.619998931884766,-0.3899984359741211,-1.1265119815325453,-1.1265119815325453,,,,,,,,,,,,
2025-08-13,SHORT_VOL,309.2099914550781,310.0,2026-05-15,275.0,14.038534046086951,,0.3968253968253968,Bull,35,23,4.5,6.0,20.799999237060547,-1.8499984741210938,-8.894223759512677,-1.7307630586903988,13.819999694824219,-0.48000049591064453,-3.473230871997858,34.619998931884766,-0.3899984359741211,-1.1265119815325453,-1.1265119815325453,,,,,,,,,,,,
2025-08-14,SHORT_VOL,307.25,,,,14.527918800593762,无历史 K 线 (所有候选 expiry 在信号日均无数据),0.44047619047619047,Bull,34,22,4.5,6.0,,,,,,,,,,,,,,,,,,,,,,,
2025-08-15,STRADDLE,307.42999267578125,300.0,2027-01-15,518.0,10.137974585422626,,0.06746031746031746,Bull,33,21,7.5,7.0,35.5,0.7299995422363281,2.056336738693876,2.056336738693876,14.550000190734863,0.9000005722045898,6.185570861900685,50.05000019073486,-0.17000102996826172,-0.3396623962445697,0.25974239284678335,,,,,,,,,,,,
2025-08-18,STRADDLE,306.95001220703125,300.0,2027-01-15,515.0,9.500160691069029,,0.03571428571428571,Bull,30,18,9.0,7.0,35.0,2.5,7.14285714285714,7.14285714285714,14.0,0.6999998092651367,4.99999863760812,49.0,1.8000001907348633,3.673469777009925,3.673469777009925,,,,,,,,,,,,
2025-08-19,BUY CALL,305.2699890136719,310.0,2026-05-15,269.0,9.637476973955868,,0.051587301587301584,Bull,29,17,11.0,7.0,18.299999237060547,2.8100013732910156,15.355199401321794,15.355199401321794,,,,32.249999046325684,0.0,0.0,0.0,,,,,,,,,,,,
2025-08-19,STRADDLE,305.2699890136719,310.0,2026-05-15,269.0,9.637476973955868,,0.051587301587301584,Bull,29,17,11.0,7.0,18.299999237060547,2.8100013732910156,15.355199401321794,15.355199401321794,,,,32.249999046325684,0.0,0.0,0.0,,,,,,,,,,,,
2025-08-20,STRADDLE,308.3599853515625,,,,11.35367765925299,无历史 K 线 (所有候选 expiry 在信号日均无数据),0.1626984126984127,Bull,28,16,8.0,6.0,,,,,,,,,,,,,,,,,,,,,,,
2025-08-21,STRADDLE,307.2900085449219,300.0,2027-01-15,512.0,10.196505338254795,,0.07936507936507936,Bull,27,15,11.0,7.0,35.54999923706055,2.990001678466797,8.410694072110548,8.410694072110548,14.279999732971191,1.4200000762939453,9.943978311255126,49.82999897003174,1.5700016021728516,3.150715702637414,3.150715702637414,,,,,,,,,,,,
2025-08-22,STRADDLE,310.5799865722656,300.0,2026-09-18,392.0,11.99348796829826,,0.2777777777777778,Bull,26,14,8.0,5.0,32.310001373291016,1.5900001525878906,4.921077329022516,4.921077329022516,,,,44.82000160217285,0.0,0.0,0.0,,,,,,,,,,,,
2025-08-25,STRADDLE,309.8299865722656,300.0,2026-09-18,389.0,9.38391433798177,,0.031746031746031744,Bull,23,11,9.0,5.0,33.900001525878906,3.549999237060547,10.471973679265222,10.471973679265222,10.920000076293945,1.2700004577636719,11.630040740756915,44.82000160217285,2.279998779296875,5.087011820156521,5.087011820156521,,,,,,,,,,,,
2025-08-26,STRADDLE,312.0799865722656,300.0,2026-09-18,388.0,9.936904680407741,,0.05952380952380952,Bull,22,10,8.0,5.0,33.900001525878906,3.549999237060547,10.471973679265222,10.471973679265222,10.920000076293945,1.2700004577636719,11.630040740756915,44.82000160217285,2.279998779296875,5.087011820156521,5.087011820156521,,,,,,,,,,,,
2025-08-27,STRADDLE,312.7099914550781,320.0,2026-05-15,261.0,9.897616264470404,,0.05952380952380952,Bull,21,9,8.0,6.0,17.239999771118164,3.1100006103515625,18.039446935270178,18.039446935270178,16.299999237060547,1.169999122619629,7.177909063697724,34.79999923706055,0.6800012588500977,1.9540266487302813,1.9540266487302813,,,,,,,,,,,,
2025-08-28,STRADDLE,315.0299987792969,320.0,2026-05-15,260.0,9.379649798934432,,0.031746031746031744,Bull,20,8,9.0,5.0,18.5,7.319999694824219,39.56756591796875,39.56756591796875,16.299999237060547,3.929999351501465,24.110426597849212,34.79999923706055,3.390000343322754,9.741380510470083,9.741380510470083,,,,,,,,,,,,
2025-08-29,STRADDLE,318.07000732421875,320.0,2026-05-15,259.0,9.939859400727457,,0.07142857142857142,Bull,19,7,8.0,5.0,20.049999237060547,7.55000114440918,37.65586748977881,37.65586748977881,15.5,3.9499998092651367,25.483869737194432,35.54999923706055,3.600001335144043,10.126586251487383,10.126586251487383,,,,,,,,,,,,
2025-09-10,BUY CALL,335.260009765625,350.0,2026-09-18,373.0,12.81081578105959,,0.3611111111111111,Bull,7,23,2.0,1.0,20.889999389648438,1.1300010681152344,5.409292011158118,5.409292011158118,25.219999313354492,2.219999313354492,8.802535185553943,46.10999870300293,-1.0899982452392578,-2.363908644326792,0.47712259139317076,,,,,,,,,,,,
2025-10-02,BUY CALL,354.7900085449219,360.0,2026-05-15,225.0,12.980917512424186,,0.36507936507936506,Bull,27,1,2.0,1.0,21.100000381469727,5.920000076293945,28.056871892253433,28.056871892253433,16.899999618530273,2.689999580383301,15.917157639659399,38.0,2.109999656677246,5.552630675466437,5.552630675466437,,,,,,,,,,,,
2025-10-09,BUY CALL,365.4299926757813,365.0,2026-05-15,218.0,17.565472589736423,,0.6944444444444444,Bull,20,29,1.0,3.0,26.920000076293945,7.870000839233398,29.234772722619006,29.234772722619006,15.25,2.130000114440918,13.967213865186348,42.170000076293945,3.2499990463256836,7.706898364822829,7.706898364822829,,,,,,,,,,,,
2025-10-21,SELL PUT,377.239990234375,375.0,2026-05-15,206.0,47.73170347447916,,1.0,Bull,8,17,0.0,4.0,33.95000076293945,-6.950000762939453,-20.471283083228155,-11.782032135818055,17.399999618530273,-0.39999961853027344,-2.2988484327568064,51.35000038146973,-6.55000114440918,-12.755600965434125,-3.3106111839568473,,,,,,,,,,,,
2025-10-22,SELL PUT,377.2799987792969,375.0,2026-05-15,205.0,47.14759195425339,,0.996031746031746,Bull,7,16,1.0,4.0,25.25,-4.690000534057617,-18.574259540822247,14.059402919051678,18.950000762939453,-2.8999996185302734,-15.30342744999677,44.20000076293945,-1.7900009155273438,-4.049775757081464,6.108594590465932,,,,,,,,,,,,
2025-10-27,SELL PUT,367.010009765625,365.0,2026-05-15,200.0,46.33668658789775,,0.9920634920634921,Bull,2,11,1.0,4.0,26.579999923706055,-1.1299991607666016,-4.251313634349496,5.869072499699501,15.699999809265137,-1.3499994277954102,-8.598722574497911,42.27999973297119,0.2200002670288086,0.5203412214244786,3.9262059079853597,,,,,,,,,,,,
2025-10-28,SELL PUT,364.3800048828125,365.0,2026-05-15,199.0,46.01988912807818,,0.9880952380952381,Bull,1,10,1.0,5.0,21.530000686645508,3.9200000762939453,18.207152583722007,30.701339954452187,18.799999237060547,1.75,9.308511016054803,40.329999923706055,2.1700000762939453,5.380610167118832,8.95115215349971,,,,,,,,,,,,
2025-10-29,SELL PUT,363.0,365.0,2026-05-15,198.0,44.442191514095384,,0.9761904761904762,Bull,0,9,1.0,5.0,26.600000381469727,-0.6300010681152344,-2.3684250341368784,5.78946987253246,16.079999923706055,0.6999998092651367,4.353232665338244,42.68000030517578,-1.330000877380371,-3.1162157166598767,2.9522007174276426,,,,,,,,,,,,
2025-10-30,SHORT_VOL,370.1300048828125,370.0,2026-05-15,197.0,43.791290250169205,,0.9722222222222222,Bull,48,8,0.0,6.0,22.31999969482422,-2.719999313354492,-12.18637701856794,13.799283000977258,19.229999542236328,-1.710000991821289,-8.892361063584438,41.54999923706055,-1.0099983215332031,-2.4308022625240735,5.992779342573868,,,,,,,,,,,,
2025-11-03,SHORT_VOL,368.7799987792969,370.0,2026-05-15,193.0,37.11716119438463,,0.9642857142857143,Bull,44,4,1.0,6.0,23.649999618530273,-1.1999988555908203,-5.073991014573187,-0.8456611366459255,18.450000762939453,0.9600009918212891,5.203257193081773,42.10000038146973,-2.1599998474121094,-5.1306409212357895,-2.2090268331330467,,,,,,,,,,,,
2025-11-04,BUY CALL,362.3200073242187,360.0,2026-05-15,192.0,20.158055432066416,,0.7222222222222222,Bull,43,3,2.0,7.0,24.329999923706055,3.2900009155273438,13.522404134172294,13.522404134172294,15.449999809265137,2.09999942779541,13.59222947391929,39.77999973297119,1.1900014877319336,2.991456751432843,2.991456751432843,,,,,,,,,,,,
2025-11-10,SHORT_VOL,378.3800048828125,380.0,2026-05-15,186.0,21.133115122134548,,0.7420634920634921,Bull,37,25,1.0,8.0,22.049999237060547,1.6000003814697266,7.256237808754773,37.86848376591079,19.850000381469727,-0.779998779296875,-3.929464807592727,41.89999961853027,2.3799991607666016,5.680188979558002,14.797137993761467,,,,,,,,,,,,
2025-11-11,SHORT_VOL,379.8699951171875,380.0,2026-05-15,185.0,20.346624867640276,,0.7103174603174603,Bull,36,24,3.0,6.0,25.389999389648438,-1.739999771118164,-6.853091031690084,19.73217939865104,19.450000762939453,-1.1799983978271484,-6.066829570904432,44.84000015258789,-0.5600013732910156,-1.2488879825721761,7.270294865718658,,,,,,,,,,,,
2025-11-12,SHORT_VOL,385.989990234375,385.0,2026-05-15,184.0,20.601384874263385,,0.7182539682539683,Bull,35,23,1.0,6.0,23.8700008392334,-5.690000534057617,-23.837454268980895,16.673646427756683,21.260000228881836,-5.315000057220459,-25.0,45.130001068115234,-1.1000003814697266,-2.437403845414236,6.536669146402972,,,,,,,,,,,,
2025-11-13,SHORT_VOL,382.8699951171875,385.0,2026-05-15,183.0,20.25935916283692,,0.7103174603174603,Bull,34,22,1.0,6.0,29.139999389648438,-8.389999389648438,-28.792036943655063,-12.731637481744695,19.850000381469727,-4.962500095367432,-25.0,48.989999771118164,-4.239999771118164,-8.654827089053871,-5.123495081870964,,,,,,,,,,,,
2025-11-14,BUY CALL,375.9599914550781,375.0,2026-05-15,182.0,22.68585109831285,,0.7976190476190477,Bull,33,21,1.0,6.0,24.989999771118164,-0.1399993896484375,-0.5602216523836856,4.721890019941299,18.760000228881836,0.2199993133544922,1.1727042146609021,43.75,-0.3599987030029297,-0.8228541782924106,1.0742841448102678,,,,,,,,,,,,
2025-11-14,SHORT_VOL,375.9599914550781,375.0,2026-05-15,182.0,22.68585109831285,,0.7976190476190477,Bull,33,21,1.0,6.0,24.989999771118164,-0.1399993896484375,-0.5602216523836856,4.721890019941299,18.760000228881836,0.2199993133544922,1.1727042146609021,43.75,-0.3599987030029297,-0.8228541782924106,1.0742841448102678,,,,,,,,,,,,
2025-11-17,BUY CALL,371.6499938964844,370.0,2026-05-15,179.0,23.700765538127552,,0.8095238095238095,Bull,30,18,0.5,6.0,27.100000381469727,-0.10000038146972656,-0.36900509248001256,3.3210317559466462,16.15999984741211,0.05999946594238281,0.37128382740666444,43.260000228881836,-0.15999984741210938,-0.3698563258566237,1.826165057787681,,,,,,,,,,,,
2025-11-17,SHORT_VOL,371.6499938964844,370.0,2026-05-15,179.0,23.700765538127552,,0.8095238095238095,Bull,30,18,0.5,6.0,27.100000381469727,-0.10000038146972656,-0.36900509248001256,3.3210317559466462,16.15999984741211,0.05999946594238281,0.37128382740666444,43.260000228881836,-0.15999984741210938,-0.3698563258566237,1.826165057787681,,,,,,,,,,,,
2025-11-21,SHORT_VOL,374.2699890136719,375.0,2026-05-15,175.0,20.90487222833626,,0.7420634920634921,Bull,26,14,0.5,6.0,24.149999618530273,4.210000991821289,17.432716597605904,17.432716597605904,18.5,3.869999885559082,20.918918300319362,42.64999961853027,0.34000110626220703,0.7971890018833335,2.13365008886277,,,,,,,,,,,,
2025-11-24,SHORT_VOL,380.2000122070313,380.0,2026-05-15,172.0,17.579818089167816,,0.6150793650793651,Bull,23,11,2.0,6.0,22.190000534057617,6.19999885559082,27.940507915152814,27.940507915152814,19.739999771118164,4.340000152587891,21.985816630746864,41.93000030517578,1.8599987030029297,4.435961577546981,4.435961577546981,,,,,,,,,,,,
2025-11-26,SHORT_VOL,383.1199951171875,385.0,2026-05-15,170.0,15.81412611030854,,0.5476190476190477,Bull,21,9,2.0,6.0,22.5,4.950000762939453,22.000003390842004,22.000003390842004,19.290000915527344,2.520000457763672,13.063765361126634,41.790000915527344,2.4300003051757812,5.814788829719549,5.814788829719549,,,,,,,,,,,,
2025-12-09,STRADDLE,387.3999938964844,385.0,2026-05-15,157.0,8.908256014743058,,0.003968253968253968,Bull,8,24,7.0,5.0,23.959999084472656,5.420000076293945,22.621036241217517,22.621036241217517,16.149999618530273,3.229999542236328,19.999997637958295,40.10999870300293,2.190000534057617,5.45998654917348,5.45998654917348,,,,,,,,,,,,
2025-12-29,SELL PUT,398.6000061035156,400.0,2026-05-15,137.0,28.489684912206513,,0.8690476190476191,Bull,30,4,1.0,4.0,24.600000381469727,-2.200000762939453,-8.943092393594565,-1.4227657562695395,17.739999771118164,-1.9500007629394531,-10.99211267248254,42.34000015258789,-0.25,-0.5904581934318193,3.5899868972267046,,,,,,,,,,,,
2025-12-30,SELL PUT,398.8900146484375,400.0,2026-05-15,136.0,28.489627815089243,,0.8650793650793651,Bull,29,3,1.0,4.0,26.5,-4.100000381469727,-15.471699552715945,-8.490566037735848,18.65999984741211,-1.0300006866455078,-5.519832235091658,45.15999984741211,-3.0699996948242188,-6.798050720100135,-4.450841974475823,,,,,,,,,,,,
2025-12-31,SELL PUT,396.30999755859375,395.0,2026-05-15,135.0,28.72448940088404,,0.873015873015873,Bull,28,2,1.0,4.0,26.0,5.969999313354492,22.961535820594193,22.961535820594193,17.209999084472656,4.299999237060547,24.985470457927722,43.209999084472656,1.6700000762939453,3.864846358893012,3.864846358893012,,,,,,,,,,,,
2026-01-06,SHORT_VOL,413.1799926757813,415.0,2026-05-15,129.0,31.583107428674467,,0.9285714285714286,Bull,22,31,0.0,6.0,23.3799991607666,0.2700004577636719,1.154835190143011,3.5072781505864015,20.979999542236328,1.7700004577636719,8.436608657690188,44.35999870300293,-1.5,-3.3814248058092438,1.848515838927069,,,,,,,,,,,,
2026-01-07,SHORT_VOL,409.2300109863281,410.0,2026-05-15,128.0,30.189565742840134,,0.8849206349206349,Bull,21,30,0.0,6.0,23.600000381469727,8.499998092651367,36.016940488379845,36.016940488379845,19.700000762939453,6.250000953674316,31.72589193718259,43.30000114440918,2.249997138977051,5.196298105104245,5.196298105104245,,,,,,,,,,,,
2026-01-08,SHORT_VOL,411.489990234375,410.0,2026-05-15,127.0,29.508957963857046,,0.8650793650793651,Bull,20,29,0.0,6.0,22.450000762939453,8.5,37.86191408078628,42.98439814359336,18.8799991607666,5.429999351501465,28.760591063929823,41.329999923706055,3.070000648498535,7.4280199713662345,10.210496896854988,,,,,,,,,,,,
2026-01-09,SHORT_VOL,414.4700012207031,415.0,2026-05-15,126.0,29.669093888077924,,0.8690476190476191,Bull,19,28,0.0,6.0,23.0,7.090000152587891,30.82608761994734,30.82608761994734,19.950000762939453,6.020000457763672,30.175439737059335,42.95000076293945,1.0699996948242188,2.49126816255495,5.215366079925678,,,,,,,,,,,,
2026-01-12,SHORT_VOL,422.2300109863281,420.0,2026-05-15,123.0,30.579829614205806,,0.9087301587301587,Bull,16,25,0.5,6.0,25.739999771118164,-1.510000228881836,-5.866356807726736,5.28360770180567,18.5,1.1499996185302734,6.216214154217694,44.239999771118164,-2.6599998474121094,-6.012657914046092,-0.4294724857413401,,,,,,,,,,,,
2026-01-16,BUY CALL,421.2900085449219,420.0,2026-05-15,119.0,18.023262495537143,,0.6507936507936508,Bull,12,21,1.5,5.0,24.850000381469727,13.30000114440918,53.52113054423449,53.52113054423449,16.350000381469727,5.450000762939453,33.33333722191353,41.20000076293945,7.850000381469727,19.05339863131998,19.05339863131998,,,,,,,,,,,,
2026-01-20,SHORT_VOL,437.2300109863281,435.0,2026-05-15,115.0,21.98926050206991,,0.75,Bull,8,17,0.0,6.0,25.0,15.0,60.00000000000001,60.00000000000001,19.290000915527344,5.840001106262207,30.274758056446444,44.290000915527344,9.159998893737793,20.68186657121167,20.68186657121167,,,,,,,,,,,,
2026-01-28,EXIT,494.55999755859375,495.0,2026-05-15,107.0,23.510535619594393,,0.7738095238095238,Bull,0,9,1.0,4.0,26.09000015258789,-13.045000076293945,-50.0,51.01571979857111,,,,83.69999694824219,-0.19999980926513672,-0.23894840687845087,-0.23894840687845087,,,,,,,,,,,,
2026-01-29,EXIT,495.8999938964844,495.0,2026-05-15,106.0,24.309733478033298,,0.7777777777777778,Bull,48,8,0.0,5.0,47.11000061035156,-23.55500030517578,-50.0,-16.36594987175297,,,,83.69999694824219,-0.19999980926513672,-0.23894840687845087,-0.23894840687845087,,,,,,,,,,,,
2026-01-30,SELL PUT,444.9500122070313,445.0,2026-05-15,105.0,66.70366531376463,,1.0,Bull,47,7,0.0,4.0,44.20000076293945,-22.100000381469727,-50.0,-14.34389150034544,19.399999618530273,-4.849999904632568,-25.0,63.60000038146973,-7.950000762939453,-12.500001124615935,-6.540880223994703,,,,,,,,,,,,
2026-02-02,SELL PUT,427.1300048828125,425.0,2026-05-15,102.0,70.53217636847828,,1.0,Bull,44,4,1.0,4.0,28.5,17.049999237060547,59.82455872652823,62.28070175438596,22.90999984741211,11.710000038146973,51.11305157633915,51.40999984741211,5.339999198913574,10.387082697457702,19.27640512901297,,,,,,,,,,,,
2026-02-03,EXIT,454.2900085449219,455.0,2026-05-15,101.0,74.94664619677022,,1.0,Bull,43,3,1.0,4.0,28.5,-0.20000076293945312,-0.7017570629454517,11.298243204752612,28.219999313354492,4.119998931884766,14.599571339943537,56.71999931335449,-4.319999694824219,-7.616360626095939,5.6946396003849,,,,,,,,,,,,
2026-02-10,SHORT_VOL,462.3999938964844,460.0,2026-05-15,94.0,76.62149077923709,,0.9920634920634921,Bull,36,24,0.0,6.0,28.920000076293945,-1.8500003814697266,-6.396958425273979,5.117564102115968,19.530000686645508,-4.882500171661377,-25.0,48.45000076293945,-0.3800010681152344,-0.7843159177118241,1.031987791079309,,,,,,,,,,,,
2026-02-11,SHORT_VOL,467.6300048828125,470.0,2026-05-15,93.0,73.73722800530422,,0.9761904761904762,Bull,35,23,2.0,6.0,23.299999237060547,-0.5699996948242188,-2.4463507016669217,8.197424506238171,23.3700008392334,-5.84250020980835,-25.0,46.670000076293945,2.469999313354492,5.292477628705061,5.292477628705061,,,,,,,,,,,,
2026-02-12,SHORT_VOL,451.3900146484375,450.0,2026-05-15,92.0,75.00056726551428,,0.9841269841269841,Bull,34,22,2.0,6.0,33.54999923706055,-9.569999694824219,-28.524589902979336,-2.8315969733020085,13.699999809265137,-3.424999952316284,-25.0,47.249999046325684,-1.7699995040893555,-3.7460307720937327,3.2169302323140587,,,,,,,,,,,,
2026-02-13,SHORT_VOL,462.6199951171875,465.0,2026-05-15,91.0,52.042630628600406,,0.9603174603174603,Bull,33,21,2.0,8.0,21.950000762939453,1.4599990844726562,6.651476235653386,12.984047266791233,23.799999237060547,-5.949999809265137,-25.0,45.75,4.260000228881836,9.311475910124232,9.311475910124232,,,,,,,,,,,,
2026-02-17,SHORT_VOL,448.2000122070313,450.0,2026-07-17,150.0,49.989745405692624,,0.9563492063492064,Bull,29,17,2.5,8.0,32.060001373291016,12.569999694824219,39.20773286459123,39.20773286459123,27.079999923706055,5.479999542236328,20.236335146511916,59.14000129699707,7.090000152587891,11.988501855085175,11.988501855085175,,,,,,,,,,,,
2026-02-18,SHORT_VOL,458.2799987792969,460.0,2026-07-17,149.0,40.449277397713814,,0.9166666666666666,Bull,28,16,0.5,8.0,32.150001525878906,17.369998931884766,54.02798789263794,54.02798789263794,28.899999618530273,5.649999618530273,19.55017194847149,61.05000114440918,11.719999313354492,19.197377712789418,19.197377712789418,,,,,,,,,,,,
2026-02-19,SHORT_VOL,459.55999755859375,460.0,2026-05-15,85.0,40.44911052864305,,0.9126984126984127,Bull,27,15,0.5,8.0,25.5,12.099998474121094,47.450974408318025,64.70588235294117,24.0,5.450000762939453,22.70833651224772,49.5,6.649997711181641,13.43433881046796,20.303028761738478,,,,,,,,,,,,
2026-02-20,SHORT_VOL,468.6199951171875,470.0,2026-07-17,147.0,38.031242497067126,,0.9087301587301587,Bull,26,14,2.5,8.0,33.040000915527344,7.959999084472656,24.09200624668206,34.14043119470911,32.91999816894531,6.539999008178711,19.866340741015414,65.95999908447266,1.4200000762939453,2.152820036391148,9.111583250910964,,,,,,,,,,,,
2026-02-23,SHORT_VOL,481.2799987792969,480.0,2026-05-15,81.0,37.42078050642358,,0.9047619047619048,Bull,23,11,3.0,8.0,26.969999313354492,2.450000762939453,9.08417065374676,15.684099211268542,27.68000030517578,5.630001068115234,20.3395990102735,54.64999961853027,-3.1800003051757812,-5.818847808550639,6.678868346489968,,,,,,,,,,,,
2026-02-24,SHORT_VOL,474.6099853515625,475.0,2026-05-15,80.0,36.831054335070824,,0.8968253968253969,Bull,22,10,3.0,8.0,26.549999237060547,5.340000152587891,20.11299550296748,20.11299550296748,27.25,7.309999465942383,26.825686113550027,53.79999923706055,-1.9699993133544922,-3.6617088128087607,3.3457270816636644,,,,,,,,,,,,
2026-02-25,SHORT_VOL,473.4200134277344,475.0,2026-07-17,142.0,36.36237514286658,,0.8928571428571429,Bull,21,9,3.0,7.0,38.2400016784668,6.619998931884766,17.311711928120886,17.311711928120886,29.739999771118164,6.920000076293945,23.268325923170536,67.98000144958496,-0.3000011444091797,-0.4413079405884763,-0.4413079405884763,,,,,,,,,,,,
2026-02-26,SELL PUT,477.4800109863281,475.0,2026-05-15,78.0,36.20202867367334,,0.8888888888888888,Bull,20,8,1.0,7.0,27.200000762939453,-2.200000762939453,-8.088237872173142,32.42646855672757,22.75,-5.6875,-25.0,49.95000076293945,3.4299983978271484,6.866863554428702,6.866863554428702,,,,,,,,,,,,
2026-02-26,SHORT_VOL,477.4800109863281,475.0,2026-05-15,78.0,36.20202867367334,,0.8888888888888888,Bull,20,8,1.0,7.0,27.200000762939453,-2.200000762939453,-8.088237872173142,32.42646855672757,22.75,-5.6875,-25.0,49.95000076293945,3.4299983978271484,6.866863554428702,6.866863554428702,,,,,,,,,,,,
2026-02-27,SHORT_VOL,483.75,485.0,2026-05-15,77.0,29.772077589405416,,0.7936507936507936,Bull,19,7,1.0,7.0,25.729999542236328,-4.279998779296875,-16.634274603352285,17.955697323855645,25.350000381469727,-6.337500095367432,-25.0,51.079999923706055,2.5500011444091797,4.992171394318528,5.618635348808622,,,,,,,,,,,,
2026-03-02,SHORT_VOL,490.0,490.0,2026-05-15,74.0,28.3739100613986,,0.746031746031746,Bull,16,4,2.0,7.0,27.8799991607666,-8.079999923706055,-28.98134923575042,0.6456252173388854,24.850000381469727,-6.212500095367432,-25.0,52.72999954223633,0.5399990081787109,1.0240830890699626,5.120429914142905,,,,,,,,,,,,
2026-03-03,SELL PUT,468.1400146484375,470.0,2026-07-17,136.0,33.867668065789594,,0.8809523809523809,Bull,15,3,2.0,3.0,36.13999938964844,1.2099990844726562,3.3480882814271418,3.3480882814271418,33.5,6.600000381469727,19.701493676029035,69.63999938964844,-5.39000129699707,-7.739806640202615,-1.5795525432374355,,,,,,,,,,,,
2026-03-04,SELL PUT,471.7999877929687,470.0,2026-07-17,135.0,32.478906103391814,,0.8571428571428571,Bull,14,2,2.0,4.0,37.459999084472656,-2.55999755859375,-6.83394986962208,-0.2936481928456858,29.110000610351562,1.8100013732910156,6.217799159534803,66.56999969482422,-4.369998931884766,-6.564516977494489,-1.5322224161629017,,,,,,,,,,,,
2026-03-05,SELL PUT,466.1300048828125,465.0,2026-05-15,71.0,33.341560055894725,,0.8650793650793651,Bull,13,1,2.0,4.0,29.5,1.9200000762939453,6.50847483489474,6.50847483489474,21.0,5.020000457763672,23.904764084588916,50.5,-3.1000003814697266,-6.1386146167717355,-1.6039593384997681,,,,,,,,,,,,
2026-03-09,BUY CALL,472.5299987792969,475.0,2026-07-17,130.0,29.537840776152073,,0.7619047619047619,Bull,9,25,1.0,4.0,32.29999923706055,-5.299999237060547,-16.40866675618805,8.76161578297372,32.099998474121094,4.049999237060547,12.616820652890814,64.39999771118164,-7.149997711181641,-11.102481312573403,-3.757758303734381,,,,,,,,,,,,
2026-03-10,SHORT_VOL,477.8599853515625,480.0,2026-05-15,66.0,29.347893896615073,,0.75,Bull,8,24,3.0,6.0,24.950000762939453,-9.500000953674316,-38.07615496263049,-5.851707203111445,21.920000076293945,-5.480000019073486,-25.0,46.8700008392334,0.2499990463256836,0.5333881840181605,0.5333881840181605,,,,,,,,,,,,
2026-03-12,BUY CALL,466.8800048828125,465.0,2026-07-17,127.0,30.657131649258986,,0.8214285714285714,Bull,6,22,3.0,5.0,35.0,-7.319999694824219,-20.914284842354913,-2.857142857142858,23.6299991607666,-5.90749979019165,-25.0,58.6299991607666,-0.9299983978271484,-1.5862159494102037,3.0189363644008647,,,,,,,,,,,,
2026-03-13,BUY CALL,460.8399963378906,460.0,2026-07-17,126.0,29.7973546670686,,0.7738095238095238,Bull,5,21,1.0,5.0,37.0,-14.700000762939453,-39.72973179172825,-9.729725605732686,23.239999771118164,-5.809999942779541,-25.0,60.239999771118164,-7.670000076293945,-12.73240389348623,-0.647406181576361,,,,,,,,,,,,
2026-03-16,BUY CALL,460.4299926757813,460.0,2026-05-15,60.0,28.273478741455264,,0.7063492063492064,Bull,2,18,3.5,5.0,22.829999923706055,-11.414999961853027,-50.0,-2.1901007519531945,18.299999237060547,-4.574999809265137,-25.0,41.1299991607666,14.870002746582031,36.15366654509039,36.15366654509039,,,,,,,,,,,,
2026-03-17,BUY CALL,459.2699890136719,460.0,2026-07-17,122.0,17.782508831789407,,0.49206349206349204,Bull,1,17,6.5,6.0,31.649999618530273,-15.824999809265137,-50.0,-6.003158424740929,24.700000762939453,-6.175000190734863,-25.0,56.35000038146973,11.220000267028809,19.911269194451364,19.911269194451364,,,,,,,,,,,,
2026-03-17,STRADDLE,459.2699890136719,460.0,2026-07-17,122.0,17.782508831789407,,0.49206349206349204,Bull,1,17,6.5,6.0,31.649999618530273,-15.824999809265137,-50.0,-6.003158424740929,24.700000762939453,-6.175000190734863,-25.0,56.35000038146973,11.220000267028809,19.911269194451364,19.911269194451364,,,,,,,,,,,,
2026-03-18,BUY CALL,444.739990234375,445.0,2026-05-15,58.0,22.387139838732285,,0.626984126984127,Bull,0,16,1.5,5.0,21.149999618530273,-10.574999809265137,-50.0,-8.226949420810802,17.450000762939453,-4.362500190734863,-25.0,38.60000038146973,19.300000190734863,50.0,42.59067453779038,,,,,,,,,,,,
2026-03-19,BUY CALL,426.4100036621094,425.0,2026-07-17,120.0,28.841587286836003,,0.7341269841269841,Bull,41,15,0.5,5.0,26.700000762939453,-4.090000152587891,-15.31835219370089,8.614229106139316,26.6200008392334,-6.65500020980835,-25.0,53.32000160217285,7.489999771118164,14.047260964097456,14.122281433574923,,,,,,,,,,,,
2026-03-20,BUY CALL,413.3800048828125,415.0,2026-05-15,56.0,27.168187413410443,,0.6666666666666666,Bull,40,14,0.5,3.0,24.049999237060547,-1.0499992370605469,-4.365901332098677,-4.365901332098677,11.199999809265137,-2.799999952316284,-25.0,35.249999046325684,7.050000190734863,20.00000108218365,27.092199855620468,,,,,,,,,,,,
2026-03-23,BUY CALL,404.0400085449219,405.0,2026-05-15,53.0,26.702195848647865,,0.6626984126984127,Bull,37,11,0.0,3.0,22.100000381469727,7.75,35.06787269785829,35.06787269785829,20.149999618530273,1.6999988555908203,8.436719046026548,42.25,6.05000114440918,14.319529335879716,14.319529335879716,,,,,,,,,,,,
2026-03-24,BUY CALL,404.1300048828125,405.0,2026-05-15,52.0,24.04176248210037,,0.6388888888888888,Bull,36,10,0.0,3.0,20.950000762939453,8.899999618530273,42.48209687072839,42.48209687072839,22.829999923706055,4.379999160766602,19.18527891109859,43.78000068664551,4.520000457763672,10.324349901489235,10.324349901489235,,,,,,,,,,,,
2026-03-25,SELL PUT,416.2900085449219,415.0,2026-05-15,51.0,33.171787000912985,,0.8611111111111112,Bull,35,9,0.0,5.0,24.700000762939453,-1.9099998474121094,-7.732792665650134,-3.1174106638854893,17.469999313354492,-4.367499828338623,-25.0,42.170000076293945,1.5500011444091797,3.675601474045336,11.240217601476306,,,,,,,,,,,,
2026-03-26,SELL PUT,400.6400146484375,400.0,2026-05-15,50.0,35.39034345670043,,0.8849206349206349,Bull,34,8,0.0,5.0,27.350000381469727,13.89000129699707,50.786110066776736,50.786110066776736,17.170000076293945,8.420000076293945,49.03902177565603,44.52000045776367,5.470001220703125,12.286615373898165,12.286615373898165,,,,,,,,,,,,
2026-03-27,SELL PUT,414.7000122070313,415.0,2026-05-15,49.0,43.38232737623538,,0.9206349206349206,Bull,33,7,0.0,4.0,18.360000610351562,16.360000610351562,89.10675417476632,89.10675417476632,25.049999237060547,15.059999465942383,60.11976017812276,43.40999984741211,1.3000011444091797,2.994704328446754,6.956923447083839,,,,,,,,,,,,
2026-03-30,SELL PUT,414.5799865722656,415.0,2026-05-15,46.0,43.420803050339174,,0.9206349206349206,Bull,30,4,1.0,4.0,25.0,3.7900009155273438,15.160003662109368,38.88000488281249,19.440000534057617,6.040000915527344,31.069962703682314,44.44000053405762,-2.25,-5.063006239785395,0.6075617788455039,,,,,,,,,,,,
2026-04-02,SELL PUT,429.4100036621094,430.0,2026-05-15,43.0,44.51793061365931,,0.9206349206349206,Bull,27,1,1.0,4.0,17.399999618530273,2.8900012969970703,16.609203220437664,17.47127001249971,23.200000762939453,6.700000762939453,28.879312683654234,40.60000038146973,-3.809999465942383,-9.384235049616668,-1.7487662014818783,,,,,,,,,,,,
2026-04-06,SHORT_VOL,427.6499938964844,430.0,2026-07-17,102.0,41.06122604711586,,0.8968253968253969,Bull,23,25,0.0,6.0,30.479999542236328,-0.25,-0.8202099860715961,3.8713921354908365,27.450000762939453,8.720001220703125,31.766852380113935,57.93000030517578,-8.970001220703125,-15.484207100723415,-1.8297969406299301,,,,,,,,,,,,
2026-04-07,SHORT_VOL,431.80999755859375,430.0,2026-12-18,255.0,38.399979724695406,,0.8849206349206349,Bull,22,24,0.0,7.0,47.220001220703125,1.2299995422363281,2.6048274257499227,6.353239988237602,39.47999954223633,9.579999923706055,24.26545094930211,86.70000076293945,-8.350000381469727,-9.630911543243025,0.39215703528946927,,,,,,,,,,,,
2026-04-08,SHORT_VOL,434.5299987792969,435.0,2026-05-15,37.0,38.236273272159984,,0.8809523809523809,Bull,21,23,0.0,8.0,20.5,-5.729999542236328,-27.9512172792016,-12.195121951219512,14.100000381469727,1.5200004577636719,10.780144798870092,34.60000038146973,-7.25,-20.953756994415492,-2.6011604507406547,,,,,,,,,,,,
2026-04-09,SHORT_VOL,437.9100036621094,440.0,2026-07-17,99.0,36.16980294060183,,0.8531746031746031,Bull,20,22,0.0,8.0,26.700000762939453,1.8099994659423828,6.779024023305369,6.779024023305369,23.049999237060547,3.5,15.184382281334678,49.75,-1.6900005340576172,-3.396985998105763,-1.04522705078125,,,,,,,,,,,,
2026-04-10,SHORT_VOL,437.1300048828125,435.0,2026-07-17,98.0,27.514389727217786,,0.626984126984127,Bull,19,21,2.0,6.0,28.0,0.5599994659423828,1.9999980926513672,12.17857088361467,20.079999923706055,1.6800003051757812,8.366535416130185,48.079999923706055,-1.1200008392333984,-2.3294526643315927,1.6846910716050334,,,,,,,,,,,,
2026-04-13,SHORT_VOL,435.3599853515625,435.0,2026-05-15,32.0,23.98121199812625,,0.5912698412698413,Bull,16,18,2.5,6.0,15.050000190734863,3.9800004959106445,26.445185684189077,37.67441229741788,13.359999656677246,6.089999675750732,45.58383107971854,28.40999984741211,-2.109999179840088,-7.426959490224318,5.948608199437369,2026-04-13,2026-04-17,485.0,530.0,385.0,345.0,3.009999930858612,2.2800001055002213,False,0.7299998253583908,24.252486449398557,40.26890174289483
2026-04-21,BUY CALL,429.5700073242187,430.0,2026-05-15,24.0,22.38481576298105,,0.5793650793650794,Bull,8,10,1.0,4.0,16.950000762939453,-5.350000381469727,-31.563422658760608,-15.929207323948358,6.900000095367432,-1.725000023841858,-25.0,23.850000858306885,-4.5500006675720215,-19.077570246657956,2.7672928587970063,,,,,,,,,,,,
