signal_date,signal_type,spot,strike_atm,expiry,actual_dte,rv,error,rv_pctile,regime,days_to_fomc,days_to_nfp,long_call_entry,long_call_pnl_close,long_call_pnl_pct,long_call_max_pnl_pct,short_put_entry_premium,short_put_pnl_close,short_put_pnl_pct,straddle_entry,straddle_pnl_close,straddle_pnl_pct,straddle_max_pnl_pct,ic_error
2024-11-07,SELL PUT,249.6499938964844,,,,21.235458037961322,无历史 K 线 (所有候选 expiry 在信号日均无数据),0.9484126984126984,Bull,83,57,,,,,,,,,,,,
2024-11-08,SELL PUT,247.9600067138672,,,,21.313770320234696,无历史 K 线 (所有候选 expiry 在信号日均无数据),0.9484126984126984,Bull,82,56,,,,,,,,,,,,
2024-11-11,SELL PUT,242.13999938964844,240.0,2027-01-15,795.0,23.83048405018177,,0.996031746031746,Bull,79,53,35.29999923706055,-4.579999923706055,-12.974504313579793,-3.682717465035268,13.0,-2.560000419616699,-19.692310920128456,48.29999923706055,-1.3399991989135742,-2.774325507412004,0.5176023008232401,
2024-11-12,SELL PUT,240.0500030517578,240.0,2027-01-15,794.0,22.272386343494766,,0.9563492063492064,Bull,78,52,32.650001525878906,-1.930002212524414,-5.911185673282937,0.0,15.100000381469727,-0.46000003814697266,-3.0463577915631785,47.75000190734863,-0.7900018692016602,-1.6544541102522563,1.6753910054554961,
2024-11-13,SELL PUT,237.6300048828125,240.0,2027-01-15,793.0,21.28237774881401,,0.9365079365079365,Bull,77,51,32.5,1.3500000000000014,4.153846153846152,4.153846153846152,14.43,-1.1300000000000008,-7.830907830907837,46.93,2.480000000000004,5.28446622629449,5.28446622629449,
2024-11-14,SELL PUT,237.0099945068359,,,,20.983580718582886,无历史 K 线 (所有候选 expiry 在信号日均无数据),0.9206349206349206,Bull,76,50,,,,,,,,,,,,
2024-11-15,SELL PUT,236.58999633789065,235.0,2027-01-15,791.0,21.097756633117186,,0.9206349206349206,Bull,75,49,34.1,6.100000000000001,17.888563049853378,17.888563049853378,13.83,1.7300000000000004,12.509038322487347,47.93,4.3700000000000045,9.117462966826631,9.117462966826631,
2024-11-25,SELL PUT,242.47999572753903,240.0,2027-01-15,781.0,22.33023440400749,,0.9484126984126984,Bull,65,39,36.400001525878906,1.7999992370605469,4.945052641772074,4.945052641772074,13.390000343322754,-0.1099996566772461,-0.8215060034117181,49.79000186920166,-0.9000024795532227,-1.8075967980831358,-1.8075967980831358,
2024-11-26,SELL PUT,242.9499969482422,,,,21.786812901752878,无历史 K 线 (所有候选 expiry 在信号日均无数据),0.9365079365079365,Bull,64,38,,,,,,,,,,,,
2024-11-27,SELL PUT,243.4900054931641,,,,20.849939613166722,无历史 K 线 (所有候选 expiry 在信号日均无数据),0.8968253968253969,Bull,63,37,,,,,,,,,,,,
2024-12-02,SELL PUT,243.44000244140625,,,,21.634059095002154,无历史 K 线 (所有候选 expiry 在信号日均无数据),0.9285714285714286,Bull,58,32,,,,,,,,,,,,
2024-12-03,SELL PUT,243.92999267578125,,,,19.716298302159778,无历史 K 线 (所有候选 expiry 在信号日均无数据),0.8650793650793651,Bull,57,31,,,,,,,,,,,,
2024-12-05,BUY CALL,242.86000061035156,,,,19.44252033163894,无历史 K 线 (所有候选 expiry 在信号日均无数据),0.8492063492063492,Bull,55,29,,,,,,,,,,,,
2024-12-06,BUY CALL,242.9499969482422,,,,18.808689883852374,无历史 K 线 (所有候选 expiry 在信号日均无数据),0.8214285714285714,Bull,54,28,,,,,,,,,,,,
2024-12-10,STRADDLE,248.58999633789065,,,,11.033515292662937,无历史 K 线 (所有候选 expiry 在信号日均无数据),0.27380952380952384,Bull,50,24,,,,,,,,,,,,
2024-12-11,STRADDLE,250.9600067138672,,,,11.566175034984544,无历史 K 线 (所有候选 expiry 在信号日均无数据),0.3492063492063492,Bull,49,23,,,,,,,,,,,,
2024-12-12,BUY CALL,247.27999877929688,,,,14.706476067327165,无历史 K 线 (所有候选 expiry 在信号日均无数据),0.5515873015873016,Bull,48,22,,,,,,,,,,,,
2024-12-12,SHORT_VOL,247.27999877929688,,,,14.706476067327165,无历史 K 线 (所有候选 expiry 在信号日均无数据),0.5515873015873016,Bull,48,22,,,,,,,,,,,,
2024-12-13,BUY CALL,244.2899932861328,245.0,2027-01-15,763.0,15.58719765289501,,0.6388888888888888,Bull,47,21,34.2,-3.200000000000003,-9.35672514619884,-1.1695906432748648,13.81,0.0,0.0,48.010000000000005,-3.200000000000003,-6.665278067069366,-0.8331597583836818,
2024-12-13,SHORT_VOL,244.2899932861328,,,,15.58719765289501,无历史 K 线 (所有候选 expiry 在信号日均无数据),0.6388888888888888,Bull,47,21,,,,,,,,,,,,
2024-12-16,BUY CALL,244.8800048828125,,,,14.925026540671658,无历史 K 线 (所有候选 expiry 在信号日均无数据),0.5714285714285714,Bull,44,18,,,,,,,,,,,,
2024-12-16,SHORT_VOL,244.8800048828125,,,,14.925026540671658,无历史 K 线 (所有候选 expiry 在信号日均无数据),0.5714285714285714,Bull,44,18,,,,,,,,,,,,
2024-12-17,BUY CALL,243.94000244140625,,,,15.05788668755452,无历史 K 线 (所有候选 expiry 在信号日均无数据),0.5952380952380952,Bull,43,17,,,,,,,,,,,,
2024-12-17,SHORT_VOL,243.94000244140625,,,,15.05788668755452,无历史 K 线 (所有候选 expiry 在信号日均无数据),0.5952380952380952,Bull,43,17,,,,,,,,,,,,
2024-12-18,BUY CALL,239.2599945068359,240.0,2027-01-15,758.0,17.755103653267543,,0.7777777777777778,Bull,42,16,34.0,-1.25,-3.676470588235292,-3.676470588235292,14.289999961853027,0.9399995803833008,6.5780236731463795,45.22000026702881,0.880000114440918,1.9460418161088584,1.9460418161088584,
2024-12-19,BUY CALL,239.6000061035156,240.0,2027-01-15,757.0,17.585668367016947,,0.7658730158730159,Bull,41,15,30.93000030517578,1.6699981689453125,5.399282743187883,5.884253724108968,14.289999961853027,1.6999998092651367,11.896429767692544,45.22000026702881,-0.03000164031982422,-0.06634595343357234,1.9460418161088584,
2024-12-24,SHORT_VOL,241.44000244140625,240.0,2027-01-15,752.0,15.900449215517998,,0.6547619047619048,Bull,36,10,33.5,0.5499999999999972,1.6417910447761086,2.2089552238806043,13.16,0.5700000000000003,4.331306990881461,46.66,-0.01999999999999602,-0.04286326618087446,0.36433776253750905,
2024-12-26,SHORT_VOL,243.07000732421875,,,,15.348182415463313,无历史 K 线 (所有候选 expiry 在信号日均无数据),0.6111111111111112,Bull,34,8,,,,,,,,,,,,
2024-12-27,BUY CALL,241.3999938964844,,,,14.146674588265414,无历史 K 线 (所有候选 expiry 在信号日均无数据),0.5,Bull,33,7,,,,,,,,,,,,
2024-12-30,BUY CALL,240.6300048828125,240.0,2027-01-15,746.0,13.091382731011295,,0.4087301587301587,Bull,30,4,33.4,1.9200000000000017,5.7485029940119725,9.13173652694612,12.59,0.0,0.0,45.989999999999995,1.9200000000000017,4.174820613176782,6.63187649489022,
2024-12-31,STRADDLE,242.1300048828125,,,,13.541678596552801,无历史 K 线 (所有候选 expiry 在信号日均无数据),0.43253968253968256,Bull,29,3,,,,,,,,,,,,
2025-01-02,STRADDLE,245.4199981689453,,,,15.257248633616358,无历史 K 线 (所有候选 expiry 在信号日均无数据),0.6031746031746031,Bull,27,1,,,,,,,,,,,,
2025-01-03,STRADDLE,243.4900054931641,,,,11.729889232145538,无历史 K 线 (所有候选 expiry 在信号日均无数据),0.3492063492063492,Bull,26,0,,,,,,,,,,,,
2025-01-06,BUY CALL,243.19000244140625,245.0,2027-01-15,739.0,11.826147563919749,,0.3531746031746032,Bull,23,32,31.3,3.150000000000002,10.063897763578279,10.063897763578279,14.92,-0.8300000000000001,-5.563002680965147,46.22,3.980000000000004,8.610990913024672,8.610990913024672,
2025-01-13,BUY CALL,245.7400054931641,,,,12.750248407446731,无历史 K 线 (所有候选 expiry 在信号日均无数据),0.3888888888888889,Bull,16,25,,,,,,,,,,,,
2025-01-14,BUY CALL,247.02999877929688,,,,12.057997566419333,无历史 K 线 (所有候选 expiry 在信号日均无数据),0.3611111111111111,Bull,15,24,,,,,,,,,,,,
2025-01-14,STRADDLE,247.02999877929688,,,,12.057997566419333,无历史 K 线 (所有候选 expiry 在信号日均无数据),0.3611111111111111,Bull,15,24,,,,,,,,,,,,
2025-01-15,STRADDLE,248.8800048828125,,,,11.882249161370938,无历史 K 线 (所有候选 expiry 在信号日均无数据),0.3492063492063492,Bull,14,23,,,,,,,,,,,,
2025-01-16,STRADDLE,250.6000061035156,250.0,2027-01-15,729.0,11.932031161766467,,0.3531746031746032,Bull,13,22,34.0,1.3999999999999986,4.117647058823515,5.294117647058805,15.02,-0.08000000000000007,-0.5326231691078567,49.019999999999996,1.480000000000004,3.0191758465932357,4.304365565075479,
2025-01-17,STRADDLE,249.27000427246097,,,,11.207965750879326,无历史 K 线 (所有候选 expiry 在信号日均无数据),0.2619047619047619,Bull,12,21,,,,,,,,,,,,
2025-01-27,STRADDLE,252.9900054931641,,,,13.330746902843604,无历史 K 线 (所有候选 expiry 在信号日均无数据),0.4126984126984127,Bull,2,11,,,,,,,,,,,,
2025-01-28,STRADDLE,255.17999267578125,,,,11.870379156834192,无历史 K 线 (所有候选 expiry 在信号日均无数据),0.3373015873015873,Bull,1,10,,,,,,,,,,,,
2025-01-29,STRADDLE,254.1999969482422,,,,12.419350167165874,无历史 K 线 (所有候选 expiry 在信号日均无数据),0.36904761904761907,Bull,0,9,,,,,,,,,,,,
2025-01-30,SHORT_VOL,258.04998779296875,260.0,2027-01-15,715.0,13.718117893922418,,0.4444444444444444,Bull,48,8,32.0,2.5999984741210938,8.124995231628418,8.124995231628418,17.719999313354492,1.4699993133544922,8.295707507429995,49.71999931335449,1.1299991607666016,2.2727256161950318,3.761067522942945,
2025-02-04,STRADDLE,262.5,,,,11.680834154808013,无历史 K 线 (所有候选 expiry 在信号日均无数据),0.2976190476190476,Bull,43,3,,,,,,,,,,,,
2025-02-05,STRADDLE,264.1300048828125,265.0,2027-01-15,709.0,11.731106997279456,,0.30158730158730157,Bull,42,2,32.0,1.3199996948242188,4.124999046325684,4.124999046325684,17.649999618530273,-0.43000030517578125,-2.4362624049256927,49.64999961853027,-0.2700004577636719,-0.5438075726850616,-0.5438075726850616,
2025-02-06,STRADDLE,263.42999267578125,265.0,2027-01-15,708.0,11.898752338277939,,0.32936507936507936,Bull,41,1,32.79999923706055,0.7000007629394531,2.1341487171393725,2.1341487171393725,18.079999923706055,0.5799999237060547,3.2079641933270864,49.28000068664551,1.7199993133544922,3.4902582982727073,3.4902582982727073,
2025-02-07,STRADDLE,263.8999938964844,,,,11.836844801720662,无历史 K 线 (所有候选 expiry 在信号日均无数据),0.3134920634920635,Bull,40,0,,,,,,,,,,,,
2025-02-14,BUY CALL,266.2900085449219,,,,14.035630635253016,无历史 K 线 (所有候选 expiry 在信号日均无数据),0.48412698412698413,Bull,33,21,,,,,,,,,,,,
2025-02-14,SHORT_VOL,266.2900085449219,,,,14.035630635253016,无历史 K 线 (所有候选 expiry 在信号日均无数据),0.48412698412698413,Bull,33,21,,,,,,,,,,,,
2025-02-18,STRADDLE,270.70001220703125,,,,15.583326178348358,无历史 K 线 (所有候选 expiry 在信号日均无数据),0.6388888888888888,Bull,29,17,,,,,,,,,,,,
2025-02-19,STRADDLE,270.8500061035156,,,,15.318012551084678,无历史 K 线 (所有候选 expiry 在信号日均无数据),0.5992063492063492,Bull,28,16,,,,,,,,,,,,
2025-02-20,STRADDLE,270.989990234375,,,,15.265467014868902,无历史 K 线 (所有候选 expiry 在信号日均无数据),0.5952380952380952,Bull,27,15,,,,,,,,,,,,
2025-02-21,STRADDLE,270.739990234375,,,,15.123889010863914,无历史 K 线 (所有候选 expiry 在信号日均无数据),0.5793650793650794,Bull,26,14,,,,,,,,,,,,
2025-02-24,SHORT_VOL,272.2099914550781,,,,15.1695474421367,无历史 K 线 (所有候选 expiry 在信号日均无数据),0.5833333333333334,Bull,23,11,,,,,,,,,,,,
2025-02-25,BUY CALL,268.6199951171875,,,,15.078562249016342,无历史 K 线 (所有候选 expiry 在信号日均无数据),0.5714285714285714,Bull,22,10,,,,,,,,,,,,
2025-02-25,SHORT_VOL,268.6199951171875,,,,15.078562249016342,无历史 K 线 (所有候选 expiry 在信号日均无数据),0.5714285714285714,Bull,22,10,,,,,,,,,,,,
2025-02-26,BUY CALL,269.0299987792969,,,,14.941369290937528,无历史 K 线 (所有候选 expiry 在信号日均无数据),0.5396825396825397,Bull,21,9,,,,,,,,,,,,
2025-02-26,SHORT_VOL,269.0299987792969,,,,14.941369290937528,无历史 K 线 (所有候选 expiry 在信号日均无数据),0.5396825396825397,Bull,21,9,,,,,,,,,,,,
2025-02-27,BUY CALL,264.92999267578125,,,,16.942762731167697,无历史 K 线 (所有候选 expiry 在信号日均无数据),0.7103174603174603,Bull,20,8,,,,,,,,,,,,
2025-02-27,SHORT_VOL,264.92999267578125,,,,16.942762731167697,无历史 K 线 (所有候选 expiry 在信号日均无数据),0.7103174603174603,Bull,20,8,,,,,,,,,,,,
2025-02-28,BUY CALL,263.2699890136719,,,,15.956620593042448,无历史 K 线 (所有候选 expiry 在信号日均无数据),0.6507936507936508,Bull,19,7,,,,,,,,,,,,
2025-03-04,STRADDLE,269.05999755859375,,,,14.271806143706794,无历史 K 线 (所有候选 expiry 在信号日均无数据),0.46825396825396826,Bull,15,3,,,,,,,,,,,,
2025-03-05,STRADDLE,269.6199951171875,,,,14.326996525216321,无历史 K 线 (所有候选 expiry 在信号日均无数据),0.47619047619047616,Bull,14,2,,,,,,,,,,,,
2025-03-06,STRADDLE,268.25,,,,14.496294555419828,无历史 K 线 (所有候选 expiry 在信号日均无数据),0.4801587301587302,Bull,13,1,,,,,,,,,,,,
2025-03-07,STRADDLE,268.3900146484375,,,,14.517026429376273,无历史 K 线 (所有候选 expiry 在信号日均无数据),0.48412698412698413,Bull,12,0,,,,,,,,,,,,
2025-03-10,BUY CALL,266.0400085449219,,,,14.546477040721792,无历史 K 线 (所有候选 expiry 在信号日均无数据),0.48412698412698413,Bull,9,25,,,,,,,,,,,,
2025-03-17,STRADDLE,276.7300109863281,,,,12.313738110767854,无历史 K 线 (所有候选 expiry 在信号日均无数据),0.2777777777777778,Bull,2,18,,,,,,,,,,,,
2025-03-18,STRADDLE,279.9599914550781,,,,12.729071057007507,无历史 K 线 (所有候选 expiry 在信号日均无数据),0.2976190476190476,Bull,1,17,,,,,,,,,,,,
2025-03-19,STRADDLE,281.1099853515625,,,,12.68531357382661,无历史 K 线 (所有候选 expiry 在信号日均无数据),0.2896825396825397,Bull,0,16,,,,,,,,,,,,
2025-03-20,STRADDLE,280.75,,,,12.033008569359465,无历史 K 线 (所有候选 expiry 在信号日均无数据),0.2619047619047619,Bull,48,15,,,,,,,,,,,,
2025-03-21,STRADDLE,278.489990234375,,,,13.523351454761471,无历史 K 线 (所有候选 expiry 在信号日均无数据),0.34523809523809523,Bull,47,14,,,,,,,,,,,,
2025-04-01,STRADDLE,287.57000732421875,,,,11.723823841942469,无历史 K 线 (所有候选 expiry 在信号日均无数据),0.18253968253968253,Bull,36,3,,,,,,,,,,,,
2025-04-02,STRADDLE,288.1600036621094,300.0,2027-01-15,653.0,11.699569025126904,,0.17857142857142858,Bull,35,2,28.3700008392334,-5.870000839233398,-20.690872984098274,5.745502687868953,27.899999618530273,-2.950000762939453,-10.573479581627515,55.10000038146973,-1.75,-3.1760435351803182,-2.994558102460206,
2025-04-03,BUY CALL,286.4200134277344,300.0,2027-01-15,652.0,12.356229888654633,,0.2698412698412698,Bull,34,1,27.0,-3.3999996185302734,-12.592591179741753,3.5185213442201935,27.899999618530273,-2.950000762939453,-10.573479581627515,55.10000038146973,-1.75,-3.1760435351803182,-2.994558102460206,
2025-04-03,STRADDLE,286.4200134277344,300.0,2027-01-15,652.0,12.356229888654633,,0.2698412698412698,Bull,34,1,27.0,-3.3999996185302734,-12.592591179741753,3.5185213442201935,27.899999618530273,-2.950000762939453,-10.573479581627515,55.10000038146973,-1.75,-3.1760435351803182,-2.994558102460206,
2025-04-04,BUY CALL,279.7200012207031,300.0,2027-01-15,651.0,17.375652635831024,,0.7380952380952381,Bull,33,0,27.200000762939453,2.239999771118164,8.235293045175961,8.235293045175961,27.899999618530273,-1.1000003814697266,-3.9426537509310284,55.10000038146973,3.3400001525878906,6.06170622407317,6.06170622407317,
2025-04-04,STRADDLE,279.7200012207031,300.0,2027-01-15,651.0,17.375652635831024,,0.7380952380952381,Bull,33,0,27.200000762939453,2.239999771118164,8.235293045175961,8.235293045175961,27.899999618530273,-1.1000003814697266,-3.9426537509310284,55.10000038146973,3.3400001525878906,6.06170622407317,6.06170622407317,
2025-04-07,SELL PUT,273.7099914550781,300.0,2027-01-15,648.0,20.599748388969218,,0.8888888888888888,Bull,30,25,21.399999618530273,16.94999885559082,79.20560354082346,79.20560354082346,34.099998474121094,11.519998550415039,33.782988463057286,55.49999809265137,5.430000305175781,9.783784669885883,9.783784669885883,
2025-04-08,SELL PUT,275.20001220703125,,,,20.686264386421378,无历史 K 线 (所有候选 expiry 在信号日均无数据),0.8928571428571429,Bull,29,24,,,,,,,,,,,,
2025-04-11,EXIT,297.92999267578125,300.0,2027-01-15,644.0,30.588111175787308,,1.0,Bull,26,21,36.70000076293945,6.909999847412109,18.828337067474934,18.828337067474934,24.0,4.399999618530273,18.333331743876137,60.70000076293945,2.510000228881836,4.135090934651723,4.135090934651723,
2025-04-16,EXIT,307.4700012207031,300.0,2027-01-15,639.0,33.55847255193805,,1.0,Bull,21,16,41.0,9.299999237060547,22.682924968440354,22.682924968440354,19.600000381469727,1.0500011444091797,5.357148591700406,60.60000038146973,8.249998092651367,13.613858153001024,13.613858153001024,
2025-04-21,EXIT,315.5899963378906,320.0,2027-01-15,634.0,30.57009069017581,,0.9880952380952381,Bull,16,11,39.5,-6.5,-16.455696202531644,-1.2911349912232972,28.0,-0.5300006866455078,-1.8928595951625278,67.5,-1.8700008392333984,-2.770371613679109,-0.7555530689380787,
2025-04-23,SELL PUT,303.6499938964844,,,,33.95564690514164,无历史 K 线 (所有候选 expiry 在信号日均无数据),1.0,Bull,14,9,,,,,,,,,,,,
2025-05-01,SELL PUT,297.4599914550781,300.0,2027-01-15,624.0,27.758915869749867,,0.9404761904761905,Bull,6,1,36.0,13.450000762939453,37.361113230387375,37.361113230387375,22.040000915527344,4.190000534057617,19.010890925624828,60.03000259399414,7.269998550415039,12.110608422899494,12.110608422899494,
2025-05-02,SELL PUT,297.9800109863281,300.0,2026-05-15,378.0,27.86261544947866,,0.9404761904761905,Bull,5,0,31.170000076293945,5.070001602172852,16.265645138797403,16.265645138797403,,,,46.47000026702881,-1.4200000762939453,-3.055735029339902,-3.055735029339902,
2025-05-08,SELL PUT,304.6300048828125,300.0,2027-01-15,617.0,29.726540318716133,,0.9484126984126984,Bull,41,29,45.20000076293945,-8.60000228881836,-19.026553415170966,-7.101767766129353,18.450000762939453,-1.9699993133544922,-10.677502611878657,63.650001525878906,-6.630002975463867,-10.416343780868932,-7.384132993348823,
2025-05-12,SELL PUT,298.19000244140625,300.0,2026-05-15,368.0,31.710525331571933,,0.9880952380952381,Bull,37,25,26.610000610351562,-3.460000991821289,-13.00263401901356,-1.1649807071797746,17.100000381469727,-2.2099990844726562,-12.923970965915904,43.71000099182129,-1.9000015258789062,-4.346834780979349,-0.5261986830611082,
2025-05-13,SELL PUT,299.4599914550781,300.0,2026-05-15,367.0,31.72459058693874,,0.9880952380952381,Bull,36,24,26.5,-3.3500003814697266,-12.641510873470663,-0.754719860148878,,,,41.14999961853027,0.6599998474121094,1.603887857911193,1.603887857911193,
2025-05-14,SELL PUT,293.1600036621094,300.0,2026-05-15,366.0,33.093140312923204,,0.9880952380952381,Bull,35,23,22.25,3.549999237060547,15.955052750833909,15.955052750833909,18.899999618530273,1.75,9.259259446144293,41.14999961853027,1.7999992370605469,4.374238769737408,4.374238769737408,
2025-05-16,SELL PUT,294.239990234375,300.0,2026-05-15,364.0,33.36903453045048,,0.9880952380952381,Bull,33,21,22.600000381469727,7.25,32.07964547622064,32.07964547622064,17.5,2.380000114440918,13.600000653948102,42.89999961853027,1.0199995040893555,2.3776212427954793,2.3776212427954793,
2025-06-10,STRADDLE,306.7099914550781,300.0,2027-01-15,584.0,17.686919792489043,,0.6587301587301587,Bull,8,24,39.95000076293945,6.200000762939453,15.519400862417566,15.519400862417566,16.979999542236328,1.4599990844726562,8.598345841182331,56.93000030517578,1.7900009155273438,3.1442137817178377,3.1442137817178377,
2025-06-16,STRADDLE,311.7799987792969,,,,15.943315653248739,无历史 K 线 (所有候选 expiry 在信号日均无数据),0.5753968253968254,Bull,2,18,,,,,,,,,,,,
2025-06-17,STRADDLE,311.94000244140625,,,,15.147440310676016,无历史 K 线 (所有候选 expiry 在信号日均无数据),0.5079365079365079,Bull,1,17,,,,,,,,,,,,
2025-06-18,STRADDLE,310.260009765625,,,,15.119979860109147,无历史 K 线 (所有候选 expiry 在信号日均无数据),0.503968253968254,Bull,0,16,,,,,,,,,,,,
2025-06-20,STRADDLE,310.1300048828125,310.0,2026-05-15,329.0,14.880136918912282,,0.45634920634920634,Bull,40,14,26.309999465942383,-4.35999870300293,-16.571641168776285,-1.1402479785257658,,,,38.25,0.7399997711181641,1.9346399244919321,1.9346399244919321,
2025-06-23,STRADDLE,311.0799865722656,310.0,2026-05-15,326.0,12.762289067832308,,0.2857142857142857,Bull,37,11,26.309999465942383,-7.709999084472656,-29.30444409340658,-1.1402479785257658,16.989999771118164,-1.3400001525878906,-7.886993352794501,38.25,-1.3199996948242188,-3.450979594311683,1.9346399244919321,
2025-06-24,BUY CALL,306.19000244140625,310.0,2026-05-15,325.0,15.40044463643438,,0.5555555555555556,Bull,36,10,21.260000228881836,-2.6599998474121094,-12.511758319731737,3.480713843609795,16.989999771118164,-1.3400001525878906,-7.886993352794501,38.25,-1.3199996948242188,-3.450979594311683,1.9346399244919321,
2025-06-24,SHORT_VOL,306.19000244140625,310.0,2026-05-15,325.0,15.40044463643438,,0.5555555555555556,Bull,36,10,21.260000228881836,-2.6599998474121094,-12.511758319731737,3.480713843609795,16.989999771118164,-1.3400001525878906,-7.886993352794501,38.25,-1.3199996948242188,-3.450979594311683,1.9346399244919321,
2025-06-25,BUY CALL,307.1199951171875,310.0,2026-05-15,324.0,15.48321653510908,,0.5714285714285714,Bull,35,9,21.950000762939453,-2.5700016021728516,-11.7084351382441,0.18222782135954851,19.0,1.1100006103515625,5.842108475534539,37.39999961853027,-0.13000106811523438,-0.3475964423561753,-0.3475964423561753,
2025-06-25,SHORT_VOL,307.1199951171875,310.0,2026-05-15,324.0,15.48321653510908,,0.5714285714285714,Bull,35,9,21.950000762939453,-2.5700016021728516,-11.7084351382441,0.18222782135954851,19.0,1.1100006103515625,5.842108475534539,37.39999961853027,-0.13000106811523438,-0.3475964423561753,-0.3475964423561753,
2025-06-26,BUY CALL,306.7799987792969,310.0,2026-05-15,323.0,15.205834574634602,,0.5238095238095238,Bull,34,8,22.100000381469727,0.10000038146972656,0.4524904060796864,0.4524904060796864,19.0,1.1100006103515625,5.842108475534539,37.39999961853027,-0.13000106811523438,-0.3475964423561753,-0.3475964423561753,
2025-06-26,SHORT_VOL,306.7799987792969,310.0,2026-05-15,323.0,15.205834574634602,,0.5238095238095238,Bull,34,8,22.100000381469727,0.10000038146972656,0.4524904060796864,0.4524904060796864,19.0,1.1100006103515625,5.842108475534539,37.39999961853027,-0.13000106811523438,-0.3475964423561753,-0.3475964423561753,
2025-06-27,BUY CALL,301.2200012207031,300.0,2026-05-15,322.0,15.718688548465758,,0.5873015873015873,Bull,33,7,23.299999237060547,4.400001525878906,18.88412733885565,18.88412733885565,13.25,2.770000457763672,20.905663832178657,36.54999923706055,1.6300010681152344,4.459647338275358,4.459647338275358,
2025-06-30,BUY CALL,304.8299865722656,310.0,2026-05-15,319.0,15.399347682888529,,0.5476190476190477,Bull,30,4,19.3799991607666,1.8200016021728516,9.391133544821372,15.221882820880172,17.889999389648438,2.7599992752075195,15.427609666686285,37.26999855041504,0.1900014877319336,0.5097974111131747,0.5097974111131747,
2025-07-01,STRADDLE,307.54998779296875,300.0,2027-01-15,563.0,15.30996096916116,,0.5317460317460317,Bull,29,3,38.25,-1.0499992370605469,-2.745096044602735,-0.6535947712418277,,,,53.68000030517578,0.07999992370605469,0.14903115359770436,0.14903115359770436,
2025-07-02,STRADDLE,309.25,,,,15.682916599038316,无历史 K 线 (所有候选 expiry 在信号日均无数据),0.5873015873015873,Bull,28,2,,,,,,,,,,,,
2025-07-03,STRADDLE,307.1400146484375,300.0,2027-01-15,561.0,15.816215678759033,,0.5952380952380952,Bull,27,1,37.54999923706055,-2.9199981689453125,-7.776293550662383,1.198404186637947,16.149999618530273,0.14999961853027344,0.9287902295562043,53.14999961853027,-2.519998550415039,-4.741295519288139,3.066794129471544,
2025-07-07,BUY CALL,307.3699951171875,300.0,2027-01-15,557.0,15.839288141194864,,0.5952380952380952,Bull,23,25,37.0,1.4000015258789062,3.7837879077808223,3.7837879077808223,16.149999618530273,0.14999961853027344,0.9287902295562043,53.14999961853027,-2.519998550415039,-4.741295519288139,3.066794129471544,
2025-07-07,SHORT_VOL,307.3699951171875,300.0,2027-01-15,557.0,15.839288141194864,,0.5952380952380952,Bull,23,25,37.0,1.4000015258789062,3.7837879077808223,3.7837879077808223,16.149999618530273,0.14999961853027344,0.9287902295562043,53.14999961853027,-2.519998550415039,-4.741295519288139,3.066794129471544,
2025-07-08,BUY CALL,304.1600036621094,300.0,2027-01-15,556.0,16.345988643419957,,0.6190476190476191,Bull,22,24,37.54999923706055,0.8500022888183594,2.2636546100896826,2.2636546100896826,,,,53.46999931335449,-2.839998245239258,-5.311386350681977,-5.311386350681977,
2025-07-08,SHORT_VOL,304.1600036621094,300.0,2027-01-15,556.0,16.345988643419957,,0.6190476190476191,Bull,22,24,37.54999923706055,0.8500022888183594,2.2636546100896826,2.2636546100896826,,,,53.46999931335449,-2.839998245239258,-5.311386350681977,-5.311386350681977,
2025-07-09,BUY CALL,305.5199890136719,,,,14.71424244755622,无历史 K 线 (所有候选 expiry 在信号日均无数据),0.43253968253968256,Bull,21,23,,,,,,,,,,,,
2025-07-09,SHORT_VOL,305.5199890136719,,,,14.71424244755622,无历史 K 线 (所有候选 expiry 在信号日均无数据),0.43253968253968256,Bull,21,23,,,,,,,,,,,,
2025-07-10,BUY CALL,306.20001220703125,,,,14.669701235756783,无历史 K 线 (所有候选 expiry 在信号日均无数据),0.4166666666666667,Bull,20,22,,,,,,,,,,,,
2025-07-10,SHORT_VOL,306.20001220703125,,,,14.669701235756783,无历史 K 线 (所有候选 expiry 在信号日均无数据),0.4166666666666667,Bull,20,22,,,,,,,,,,,,
2025-07-11,SHORT_VOL,309.1400146484375,,,,15.460653270474456,无历史 K 线 (所有候选 expiry 在信号日均无数据),0.5476190476190477,Bull,19,21,,,,,,,,,,,,
2025-07-14,BUY CALL,308.010009765625,,,,11.698342801012478,无历史 K 线 (所有候选 expiry 在信号日均无数据),0.1626984126984127,Bull,16,18,,,,,,,,,,,,
2025-07-15,BUY CALL,306.7300109863281,,,,10.714464424492439,无历史 K 线 (所有候选 expiry 在信号日均无数据),0.06746031746031746,Bull,15,17,,,,,,,,,,,,
2025-07-15,STRADDLE,306.7300109863281,,,,10.714464424492439,无历史 K 线 (所有候选 expiry 在信号日均无数据),0.06746031746031746,Bull,15,17,,,,,,,,,,,,
2025-07-16,BUY CALL,308.260009765625,,,,10.028346831244752,无历史 K 线 (所有候选 expiry 在信号日均无数据),0.04365079365079365,Bull,14,16,,,,,,,,,,,,
2025-07-16,STRADDLE,308.260009765625,,,,10.028346831244752,无历史 K 线 (所有候选 expiry 在信号日均无数据),0.04365079365079365,Bull,14,16,,,,,,,,,,,,
2025-07-17,BUY CALL,307.5899963378906,,,,9.629278658032757,无历史 K 线 (所有候选 expiry 在信号日均无数据),0.03968253968253968,Bull,13,15,,,,,,,,,,,,
2025-07-17,STRADDLE,307.5899963378906,310.0,2027-01-15,547.0,9.629278658032757,,0.03968253968253968,Bull,13,15,30.469999313354492,6.379999160766602,20.938625876405425,20.938625876405425,19.0,1.760000228881836,9.263159099378084,51.099998474121094,0.5900020599365234,1.1546028914958226,1.1546028914958226,
2025-07-18,STRADDLE,308.3900146484375,,,,9.046402283588469,无历史 K 线 (所有候选 expiry 在信号日均无数据),0.011904761904761904,Bull,12,14,,,,,,,,,,,,
2025-07-24,BUY CALL,310.2699890136719,,,,13.553148176330696,无历史 K 线 (所有候选 expiry 在信号日均无数据),0.35714285714285715,Bull,6,8,,,,,,,,,,,,
2025-07-25,BUY CALL,307.3999938964844,300.0,2027-01-15,539.0,13.6488475318675,,0.36507936507936506,Bull,5,7,37.0,-4.369998931884766,-11.810807924012877,3.648644524651612,15.010000228881836,-1.3400001525878906,-8.927382625947592,52.010000228881836,-3.029998779296875,-5.825800357551771,2.595651736550891,
2025-07-28,BUY CALL,305.4100036621094,310.0,2026-05-15,291.0,13.900599924561718,,0.38095238095238093,Bull,2,4,19.5,1.5,7.692307692307687,7.692307692307687,16.0,-0.14999961853027344,-0.937497615814209,35.5,0.009999275207519531,0.028166972415547973,0.028166972415547973,
2025-07-28,STRADDLE,305.4100036621094,310.0,2026-05-15,291.0,13.900599924561718,,0.38095238095238093,Bull,2,4,19.5,1.5,7.692307692307687,7.692307692307687,16.0,-0.14999961853027344,-0.937497615814209,35.5,0.009999275207519531,0.028166972415547973,0.028166972415547973,
2025-07-29,BUY CALL,306.25,300.0,2027-01-15,535.0,13.871794304062387,,0.376984126984127,Bull,1,3,34.5,2.6800003051757812,7.768116826596461,7.768116826596461,15.229999542236328,0.8499994277954102,5.581086364698596,49.97999954223633,1.580000877380371,3.161266290219087,3.161266290219087,
2025-07-29,STRADDLE,306.25,300.0,2027-01-15,535.0,13.871794304062387,,0.376984126984127,Bull,1,3,34.5,2.6800003051757812,7.768116826596461,7.768116826596461,15.229999542236328,0.8499994277954102,5.581086364698596,49.97999954223633,1.580000877380371,3.161266290219087,3.161266290219087,
2025-07-30,BUY CALL,300.9599914550781,300.0,2026-05-15,289.0,15.952789514700259,,0.6309523809523809,Bull,0,2,24.149999618530273,4.05000114440918,16.770191339057483,16.770191339057483,12.350000381469727,3.15000057220459,25.50607671989173,36.5,0.9000005722045898,2.465754992341342,2.465754992341342,
2025-07-30,STRADDLE,300.9599914550781,300.0,2026-05-15,289.0,15.952789514700259,,0.6309523809523809,Bull,0,2,24.149999618530273,4.05000114440918,16.770191339057483,16.770191339057483,12.350000381469727,3.15000057220459,25.50607671989173,36.5,0.9000005722045898,2.465754992341342,2.465754992341342,
2025-07-31,STRADDLE,302.9599914550781,300.0,2027-01-15,533.0,16.58586783862147,,0.6547619047619048,Bull,48,1,34.0,5.0,14.705882352941169,14.705882352941169,15.449999809265137,2.09999942779541,13.59222947391929,49.44999980926514,2.90000057220459,5.864510785420134,5.864510785420134,
2025-08-01,STRADDLE,309.1099853515625,,,,19.813450212267355,无历史 K 线 (所有候选 expiry 在信号日均无数据),0.7619047619047619,Bull,47,0,,,,,,,,,,,,
2025-08-04,SHORT_VOL,310.9100036621094,,,,18.31946148767932,无历史 K 线 (所有候选 expiry 在信号日均无数据),0.7182539682539683,Bull,44,32,,,,,,,,,,,,
2025-08-05,SHORT_VOL,311.1600036621094,,,,17.472871984072295,无历史 K 线 (所有候选 expiry 在信号日均无数据),0.6904761904761905,Bull,43,31,,,,,,,,,,,,
2025-08-06,SHORT_VOL,310.5,,,,16.40409151074208,无历史 K 线 (所有候选 expiry 在信号日均无数据),0.6428571428571429,Bull,42,30,,,,,,,,,,,,
2025-08-07,SHORT_VOL,313.1199951171875,,,,16.63705733578182,无历史 K 线 (所有候选 expiry 在信号日均无数据),0.6547619047619048,Bull,41,29,,,,,,,,,,,,
2025-08-08,SHORT_VOL,313.04998779296875,,,,15.67410719935488,无历史 K 线 (所有候选 expiry 在信号日均无数据),0.5952380952380952,Bull,40,28,,,,,,,,,,,,
2025-08-11,BUY CALL,308.54998779296875,,,,17.28945649194618,无历史 K 线 (所有候选 expiry 在信号日均无数据),0.6785714285714286,Bull,37,25,,,,,,,,,,,,
2025-08-12,BUY CALL,308.2699890136719,310.0,2026-05-15,276.0,17.28476727666646,,0.6746031746031746,Bull,36,24,,,,,13.819999694824219,-0.48000049591064453,-3.473230871997858,34.619998931884766,-0.3899984359741211,-1.1265119815325453,-1.1265119815325453,
2025-08-12,STRADDLE,308.2699890136719,310.0,2026-05-15,276.0,17.28476727666646,,0.6746031746031746,Bull,36,24,,,,,13.819999694824219,-0.48000049591064453,-3.473230871997858,34.619998931884766,-0.3899984359741211,-1.1265119815325453,-1.1265119815325453,
2025-08-13,STRADDLE,309.2099914550781,310.0,2026-05-15,275.0,14.038534046086951,,0.3968253968253968,Bull,35,23,20.799999237060547,-1.8499984741210938,-8.894223759512677,-1.7307630586903988,13.819999694824219,-0.48000049591064453,-3.473230871997858,34.619998931884766,-0.3899984359741211,-1.1265119815325453,-1.1265119815325453,
2025-08-14,STRADDLE,307.25,300.0,2027-01-15,519.0,14.527918800593762,,0.44047619047619047,Bull,34,22,35.5,-1.779998779296875,-5.0140810684419,0.845068273409999,13.949999809265137,-0.05000019073486328,-0.35842431124375196,49.44999980926514,0.34999942779541016,0.7077844876550089,1.4762415619831513,
2025-08-15,STRADDLE,307.42999267578125,300.0,2027-01-15,518.0,10.137974585422626,,0.06746031746031746,Bull,33,21,35.5,0.7299995422363281,2.056336738693876,2.056336738693876,14.550000190734863,0.9000005722045898,6.185570861900685,50.05000019073486,-0.17000102996826172,-0.3396623962445697,0.25974239284678335,
2025-08-18,STRADDLE,306.95001220703125,,,,9.500160691069029,无历史 K 线 (所有候选 expiry 在信号日均无数据),0.03571428571428571,Bull,30,18,,,,,,,,,,,,
2025-08-19,BUY CALL,305.2699890136719,310.0,2026-05-15,269.0,9.637476973955868,,0.051587301587301584,Bull,29,17,18.299999237060547,2.8100013732910156,15.355199401321794,15.355199401321794,,,,32.249999046325684,0.0,0.0,0.0,
2025-08-19,STRADDLE,305.2699890136719,310.0,2026-05-15,269.0,9.637476973955868,,0.051587301587301584,Bull,29,17,18.299999237060547,2.8100013732910156,15.355199401321794,15.355199401321794,,,,32.249999046325684,0.0,0.0,0.0,
2025-08-21,STRADDLE,307.2900085449219,300.0,2027-01-15,512.0,10.196505338254795,,0.07936507936507936,Bull,27,15,35.54999923706055,2.990001678466797,8.410694072110548,8.410694072110548,14.279999732971191,1.4200000762939453,9.943978311255126,49.82999897003174,1.5700016021728516,3.150715702637414,3.150715702637414,
2025-08-25,STRADDLE,309.8299865722656,300.0,2026-09-18,389.0,9.38391433798177,,0.031746031746031744,Bull,23,11,33.900001525878906,3.549999237060547,10.471973679265222,10.471973679265222,10.920000076293945,1.2700004577636719,11.630040740756915,44.82000160217285,2.279998779296875,5.087011820156521,5.087011820156521,
2025-08-28,STRADDLE,315.0299987792969,320.0,2026-05-15,260.0,9.379649798934432,,0.031746031746031744,Bull,20,8,18.5,7.319999694824219,39.56756591796875,39.56756591796875,16.299999237060547,3.929999351501465,24.110426597849212,34.79999923706055,3.390000343322754,9.741380510470083,9.741380510470083,
2025-09-02,STRADDLE,325.5899963378906,320.0,2027-01-15,500.0,13.642030830521943,,0.4087301587301587,Bull,15,3,33.650001525878906,5.3899993896484375,16.017828069051344,16.017828069051344,15.899999618530273,0.7899999618530273,4.968553338406001,53.64999961853027,0.5000009536743164,0.9319682334193721,1.9571316903542306,
2025-09-03,STRADDLE,328.1400146484375,350.0,2026-09-18,380.0,12.078578831883735,,0.3134920634920635,Bull,14,2,18.920000076293945,2.530000686645508,13.372096598538086,13.372096598538086,,,,46.79999923706055,1.0500011444091797,2.243592225483825,2.243592225483825,
2025-09-04,STRADDLE,326.69000244140625,330.0,2026-05-15,253.0,13.25737360587226,,0.3888888888888889,Bull,13,1,20.299999237060547,3.8200016021728516,18.817742589856334,21.674885178547566,,,,38.60999870300293,-2.089998245239258,-5.413101050108832,-5.413101050108832,
2025-09-05,STRADDLE,331.04998779296875,330.0,2026-05-15,252.0,12.634806655536934,,0.3373015873015873,Bull,12,0,21.760000228881836,2.3600006103515625,10.845590926139593,13.511031723958267,,,,38.60999870300293,-2.089998245239258,-5.413101050108832,-5.413101050108832,
2025-09-10,BUY CALL,335.260009765625,350.0,2026-09-18,373.0,12.81081578105959,,0.3611111111111111,Bull,7,23,20.889999389648438,1.1300010681152344,5.409292011158118,5.409292011158118,25.219999313354492,2.219999313354492,8.802535185553943,46.10999870300293,-1.0899982452392578,-2.363908644326792,0.47712259139317076,
2025-09-15,STRADDLE,338.9100036621094,340.0,2026-05-15,242.0,13.584033863804276,,0.40476190476190477,Bull,2,18,20.899999618530273,0.09000015258789062,0.43062274751477503,4.306218349077473,14.949999809265137,-0.10000038146972656,-0.6688988812411366,35.84999942779541,-0.9499988555908203,-2.6499271150734307,2.1757315074500054,
2025-09-16,STRADDLE,339.5899963378906,340.0,2026-05-15,241.0,9.793113254704624,,0.051587301587301584,Bull,1,17,22.149999618530273,-1.1599998474121094,-5.237019717335234,-1.5801371896048355,14.779999732971191,-0.2700004577636719,-1.826796093651852,36.929999351501465,-2.029998779296875,-5.496882791616787,-0.8123482155508517,
2025-09-17,STRADDLE,336.9700012207031,350.0,2026-09-18,366.0,11.204676118260792,,0.14682539682539683,Bull,0,16,22.520000457763672,3.6399993896484375,16.16340726313601,16.16340726313601,23.690000534057617,-1.3099994659423828,-5.529757013129144,46.21000099182129,-0.5600013732910156,-1.2118618508364245,-1.2118618508364245,
2025-09-18,STRADDLE,335.6199951171875,350.0,2026-09-18,365.0,11.13303197208318,,0.14285714285714285,Bull,41,15,20.5,6.340000152587891,30.926830012623864,30.926830012623864,25.0,5.399999618530273,21.599998474121094,45.5,0.9400005340576172,2.0659352396870707,2.0659352396870707,
2025-09-19,STRADDLE,339.17999267578125,340.0,2027-01-15,483.0,10.477821131316823,,0.10317460317460317,Bull,40,14,32.47999954223633,2.6199989318847656,8.06649928820895,16.995075540520176,,,,54.279998779296875,1.4699993133544922,2.7081786042986606,2.7081786042986606,
2025-09-24,SHORT_VOL,343.32000732421875,345.0,2026-05-15,233.0,13.409492527902259,,0.39285714285714285,Bull,35,9,22.5,4.489999771118164,19.955554538302955,19.955554538302955,15.550000190734863,1.1000003814697266,7.073957350335844,37.34999942779541,0.6499996185302734,1.7402935167023101,2.7309249622226233,unsupported operand type(s) for &: 'DatetimeArray' and 'DatetimeArray'
2025-09-25,SHORT_VOL,344.75,345.0,2026-05-15,232.0,13.252149425657352,,0.38095238095238093,Bull,34,8,21.799999237060547,6.25,28.669725774002973,28.669725774002973,15.550000190734863,3.40000057220459,21.864955180067508,37.34999942779541,2.84999942779541,7.630520673246585,7.630520673246585,unsupported operand type(s) for &: 'DatetimeArray' and 'DatetimeArray'
2025-09-30,STRADDLE,355.4700012207031,360.0,2026-05-15,227.0,14.615735672483481,,0.503968253968254,Bull,29,3,20.549999237060547,0.10000038146972656,0.4866198792327969,2.189784815796525,19.399999618530273,2.5,12.886598191538509,39.94999885559082,-3.299999237060547,-8.260323733648185,-3.3291565818688245,
2025-10-01,STRADDLE,356.0299987792969,360.0,2026-05-15,226.0,13.085675040804027,,0.36507936507936506,Bull,28,2,21.780000686645508,4.119998931884766,18.916431597777496,18.916431597777496,16.899999618530273,2.689999580383301,15.917157639659399,38.0,2.109999656677246,5.552630675466437,5.552630675466437,
2025-10-02,BUY CALL,354.7900085449219,360.0,2026-05-15,225.0,12.980917512424186,,0.36507936507936506,Bull,27,1,21.100000381469727,5.920000076293945,28.056871892253433,28.056871892253433,16.899999618530273,2.689999580383301,15.917157639659399,38.0,2.109999656677246,5.552630675466437,5.552630675466437,
2025-10-02,STRADDLE,354.7900085449219,360.0,2026-05-15,225.0,12.980917512424186,,0.36507936507936506,Bull,27,1,21.100000381469727,5.920000076293945,28.056871892253433,28.056871892253433,16.899999618530273,2.689999580383301,15.917157639659399,38.0,2.109999656677246,5.552630675466437,5.552630675466437,
2025-10-03,STRADDLE,357.6400146484375,360.0,2026-05-15,224.0,12.767410033847055,,0.3531746031746032,Bull,26,0,20.649999618530273,10.569999694824219,51.18644014569003,51.18644014569003,14.25,2.4499998092651367,17.19298111765008,37.60000038146973,5.419999122619629,14.414891137316976,14.414891137316976,
2025-10-06,SHORT_VOL,364.3800048828125,365.0,2026-05-15,221.0,13.176637076956323,,0.38095238095238093,Bull,23,32,21.780000686645508,5.60999870300293,25.75756899054058,30.394851805233625,15.800000190734863,-1.4000005722045898,-8.860763008253327,39.69999980926514,4.890000343322754,12.31738127661535,12.31738127661535,unsupported operand type(s) for &: 'DatetimeArray' and 'DatetimeArray'
2025-10-07,SHORT_VOL,366.260009765625,365.0,2026-05-15,220.0,13.156373080869995,,0.376984126984127,Bull,22,31,23.899999618530273,3.489999771118164,14.602509735658241,18.82845218336755,15.800000190734863,-1.4000005722045898,-8.860763008253327,39.69999980926514,4.890000343322754,12.31738127661535,12.31738127661535,unsupported operand type(s) for &: 'DatetimeArray' and 'DatetimeArray'
2025-10-09,BUY CALL,365.4299926757813,365.0,2026-05-15,218.0,17.565472589736423,,0.6944444444444444,Bull,20,29,26.920000076293945,7.870000839233398,29.234772722619006,29.234772722619006,15.25,2.130000114440918,13.967213865186348,42.170000076293945,3.2499990463256836,7.706898364822829,7.706898364822829,
2025-10-09,SHORT_VOL,365.4299926757813,365.0,2026-05-15,218.0,17.565472589736423,,0.6944444444444444,Bull,20,29,26.920000076293945,7.870000839233398,29.234772722619006,29.234772722619006,15.25,2.130000114440918,13.967213865186348,42.170000076293945,3.2499990463256836,7.706898364822829,7.706898364822829,unsupported operand type(s) for &: 'DatetimeArray' and 'DatetimeArray'
2025-10-10,SHORT_VOL,369.1199951171875,370.0,2026-05-15,217.0,17.69233737852437,,0.7023809523809523,Bull,19,28,23.25,12.25,52.68817204301075,52.68817204301075,19.34000015258789,6.220000267028809,32.16132480845151,42.59000015258789,6.029999732971191,14.158252433358564,14.158252433358564,unsupported operand type(s) for &: 'DatetimeArray' and 'DatetimeArray'
2025-10-14,STRADDLE,380.7900085449219,380.0,2026-05-15,213.0,19.24536321488259,,0.7380952380952381,Bull,15,24,24.90999984741211,8.34000015258789,33.48053072531163,47.33039336711278,19.25,0.6800003051757812,3.5324691177962664,44.15999984741211,7.659999847412109,17.346014207155857,19.90489344633107,
2025-10-15,STRADDLE,387.3900146484375,385.0,2026-05-15,212.0,19.6316128027912,,0.75,Bull,14,23,27.639999389648438,11.510002136230469,41.642555681608016,41.642555681608016,19.829999923706055,3.6100006103515625,18.2047434404472,47.46999931335449,7.900001525878906,16.642093196020838,16.642093196020838,
2025-10-16,STRADDLE,396.4500122070313,395.0,2026-05-15,211.0,19.64773351034784,,0.75,Bull,13,22,25.5,-5.0,-19.6078431372549,29.215689266429234,21.549999237060547,-5.387499809265137,-25.0,50.349998474121094,1.0000019073486328,1.986101167138295,6.176767848957683,
2025-10-21,SELL PUT,377.239990234375,375.0,2026-05-15,206.0,47.73170347447916,,1.0,Bull,8,17,33.95000076293945,-6.950000762939453,-20.471283083228155,-11.782032135818055,17.399999618530273,-0.39999961853027344,-2.2988484327568064,51.35000038146973,-6.55000114440918,-12.755600965434125,-3.3106111839568473,
2025-10-22,SELL PUT,377.2799987792969,375.0,2026-05-15,205.0,47.14759195425339,,0.996031746031746,Bull,7,16,25.25,-4.690000534057617,-18.574259540822247,14.059402919051678,18.950000762939453,-2.8999996185302734,-15.30342744999677,44.20000076293945,-1.7900009155273438,-4.049775757081464,6.108594590465932,
2025-10-27,SELL PUT,367.010009765625,365.0,2026-05-15,200.0,46.33668658789775,,0.9920634920634921,Bull,2,11,26.579999923706055,-1.1299991607666016,-4.251313634349496,5.869072499699501,15.699999809265137,-1.3499994277954102,-8.598722574497911,42.27999973297119,0.2200002670288086,0.5203412214244786,3.9262059079853597,
2025-10-28,SELL PUT,364.3800048828125,365.0,2026-05-15,199.0,46.01988912807818,,0.9880952380952381,Bull,1,10,21.530000686645508,3.9200000762939453,18.207152583722007,30.701339954452187,18.799999237060547,1.75,9.308511016054803,40.329999923706055,2.1700000762939453,5.380610167118832,8.95115215349971,
2025-10-29,SELL PUT,363.0,365.0,2026-05-15,198.0,44.442191514095384,,0.9761904761904762,Bull,0,9,26.600000381469727,-0.6300010681152344,-2.3684250341368784,5.78946987253246,16.079999923706055,0.6999998092651367,4.353232665338244,42.68000030517578,-1.330000877380371,-3.1162157166598767,2.9522007174276426,
2025-11-04,BUY CALL,362.3200073242187,360.0,2026-05-15,192.0,20.158055432066416,,0.7222222222222222,Bull,43,3,24.329999923706055,3.2900009155273438,13.522404134172294,13.522404134172294,15.449999809265137,2.09999942779541,13.59222947391929,39.77999973297119,1.1900014877319336,2.991456751432843,2.991456751432843,
2025-11-04,STRADDLE,362.3200073242187,360.0,2026-05-15,192.0,20.158055432066416,,0.7222222222222222,Bull,43,3,24.329999923706055,3.2900009155273438,13.522404134172294,13.522404134172294,15.449999809265137,2.09999942779541,13.59222947391929,39.77999973297119,1.1900014877319336,2.991456751432843,2.991456751432843,
2025-11-05,STRADDLE,366.510009765625,365.0,2026-05-15,191.0,21.574780960151934,,0.7658730158730159,Bull,42,2,24.200000762939453,8.299999237060547,34.297516427236616,34.297516427236616,16.049999237060547,3.479999542236328,21.682241169213086,40.25,4.819999694824219,11.975154521302407,11.975154521302407,
2025-11-06,STRADDLE,366.0700073242187,365.0,2026-05-15,190.0,21.265592269053386,,0.753968253968254,Bull,41,1,24.670000076293945,7.769998550415039,31.49573784509809,31.738953787965762,15.520000457763672,3.3700008392333984,21.71392229275097,40.19000053405762,4.399997711181641,10.947991173707539,12.142321711668593,
2025-11-07,STRADDLE,368.30999755859375,370.0,2026-05-15,189.0,21.79621875082873,,0.7777777777777778,Bull,40,0,21.950000762939453,14.049999237060547,64.00910591667346,64.00910591667346,17.489999771118164,3.0,17.152658886559866,39.44000053405762,6.0,15.212981538422701,15.212981538422701,
2025-11-10,SHORT_VOL,378.3800048828125,380.0,2026-05-15,186.0,21.133115122134548,,0.7420634920634921,Bull,37,25,22.049999237060547,1.6000003814697266,7.256237808754773,37.86848376591079,19.850000381469727,-0.779998779296875,-3.929464807592727,41.89999961853027,2.3799991607666016,5.680188979558002,14.797137993761467,unsupported operand type(s) for &: 'DatetimeArray' and 'DatetimeArray'
2025-11-11,SHORT_VOL,379.8699951171875,380.0,2026-05-15,185.0,20.346624867640276,,0.7103174603174603,Bull,36,24,25.389999389648438,-1.739999771118164,-6.853091031690084,19.73217939865104,19.450000762939453,-1.1799983978271484,-6.066829570904432,44.84000015258789,-0.5600013732910156,-1.2488879825721761,7.270294865718658,unsupported operand type(s) for &: 'DatetimeArray' and 'DatetimeArray'
2025-11-12,SHORT_VOL,385.989990234375,385.0,2026-05-15,184.0,20.601384874263385,,0.7182539682539683,Bull,35,23,23.8700008392334,-5.690000534057617,-23.837454268980895,16.673646427756683,21.260000228881836,-5.315000057220459,-25.0,45.130001068115234,-1.1000003814697266,-2.437403845414236,6.536669146402972,unsupported operand type(s) for &: 'DatetimeArray' and 'DatetimeArray'
2025-11-13,SHORT_VOL,382.8699951171875,385.0,2026-05-15,183.0,20.25935916283692,,0.7103174603174603,Bull,34,22,29.139999389648438,-8.389999389648438,-28.792036943655063,-12.731637481744695,19.850000381469727,-4.962500095367432,-25.0,48.989999771118164,-4.239999771118164,-8.654827089053871,-5.123495081870964,unsupported operand type(s) for &: 'DatetimeArray' and 'DatetimeArray'
2025-11-14,BUY CALL,375.9599914550781,375.0,2026-05-15,182.0,22.68585109831285,,0.7976190476190477,Bull,33,21,24.989999771118164,-0.1399993896484375,-0.5602216523836856,4.721890019941299,18.760000228881836,0.2199993133544922,1.1727042146609021,43.75,-0.3599987030029297,-0.8228541782924106,1.0742841448102678,
2025-11-17,BUY CALL,371.6499938964844,370.0,2026-05-15,179.0,23.700765538127552,,0.8095238095238095,Bull,30,18,27.100000381469727,-0.10000038146972656,-0.36900509248001256,3.3210317559466462,16.15999984741211,0.05999946594238281,0.37128382740666444,43.260000228881836,-0.15999984741210938,-0.3698563258566237,1.826165057787681,
2025-11-24,STRADDLE,380.2000122070313,380.0,2026-05-15,172.0,17.579818089167816,,0.6150793650793651,Bull,23,11,22.190000534057617,6.19999885559082,27.940507915152814,27.940507915152814,19.739999771118164,4.340000152587891,21.985816630746864,41.93000030517578,1.8599987030029297,4.435961577546981,4.435961577546981,
2025-11-24,SHORT_VOL,380.2000122070313,380.0,2026-05-15,172.0,17.579818089167816,,0.6150793650793651,Bull,23,11,22.190000534057617,6.19999885559082,27.940507915152814,27.940507915152814,19.739999771118164,4.340000152587891,21.985816630746864,41.93000030517578,1.8599987030029297,4.435961577546981,4.435961577546981,unsupported operand type(s) for &: 'DatetimeArray' and 'DatetimeArray'
2025-11-25,STRADDLE,380.0799865722656,380.0,2026-05-15,171.0,17.475391925155908,,0.6111111111111112,Bull,22,10,24.110000610351562,4.279998779296875,17.75196462441926,17.75196462441926,17.950000762939453,2.5500011444091797,14.206133905431638,42.060001373291016,1.7299976348876953,4.113165902049352,4.113165902049352,
2025-11-25,SHORT_VOL,380.0799865722656,380.0,2026-05-15,171.0,17.475391925155908,,0.6111111111111112,Bull,22,10,24.110000610351562,4.279998779296875,17.75196462441926,17.75196462441926,17.950000762939453,2.5500011444091797,14.206133905431638,42.060001373291016,1.7299976348876953,4.113165902049352,4.113165902049352,unsupported operand type(s) for &: 'DatetimeArray' and 'DatetimeArray'
2025-11-26,STRADDLE,383.1199951171875,385.0,2026-05-15,170.0,15.81412611030854,,0.5476190476190477,Bull,21,9,22.5,4.950000762939453,22.000003390842004,22.000003390842004,19.290000915527344,2.520000457763672,13.063765361126634,41.790000915527344,2.4300003051757812,5.814788829719549,5.814788829719549,
2025-11-26,SHORT_VOL,383.1199951171875,385.0,2026-05-15,170.0,15.81412611030854,,0.5476190476190477,Bull,21,9,22.5,4.950000762939453,22.000003390842004,22.000003390842004,19.290000915527344,2.520000457763672,13.063765361126634,41.790000915527344,2.4300003051757812,5.814788829719549,5.814788829719549,unsupported operand type(s) for &: 'DatetimeArray' and 'DatetimeArray'
2025-12-01,STRADDLE,389.75,390.0,2026-05-15,165.0,12.375759056179614,,0.24206349206349206,Bull,16,4,25.040000915527344,-3.730001449584961,-14.896171378619961,-0.15974805936423975,19.600000381469727,1.9300003051757812,9.846940140881049,44.64000129699707,-5.660001754760742,-12.679215032060249,-0.9184626855920879,
2025-12-02,STRADDLE,387.239990234375,385.0,2026-05-15,164.0,10.8017104905177,,0.07936507936507936,Bull,15,3,25.0,-1.3500003814697266,-5.400001525878906,2.1200027465820392,17.0,0.8600006103515625,5.058827119715073,42.0,-2.210000991821289,-5.261907123384021,4.285717010498047,
2025-12-03,STRADDLE,386.8800048828125,385.0,2026-05-15,163.0,10.916809923122122,,0.0873015873015873,Bull,14,2,26.579999923706055,-4.1100006103515625,-15.462756291003421,-7.449208231450799,16.549999237060547,0.5199985504150391,3.1419853437249836,43.1299991607666,-4.629999160766602,-10.734985510916266,-3.199627144954652,
2025-12-04,STRADDLE,387.1300048828125,385.0,2026-05-15,162.0,10.969737036783007,,0.09523809523809523,Bull,13,1,24.149999618530273,-0.25,-1.0351967037224075,-0.8695614401232676,16.950000762939453,0.8500003814697266,5.014751287375873,41.10000038146973,-1.1000003814697266,-2.6763999300731656,-1.0218979863642672,
2025-12-05,STRADDLE,386.44000244140625,385.0,2026-05-15,161.0,11.126819587898183,,0.1111111111111111,Bull,12,0,24.299999237060547,0.6000003814697266,2.469137449826131,2.469137449826131,15.369999885559082,0.21000003814697266,1.3662982414481255,39.66999912261963,0.3900003433227539,0.9831115501597723,0.9831115501597723,
2025-12-08,STRADDLE,385.4200134277344,385.0,2026-05-15,158.0,11.266020484545102,,0.12698412698412698,Bull,9,25,22.709999084472656,6.670000076293945,29.370322964276884,29.370322964276884,16.299999237060547,3.3799991607666016,20.73619214092756,39.0099983215332,3.2900009155273438,8.433737649538143,8.433737649538143,
2025-12-09,STRADDLE,387.3999938964844,385.0,2026-05-15,157.0,8.908256014743058,,0.003968253968253968,Bull,8,24,23.959999084472656,5.420000076293945,22.621036241217517,22.621036241217517,16.149999618530273,3.229999542236328,19.999997637958295,40.10999870300293,2.190000534057617,5.45998654917348,5.45998654917348,
2025-12-10,STRADDLE,389.0499877929687,390.0,2026-05-15,156.0,8.888553347476785,,0.003968253968253968,Bull,7,23,20.43000030517578,6.569999694824219,32.158588334233954,32.158588334233954,19.079999923706055,4.729999542236328,24.79035409407687,39.510000228881836,1.3400001525878906,3.3915468104916626,5.340416833155367,
2025-12-11,STRADDLE,393.239990234375,395.0,2026-05-15,155.0,9.464087599349684,,0.023809523809523808,Bull,6,22,20.549999237060547,3.470001220703125,16.885651335914464,17.323608299073754,19.75,2.6399993896484375,13.367085517207277,40.29999923706055,0.8300018310546875,2.05955793242647,4.466504164977424,
2025-12-12,STRADDLE,395.44000244140625,395.0,2026-05-15,154.0,8.012037813295663,,0.003968253968253968,Bull,5,21,26.200000762939453,-0.3800010681152344,-1.4503857139300358,-1.4503857139300358,16.3799991607666,0.3599987030029297,2.197794392231711,42.579999923706055,-0.7399997711181641,-1.7379045853548145,-1.1272887343738403,
2025-12-15,STRADDLE,395.7999877929687,395.0,2026-05-15,151.0,7.857314434397492,,0.003968253968253968,Bull,2,18,25.360000610351562,0.8400001525878906,3.312303361085145,3.312303361085145,17.520000457763672,1.580000877380371,9.018269612431558,42.470001220703125,-0.3300008773803711,-0.7770211158352957,-0.7770211158352957,
2025-12-16,STRADDLE,395.8900146484375,395.0,2026-05-15,150.0,6.560640954306969,,0.003968253968253968,Bull,1,17,24.950000762939453,1.25,5.010019886880079,5.010019886880079,17.520000457763672,1.580000877380371,9.018269612431558,42.470001220703125,-0.3300008773803711,-0.7770211158352957,-0.7770211158352957,
2025-12-17,STRADDLE,399.2900085449219,400.0,2026-05-15,149.0,7.002047227587665,,0.007936507936507936,Bull,0,16,22.75,6.549999237060547,28.791205437628786,28.791205437628786,18.850000381469727,3.0399999618530273,16.127320426165422,41.60000038146973,3.5099992752075195,8.437498180338986,8.437498180338986,
2025-12-18,STRADDLE,398.5700073242187,400.0,2027-01-15,393.0,7.347723074219793,,0.011904761904761904,Bull,41,15,40.099998474121094,8.620002746582031,21.496267018925288,21.496267018925288,27.600000381469727,4.0,14.492753422878742,67.69999885559082,4.620002746582031,6.824228692288228,6.824228692288228,
2025-12-19,STRADDLE,399.0199890136719,400.0,2026-05-15,147.0,6.961852668395216,,0.007936507936507936,Bull,40,14,22.649999618530273,8.649999618530273,38.18984443361133,39.69094888532945,18.860000610351562,4.850000381469727,25.71580182668573,41.510000228881836,3.799999237060547,9.154418733095024,10.648034445310076,
2025-12-24,SHORT_VOL,411.9299926757813,410.0,2026-05-15,142.0,13.058975676350974,,0.35714285714285715,Bull,35,9,25.440000534057617,-5.739999771118164,-22.562891708409282,18.042453051221674,19.690000534057617,-4.922500133514404,-25.0,45.130001068115234,0.7099990844726562,1.5732308169039182,5.982713919097145,unsupported operand type(s) for &: 'DatetimeArray' and 'DatetimeArray'
2025-12-29,SELL PUT,398.6000061035156,400.0,2026-05-15,137.0,28.489684912206513,,0.8690476190476191,Bull,30,4,24.600000381469727,-2.200000762939453,-8.943092393594565,-1.4227657562695395,17.739999771118164,-1.9500007629394531,-10.99211267248254,42.34000015258789,-0.25,-0.5904581934318193,3.5899868972267046,
2025-12-30,SELL PUT,398.8900146484375,400.0,2026-05-15,136.0,28.489627815089243,,0.8650793650793651,Bull,29,3,26.5,-4.100000381469727,-15.471699552715945,-8.490566037735848,18.65999984741211,-1.0300006866455078,-5.519832235091658,45.15999984741211,-3.0699996948242188,-6.798050720100135,-4.450841974475823,
2025-12-31,SELL PUT,396.30999755859375,395.0,2026-05-15,135.0,28.72448940088404,,0.873015873015873,Bull,28,2,26.0,5.969999313354492,22.961535820594193,22.961535820594193,17.209999084472656,4.299999237060547,24.985470457927722,43.209999084472656,1.6700000762939453,3.864846358893012,3.864846358893012,
2026-01-13,STRADDLE,421.6300048828125,420.0,2026-05-15,122.0,17.250376567046775,,0.6111111111111112,Bull,15,24,27.18000030517578,-2.950000762939453,-10.853571485713697,-0.29433378516490194,17.100000381469727,-0.25,-1.4619882714792827,44.28000068664551,-2.700000762939453,-6.097562604044294,-0.5194208190373721,
2026-01-14,STRADDLE,425.94000244140625,425.0,2026-05-15,121.0,17.15195279649117,,0.6071428571428571,Bull,14,23,24.850000381469727,-3.1499996185302734,-12.67605460834995,-0.9657938327322091,18.75,-1.2999992370605469,-6.933329264322917,43.60000038146973,-1.8500003814697266,-4.243120103861257,-0.8944940051289305,
2026-01-15,STRADDLE,423.3299865722656,425.0,2026-05-15,120.0,17.079698293855035,,0.6031746031746031,Bull,13,22,22.309999465942383,8.489999771118164,38.054683883245644,38.054683883245644,18.350000381469727,4.640000343322754,25.286104887541793,40.65999984741211,3.84999942779541,9.46876399961534,9.46876399961534,
2026-01-16,BUY CALL,421.2900085449219,420.0,2026-05-15,119.0,18.023262495537143,,0.6507936507936508,Bull,12,21,24.850000381469727,13.30000114440918,53.52113054423449,53.52113054423449,16.350000381469727,5.450000762939453,33.33333722191353,41.20000076293945,7.850000381469727,19.05339863131998,19.05339863131998,
2026-01-16,STRADDLE,421.2900085449219,420.0,2026-05-15,119.0,18.023262495537143,,0.6507936507936508,Bull,12,21,24.850000381469727,13.30000114440918,53.52113054423449,53.52113054423449,16.350000381469727,5.450000762939453,33.33333722191353,41.20000076293945,7.850000381469727,19.05339863131998,19.05339863131998,
2026-01-26,STRADDLE,464.7000122070313,465.0,2026-05-15,109.0,20.647107622774435,,0.6904761904761905,Bull,2,11,30.049999237060547,-1.989999771118164,-6.6222955795083855,84.35941075683722,24.06999969482422,-3.1300010681152344,-13.003743696715874,54.119998931884766,27.059999465942383,50.0,38.507026000066396,
2026-01-27,STRADDLE,476.1000061035156,475.0,2026-05-15,108.0,21.379732226143975,,0.7261904761904762,Bull,1,10,25.5,-0.4500007629394531,-1.7647088742723693,91.56862146714155,29.700000762939453,5.850000381469727,19.69697047539989,55.20000076293945,17.499998092651367,31.702894657205572,31.702894657205572,
2026-01-28,EXIT,494.55999755859375,495.0,2026-05-15,107.0,23.510535619594393,,0.7738095238095238,Bull,0,9,26.09000015258789,-13.045000076293945,-50.0,51.01571979857111,,,,83.69999694824219,-0.19999980926513672,-0.23894840687845087,-0.23894840687845087,
2026-01-28,STRADDLE,494.55999755859375,495.0,2026-05-15,107.0,23.510535619594393,,0.7738095238095238,Bull,0,9,26.09000015258789,-13.045000076293945,-50.0,51.01571979857111,,,,83.69999694824219,-0.19999980926513672,-0.23894840687845087,-0.23894840687845087,
2026-01-29,EXIT,495.8999938964844,495.0,2026-05-15,106.0,24.309733478033298,,0.7777777777777778,Bull,48,8,47.11000061035156,-23.55500030517578,-50.0,-16.36594987175297,,,,83.69999694824219,-0.19999980926513672,-0.23894840687845087,-0.23894840687845087,
2026-01-30,SELL PUT,444.9500122070313,445.0,2026-05-15,105.0,66.70366531376463,,1.0,Bull,47,7,44.20000076293945,-22.100000381469727,-50.0,-14.34389150034544,19.399999618530273,-4.849999904632568,-25.0,63.60000038146973,-7.950000762939453,-12.500001124615935,-6.540880223994703,
2026-02-02,SELL PUT,427.1300048828125,425.0,2026-05-15,102.0,70.53217636847828,,1.0,Bull,44,4,28.5,17.049999237060547,59.82455872652823,62.28070175438596,22.90999984741211,11.710000038146973,51.11305157633915,51.40999984741211,5.339999198913574,10.387082697457702,19.27640512901297,
2026-02-03,EXIT,454.2900085449219,455.0,2026-05-15,101.0,74.94664619677022,,1.0,Bull,43,3,28.5,-0.20000076293945312,-0.7017570629454517,11.298243204752612,28.219999313354492,4.119998931884766,14.599571339943537,56.71999931335449,-4.319999694824219,-7.616360626095939,5.6946396003849,
2026-02-26,SELL PUT,477.4800109863281,475.0,2026-05-15,78.0,36.20202867367334,,0.8888888888888888,Bull,20,8,27.200000762939453,-2.200000762939453,-8.088237872173142,32.42646855672757,22.75,-5.6875,-25.0,49.95000076293945,3.4299983978271484,6.866863554428702,6.866863554428702,
2026-03-03,SELL PUT,468.1400146484375,470.0,2026-07-17,136.0,33.867668065789594,,0.8809523809523809,Bull,15,3,36.13999938964844,1.2099990844726562,3.3480882814271418,3.3480882814271418,33.5,6.600000381469727,19.701493676029035,69.63999938964844,-5.39000129699707,-7.739806640202615,-1.5795525432374355,
2026-03-04,SELL PUT,471.7999877929687,470.0,2026-07-17,135.0,32.478906103391814,,0.8571428571428571,Bull,14,2,37.459999084472656,-2.55999755859375,-6.83394986962208,-0.2936481928456858,29.110000610351562,1.8100013732910156,6.217799159534803,66.56999969482422,-4.369998931884766,-6.564516977494489,-1.5322224161629017,
2026-03-05,SELL PUT,466.1300048828125,465.0,2026-05-15,71.0,33.341560055894725,,0.8650793650793651,Bull,13,1,29.5,1.9200000762939453,6.50847483489474,6.50847483489474,21.0,5.020000457763672,23.904764084588916,50.5,-3.1000003814697266,-6.1386146167717355,-1.6039593384997681,
2026-03-09,BUY CALL,472.5299987792969,475.0,2026-07-17,130.0,29.537840776152073,,0.7619047619047619,Bull,9,25,32.29999923706055,-5.299999237060547,-16.40866675618805,8.76161578297372,32.099998474121094,4.049999237060547,12.616820652890814,64.39999771118164,-7.149997711181641,-11.102481312573403,-3.757758303734381,
2026-03-12,BUY CALL,466.8800048828125,465.0,2026-07-17,127.0,30.657131649258986,,0.8214285714285714,Bull,6,22,35.0,-7.319999694824219,-20.914284842354913,-2.857142857142858,23.6299991607666,-5.90749979019165,-25.0,58.6299991607666,-0.9299983978271484,-1.5862159494102037,3.0189363644008647,
2026-03-13,BUY CALL,460.8399963378906,460.0,2026-07-17,126.0,29.7973546670686,,0.7738095238095238,Bull,5,21,37.0,-14.700000762939453,-39.72973179172825,-9.729725605732686,23.239999771118164,-5.809999942779541,-25.0,60.239999771118164,-7.670000076293945,-12.73240389348623,-0.647406181576361,
2026-03-16,BUY CALL,460.4299926757813,460.0,2026-05-15,60.0,28.273478741455264,,0.7063492063492064,Bull,2,18,22.829999923706055,-11.414999961853027,-50.0,-2.1901007519531945,18.299999237060547,-4.574999809265137,-25.0,41.1299991607666,14.870002746582031,36.15366654509039,36.15366654509039,
2026-03-17,BUY CALL,459.2699890136719,460.0,2026-07-17,122.0,17.782508831789407,,0.49206349206349204,Bull,1,17,31.649999618530273,-15.824999809265137,-50.0,-6.003158424740929,24.700000762939453,-6.175000190734863,-25.0,56.35000038146973,11.220000267028809,19.911269194451364,19.911269194451364,
2026-03-17,STRADDLE,459.2699890136719,460.0,2026-07-17,122.0,17.782508831789407,,0.49206349206349204,Bull,1,17,31.649999618530273,-15.824999809265137,-50.0,-6.003158424740929,24.700000762939453,-6.175000190734863,-25.0,56.35000038146973,11.220000267028809,19.911269194451364,19.911269194451364,
2026-03-18,BUY CALL,444.739990234375,445.0,2026-05-15,58.0,22.387139838732285,,0.626984126984127,Bull,0,16,21.149999618530273,-10.574999809265137,-50.0,-8.226949420810802,17.450000762939453,-4.362500190734863,-25.0,38.60000038146973,19.300000190734863,50.0,42.59067453779038,
2026-03-18,STRADDLE,444.739990234375,445.0,2026-05-15,58.0,22.387139838732285,,0.626984126984127,Bull,0,16,21.149999618530273,-10.574999809265137,-50.0,-8.226949420810802,17.450000762939453,-4.362500190734863,-25.0,38.60000038146973,19.300000190734863,50.0,42.59067453779038,
2026-03-19,BUY CALL,426.4100036621094,425.0,2026-07-17,120.0,28.841587286836003,,0.7341269841269841,Bull,41,15,26.700000762939453,-4.090000152587891,-15.31835219370089,8.614229106139316,26.6200008392334,-6.65500020980835,-25.0,53.32000160217285,7.489999771118164,14.047260964097456,14.122281433574923,
2026-03-20,BUY CALL,413.3800048828125,415.0,2026-05-15,56.0,27.168187413410443,,0.6666666666666666,Bull,40,14,24.049999237060547,-1.0499992370605469,-4.365901332098677,-4.365901332098677,11.199999809265137,-2.799999952316284,-25.0,35.249999046325684,7.050000190734863,20.00000108218365,27.092199855620468,
2026-03-23,BUY CALL,404.0400085449219,405.0,2026-05-15,53.0,26.702195848647865,,0.6626984126984127,Bull,37,11,22.100000381469727,7.75,35.06787269785829,35.06787269785829,20.149999618530273,1.6999988555908203,8.436719046026548,42.25,6.05000114440918,14.319529335879716,14.319529335879716,
2026-03-23,SHORT_VOL,404.0400085449219,405.0,2026-05-15,53.0,26.702195848647865,,0.6626984126984127,Bull,37,11,22.100000381469727,7.75,35.06787269785829,35.06787269785829,20.149999618530273,1.6999988555908203,8.436719046026548,42.25,6.05000114440918,14.319529335879716,14.319529335879716,unsupported operand type(s) for &: 'DatetimeArray' and 'DatetimeArray'
2026-03-24,BUY CALL,404.1300048828125,405.0,2026-05-15,52.0,24.04176248210037,,0.6388888888888888,Bull,36,10,20.950000762939453,8.899999618530273,42.48209687072839,42.48209687072839,22.829999923706055,4.379999160766602,19.18527891109859,43.78000068664551,4.520000457763672,10.324349901489235,10.324349901489235,
2026-03-24,SHORT_VOL,404.1300048828125,405.0,2026-05-15,52.0,24.04176248210037,,0.6388888888888888,Bull,36,10,20.950000762939453,8.899999618530273,42.48209687072839,42.48209687072839,22.829999923706055,4.379999160766602,19.18527891109859,43.78000068664551,4.520000457763672,10.324349901489235,10.324349901489235,unsupported operand type(s) for &: 'DatetimeArray' and 'DatetimeArray'
2026-03-25,SELL PUT,416.2900085449219,415.0,2026-05-15,51.0,33.171787000912985,,0.8611111111111112,Bull,35,9,24.700000762939453,-1.9099998474121094,-7.732792665650134,-3.1174106638854893,17.469999313354492,-4.367499828338623,-25.0,42.170000076293945,1.5500011444091797,3.675601474045336,11.240217601476306,
2026-03-26,SELL PUT,400.6400146484375,400.0,2026-05-15,50.0,35.39034345670043,,0.8849206349206349,Bull,34,8,27.350000381469727,13.89000129699707,50.786110066776736,50.786110066776736,17.170000076293945,8.420000076293945,49.03902177565603,44.52000045776367,5.470001220703125,12.286615373898165,12.286615373898165,
2026-03-27,SELL PUT,414.7000122070313,415.0,2026-05-15,49.0,43.38232737623538,,0.9206349206349206,Bull,33,7,18.360000610351562,16.360000610351562,89.10675417476632,89.10675417476632,25.049999237060547,15.059999465942383,60.11976017812276,43.40999984741211,1.3000011444091797,2.994704328446754,6.956923447083839,
2026-03-30,SELL PUT,414.5799865722656,415.0,2026-05-15,46.0,43.420803050339174,,0.9206349206349206,Bull,30,4,25.0,3.7900009155273438,15.160003662109368,38.88000488281249,19.440000534057617,6.040000915527344,31.069962703682314,44.44000053405762,-2.25,-5.063006239785395,0.6075617788455039,
2026-04-02,SELL PUT,429.4100036621094,430.0,2026-05-15,43.0,44.51793061365931,,0.9206349206349206,Bull,27,1,17.399999618530273,2.8900012969970703,16.609203220437664,17.47127001249971,23.200000762939453,6.700000762939453,28.879312683654234,40.60000038146973,-3.809999465942383,-9.384235049616668,-1.7487662014818783,
2026-04-10,SHORT_VOL,437.1300048828125,435.0,2026-07-17,98.0,27.514389727217786,,0.626984126984127,Bull,19,21,28.0,0.5599994659423828,1.9999980926513672,12.17857088361467,20.079999923706055,1.6800003051757812,8.366535416130185,48.079999923706055,-1.1200008392333984,-2.3294526643315927,1.6846910716050334,unsupported operand type(s) for &: 'DatetimeArray' and 'DatetimeArray'
2026-04-16,STRADDLE,440.0799865722656,440.0,2026-05-15,29.0,18.344644992710883,,0.4444444444444444,Bull,13,15,14.399999618530273,-6.899999618530273,-47.91666528692949,10.416666942614095,11.100000381469727,-2.7750000953674316,-25.0,25.5,-0.9300003051757812,-3.647060020297181,-1.5294093711703431,
2026-04-17,STRADDLE,445.9299926757813,445.0,2026-07-17,91.0,15.519680750015738,,0.3333333333333333,Bull,12,14,24.850000381469727,-7.370000839233398,-29.65795060803741,0.9657938327322091,20.0,-5.0,-25.0,44.85000038146973,-4.430000305175781,-9.877369604228777,0.3121502529714131,
2026-04-20,STRADDLE,442.0899963378906,442.0,2026-05-15,25.0,16.31267681203969,,0.36904761904761907,Bull,9,11,10.300000190734863,-4.150000095367432,-40.29126231570823,-22.815537261675168,12.720000267028809,-3.180000066757202,-25.0,23.020000457763672,-3.390000820159912,-14.726328204813777,12.337094450212154,
