signal_date,signal_type,spot,strike_atm,expiry,actual_dte,rv,long_call_entry,long_call_pnl_close,long_call_pnl_pct,long_call_max_pnl_pct,short_put_entry_premium,short_put_pnl_close,short_put_pnl_pct,straddle_entry,straddle_pnl_close,straddle_pnl_pct,straddle_max_pnl_pct,rv_pctile,regime,days_to_fomc,days_to_nfp,straddle_score,short_vol_score,error,entry_date,exit_date,ic_short_call_k,ic_long_call_k,ic_short_put_k,ic_long_put_k,ic_credit,ic_debit_at_exit,ic_stopped,ic_pnl,ic_pnl_pct_of_credit,ic_max_loss
2024-11-08,BUY CALL,28.479999542236328,30.0,2027-01-15,798.0,35.45785207208163,6.0,-0.9000000953674316,-15.00000158945719,-5.000003178914392,5.650000095367432,0.9000000953674316,15.929204958870052,10.820000171661377,-0.9700002670288086,-8.964882177814864,-2.4953787120417026,0.7976190476190477,Bull,82,56,0.0,6.0,,,,,,,,,,,,,
2024-11-08,SHORT_VOL,28.479999542236328,30.0,2027-01-15,798.0,35.45785207208163,6.0,-0.9000000953674316,-15.00000158945719,-5.000003178914392,5.650000095367432,0.9000000953674316,15.929204958870052,10.820000171661377,-0.9700002670288086,-8.964882177814864,-2.4953787120417026,0.7976190476190477,Bull,82,56,0.0,6.0,,,,,,,,,,,,,
2024-11-11,BUY CALL,27.969999313354492,30.0,2027-01-15,795.0,35.330231155080035,5.170000076293945,-0.1700000762939453,-3.2882025877223553,5.415855490120336,5.650000095367432,0.5500001907348633,9.734516485863804,10.820000171661377,-0.7200002670288086,-6.654346170109671,-2.4953787120417026,0.7896825396825397,Bull,79,53,0.0,5.0,,,,,,,,,,,,,
2024-11-12,BUY CALL,28.06999969482422,30.0,2027-01-15,794.0,31.969118671067083,5.25,-0.25,-4.761904761904767,3.809520176478798,5.03000020980835,-0.06999969482421875,-1.3916439742432107,10.28000020980835,-0.18000030517578125,-1.7509756955456035,0.0,0.6587301587301587,Bull,78,52,0.0,3.0,,,,,,,,,,,,,
2024-11-13,BUY CALL,27.61000061035156,30.0,2027-01-15,793.0,31.848006772924343,5.360000133514404,0.3399996757507324,6.343277374655654,6.343277374655654,4.75,-0.34999990463256836,-7.368419044896175,10.110000133514404,-0.010000228881835938,-0.09891423095718291,-0.09891423095718291,0.6547619047619048,Bull,77,51,0.0,4.0,,,,,,,,,,,,,
2024-11-14,BUY CALL,27.809999465942383,30.0,2027-01-15,792.0,30.46780468414621,5.099999904632568,0.8000001907348633,15.68627854302871,15.68627854302871,,,,10.460000038146973,-0.3600001335144043,-3.44168386425914,-3.44168386425914,0.5873015873015873,Bull,76,50,2.0,5.0,,,,,,,,,,,,,
2024-11-15,BUY CALL,27.56999969482422,30.0,2027-01-15,791.0,30.45950922936228,5.360000133514404,0.1399998664855957,2.611937742505277,10.074625903021461,,,,10.460000038146973,-0.3600001335144043,-3.44168386425914,-3.44168386425914,0.5833333333333334,Bull,75,49,0.0,5.0,,,,,,,,,,,,,
2024-11-18,SHORT_VOL,28.3799991607666,30.0,2027-01-15,788.0,35.30449167645185,5.800000190734863,-0.10000038146972656,-1.7241444513996895,1.7241362300696395,,,,10.319999694824219,-0.17999982833862305,-1.7441844347039877,-1.7441844347039877,0.7857142857142857,Bull,72,46,0.0,6.0,,,,,,,,,,,,,
2024-11-19,SHORT_VOL,28.5,30.0,2027-01-15,787.0,35.31610087764446,5.5,0.19999980926513672,3.6363601684570312,7.272729006680567,,,,10.319999694824219,-0.17999982833862305,-1.7441844347039877,-1.7441844347039877,0.7857142857142857,Bull,71,45,0.0,6.0,,,,,,,,,,,,,
2024-11-20,BUY CALL,28.100000381469727,30.0,2027-01-15,786.0,28.184078031854188,6.25,-1.0500001907348633,-16.800003051757816,-8.800003051757809,4.989999771118164,-0.3900003433227539,-7.815638501229075,10.319999694824219,0.26000022888183594,2.519382137309884,2.519382137309884,0.4880952380952381,Bull,70,44,0.0,4.0,,,,,,,,,,,,,
2024-11-21,BUY CALL,28.040000915527344,30.0,2027-01-15,785.0,24.524744849374073,5.329999923706055,0.4700002670288086,8.81801639317863,8.81801639317863,4.989999771118164,-0.3900003433227539,-7.815638501229075,10.319999694824219,0.26000022888183594,2.519382137309884,2.519382137309884,0.24206349206349206,Bull,69,43,2.0,4.0,,,,,,,,,,,,,
2024-11-22,BUY CALL,28.469999313354492,,,,23.938822258632733,,,,,,,,,,,,0.2261904761904762,Bull,68,42,2.0,5.0,无历史 K 线 (所有候选 expiry 在信号日均无数据),,,,,,,,,,,,
2024-11-25,BUY CALL,27.6299991607666,,,,26.901576003546367,,,,,,,,,,,,0.38095238095238093,Bull,65,39,0.0,5.0,无历史 K 线 (所有候选 expiry 在信号日均无数据),,,,,,,,,,,,
2024-11-26,BUY CALL,27.799999237060547,,,,27.057476606604258,,,,,,,,,,,,0.4126984126984127,Bull,64,38,0.0,5.0,无历史 K 线 (所有候选 expiry 在信号日均无数据),,,,,,,,,,,,
2024-11-27,BUY CALL,27.450000762939453,,,,26.507853776815864,,,,,,,,,,,,0.3611111111111111,Bull,63,37,1.0,5.0,无历史 K 线 (所有候选 expiry 在信号日均无数据),,,,,,,,,,,,
2024-12-03,STRADDLE,28.280000686645508,,,,24.516385558062932,,,,,,,,,,,,0.2222222222222222,Bull,57,31,7.0,5.0,无历史 K 线 (所有候选 expiry 在信号日均无数据),,,,,,,,,,,,
2024-12-04,STRADDLE,28.530000686645508,,,,24.858921723229322,,,,,,,,,,,,0.25396825396825395,Bull,56,30,7.0,5.0,无历史 K 线 (所有候选 expiry 在信号日均无数据),,,,,,,,,,,,
2024-12-05,STRADDLE,28.559999465942383,,,,23.556768786594716,,,,,,,,,,,,0.19047619047619047,Bull,55,29,7.0,6.0,无历史 K 线 (所有候选 expiry 在信号日均无数据),,,,,,,,,,,,
2024-12-06,STRADDLE,28.25,,,,24.350078880659,,,,,,,,,,,,0.2261904761904762,Bull,54,28,7.0,6.0,无历史 K 线 (所有候选 expiry 在信号日均无数据),,,,,,,,,,,,
2024-12-09,EXIT,28.979999542236328,,,,26.56951629638147,,,,,,,,,,,,0.36904761904761907,Bull,51,25,5.0,4.0,无历史 K 线 (所有候选 expiry 在信号日均无数据),,,,,,,,,,,,
2024-12-10,STRADDLE,28.989999771118164,,,,20.13599514370183,,,,,,,,,,,,0.07142857142857142,Bull,50,24,7.0,5.0,无历史 K 线 (所有候选 expiry 在信号日均无数据),,,,,,,,,,,,
2024-12-11,STRADDLE,29.040000915527344,,,,20.18078604757589,,,,,,,,,,,,0.07539682539682539,Bull,49,23,7.0,5.0,无历史 K 线 (所有候选 expiry 在信号日均无数据),,,,,,,,,,,,
2024-12-13,BUY CALL,27.75,30.0,2027-01-15,763.0,25.3183575872128,5.650000095367432,-0.5,-8.849557372750516,4.4247786863752525,,,,10.550000190734863,-0.43000030517578125,-4.075832202860173,-4.075832202860173,0.3134920634920635,Bull,47,21,5.0,4.0,,,,,,,,,,,,,
2024-12-17,STRADDLE,27.809999465942383,30.0,2027-01-15,759.0,23.293031137194422,5.400000095367432,-0.6500000953674316,-12.037038590518833,-3.148149505400666,,,,10.200000286102295,-0.15000009536743164,-1.4705891290200235,-1.4705891290200235,0.19444444444444445,Bull,43,17,7.0,4.0,,,,,,,,,,,,,
2024-12-18,BUY CALL,26.850000381469727,,,,27.62959949628772,,,,,,,,,,,,0.4880952380952381,Bull,42,16,3.0,4.0,无历史 K 线 (所有候选 expiry 在信号日均无数据),,,,,,,,,,,,
2024-12-19,BUY CALL,26.520000457763672,,,,27.499360848700967,,,,,,,,,,,,0.4801587301587302,Bull,41,15,1.0,4.0,无历史 K 线 (所有候选 expiry 在信号日均无数据),,,,,,,,,,,,
2024-12-20,BUY CALL,26.920000076293945,,,,29.552636191728492,,,,,,,,,,,,0.5753968253968254,Bull,40,14,1.0,6.0,无历史 K 线 (所有候选 expiry 在信号日均无数据),,,,,,,,,,,,
2024-12-20,SHORT_VOL,26.920000076293945,,,,29.552636191728492,,,,,,,,,,,,0.5753968253968254,Bull,40,14,1.0,6.0,无历史 K 线 (所有候选 expiry 在信号日均无数据),,,,,,,,,,,,
2024-12-27,BUY CALL,26.760000228881836,,,,22.375277701190427,,,,,,,,,,,,0.1746031746031746,Bull,33,7,4.0,3.0,无历史 K 线 (所有候选 expiry 在信号日均无数据),,,,,,,,,,,,
2024-12-30,BUY CALL,26.43000030517578,,,,21.954421563999844,,,,,,,,,,,,0.15873015873015872,Bull,30,4,5.0,4.0,无历史 K 线 (所有候选 expiry 在信号日均无数据),,,,,,,,,,,,
2025-01-13,STRADDLE,26.959999084472656,25.0,2027-01-15,732.0,21.199445244769866,6.75,0.19999980926513672,2.9629601372612946,8.888887476038043,2.4700000286102295,0.309999942779541,12.55060482545685,9.22000002861023,0.28999996185302734,3.145335802094789,3.145335802094789,0.10714285714285714,Bull,16,25,7.5,4.0,,,,,,,,,,,,,
2025-01-14,STRADDLE,27.200000762939453,25.0,2027-01-15,731.0,20.236793732952076,6.710000038146973,0.23999977111816406,3.5767476863449055,9.538000936619028,,,,9.52999997138977,-0.019999980926513672,-0.2098633891558874,-0.2098633891558874,0.05952380952380952,Bull,15,24,7.5,3.0,,,,,,,,,,,,,
2025-01-15,STRADDLE,27.959999084472656,30.0,2027-01-15,730.0,22.397925842844227,4.849999904632568,0.0,0.0,2.680414783446605,4.650000095367432,-0.19999980926513672,-4.301071078780982,9.5,0.3299999237060547,3.473683407432154,3.473683407432154,0.17063492063492064,Bull,14,23,7.5,3.0,,,,,,,,,,,,,
2025-01-16,STRADDLE,28.040000915527344,30.0,2027-01-15,729.0,21.849077696949465,4.980000019073486,-0.03000020980834961,-0.6024138492660258,0.0,,,,8.829999923706055,1.0,11.325028410422549,11.325028410422549,0.14682539682539683,Bull,13,22,7.5,3.0,,,,,,,,,,,,,
2025-01-17,BUY CALL,27.61000061035156,,,,22.219636482721654,,,,,,,,,,,,0.15873015873015872,Bull,12,21,7.5,3.0,无历史 K 线 (所有候选 expiry 在信号日均无数据),,,,,,,,,,,,
2025-01-17,STRADDLE,27.61000061035156,,,,22.219636482721654,,,,,,,,,,,,0.15873015873015872,Bull,12,21,7.5,3.0,无历史 K 线 (所有候选 expiry 在信号日均无数据),,,,,,,,,,,,
2025-01-21,STRADDLE,28.040000915527344,,,,23.14164052021857,,,,,,,,,,,,0.19047619047619047,Bull,8,17,7.0,3.0,无历史 K 线 (所有候选 expiry 在信号日均无数据),,,,,,,,,,,,
2025-01-22,BUY CALL,28.049999237060547,,,,22.972149788148055,,,,,,,,,,,,0.17857142857142858,Bull,7,16,8.0,3.0,无历史 K 线 (所有候选 expiry 在信号日均无数据),,,,,,,,,,,,
2025-01-23,BUY CALL,27.770000457763672,30.0,2027-01-15,722.0,23.877917136040665,4.909999847412109,-0.009999752044677734,-0.203660944102646,4.07332570911807,,,,9.460000038146973,-0.15999984741210938,-1.691330304090043,-1.691330304090043,0.21428571428571427,Bull,6,15,8.0,3.0,,,,,,,,,,,,,
2025-01-24,BUY CALL,27.90999984741211,,,,23.935350600263785,,,,,,,,,,,,0.21825396825396826,Bull,5,14,8.0,3.0,无历史 K 线 (所有候选 expiry 在信号日均无数据),,,,,,,,,,,,
2025-01-27,BUY CALL,27.459999084472656,,,,25.285364245385306,,,,,,,,,,,,0.3253968253968254,Bull,2,11,6.0,3.0,无历史 K 线 (所有候选 expiry 在信号日均无数据),,,,,,,,,,,,
2025-01-28,BUY CALL,27.6299991607666,30.0,2027-01-15,717.0,21.847452765950656,4.550000190734863,0.6899995803833008,15.164825306784447,16.483515792531623,,,,9.920000076293945,-0.11999988555908203,-1.209676256413027,-1.209676256413027,0.11904761904761904,Bull,1,10,8.0,3.0,,,,,,,,,,,,,
2025-01-28,STRADDLE,27.6299991607666,30.0,2027-01-15,717.0,21.847452765950656,4.550000190734863,0.6899995803833008,15.164825306784447,16.483515792531623,,,,9.920000076293945,-0.11999988555908203,-1.209676256413027,-1.209676256413027,0.11904761904761904,Bull,1,10,8.0,3.0,,,,,,,,,,,,,
2025-01-29,STRADDLE,28.0,30.0,2027-01-15,716.0,22.32435264266586,5.0,0.07999992370605469,1.5999984741210893,6.0000038146972745,,,,9.920000076293945,-0.11999988555908203,-1.209676256413027,-1.209676256413027,0.14285714285714285,Bull,0,9,8.0,3.0,,,,,,,,,,,,,
2025-01-31,STRADDLE,28.510000228881836,30.0,2027-01-15,714.0,22.22763383424989,5.5,0.13000011444091797,2.3636384443803227,2.3636384443803227,4.090000152587891,0.8500001430511475,20.782398810262187,9.690000057220459,-0.8199999332427979,-8.462331562441825,1.1351873687067768,0.1349206349206349,Bull,47,7,7.0,3.0,,,,,,,,,,,,,
2025-02-03,BUY CALL,28.670000076293945,30.0,2027-01-15,711.0,20.104870919540875,5.099999904632568,-0.09999990463256836,-1.960782480441492,10.392161170962488,4.090000152587891,-0.059999942779541016,-1.4669912112735959,9.690000057220459,-0.5399999618530273,-5.57275499137535,1.1351873687067768,0.027777777777777776,Bull,44,4,8.0,5.0,,,,,,,,,,,,,
2025-02-03,STRADDLE,28.670000076293945,30.0,2027-01-15,711.0,20.104870919540875,5.099999904632568,-0.09999990463256836,-1.960782480441492,10.392161170962488,4.090000152587891,-0.059999942779541016,-1.4669912112735959,9.690000057220459,-0.5399999618530273,-5.57275499137535,1.1351873687067768,0.027777777777777776,Bull,44,4,8.0,5.0,,,,,,,,,,,,,
2025-02-14,EXIT,29.309999465942383,30.0,2027-01-15,700.0,14.440218051337755,6.199999809265137,-0.7999997138977051,-12.903221588849146,-4.677418883459605,4.199999809265137,0.04999971389770508,1.1904694325796505,10.399999618530273,-0.3399996757507324,-3.2692277713639104,-3.2692277713639104,0.003968253968253968,Bull,33,21,5.0,7.0,,,,,,,,,,,,,
2025-02-24,BUY CALL,29.440000534057617,,,,15.543547070953528,,,,,,,,,,,,0.01984126984126984,Bull,23,11,4.0,5.0,无历史 K 线 (所有候选 expiry 在信号日均无数据),,,,,,,,,,,,
2025-02-25,BUY CALL,28.829999923706055,30.0,2027-01-15,689.0,18.813829293453004,5.300000190734863,-0.75,-14.150942886966389,-7.358496779010093,,,,8.650000095367432,0.4500002861022949,5.2023153889130676,5.2023153889130676,0.051587301587301584,Bull,22,10,6.0,5.0,,,,,,,,,,,,,
2025-02-25,STRADDLE,28.829999923706055,30.0,2027-01-15,689.0,18.813829293453004,5.300000190734863,-0.75,-14.150942886966389,-7.358496779010093,,,,8.650000095367432,0.4500002861022949,5.2023153889130676,5.2023153889130676,0.051587301587301584,Bull,22,10,6.0,5.0,,,,,,,,,,,,,
2025-02-26,BUY CALL,28.940000534057617,30.0,2027-01-15,688.0,18.680199656247186,4.960000038146973,-0.15999984741210938,-3.2258033504347416,-1.0080683538370105,,,,8.650000095367432,0.4500002861022949,5.2023153889130676,5.2023153889130676,0.051587301587301584,Bull,21,9,8.0,5.0,,,,,,,,,,,,,
2025-02-26,STRADDLE,28.940000534057617,30.0,2027-01-15,688.0,18.680199656247186,4.960000038146973,-0.15999984741210938,-3.2258033504347416,-1.0080683538370105,,,,8.650000095367432,0.4500002861022949,5.2023153889130676,5.2023153889130676,0.051587301587301584,Bull,21,9,8.0,5.0,,,,,,,,,,,,,
2025-02-27,BUY CALL,28.399999618530273,30.0,2027-01-15,687.0,19.484318249721643,5.210000038146973,-0.3299999237060547,-6.333971617847145,-6.333971617847145,4.119999885559082,-0.9200000762939453,-22.33009955943486,8.650000095367432,1.2699999809265137,14.682080542480817,14.682080542480817,0.07539682539682539,Bull,20,8,8.0,5.0,,,,,,,,,,,,,
2025-02-27,STRADDLE,28.399999618530273,30.0,2027-01-15,687.0,19.484318249721643,5.210000038146973,-0.3299999237060547,-6.333971617847145,-6.333971617847145,4.119999885559082,-0.9200000762939453,-22.33009955943486,8.650000095367432,1.2699999809265137,14.682080542480817,14.682080542480817,0.07539682539682539,Bull,20,8,8.0,5.0,,,,,,,,,,,,,
2025-02-28,BUY CALL,28.309999465942383,30.0,2027-01-15,686.0,19.061796731692272,4.53000020980835,1.0699996948242188,23.62030122001886,23.62030122001886,4.119999885559082,-0.9200000762939453,-22.33009955943486,8.650000095367432,1.2699999809265137,14.682080542480817,14.682080542480817,0.07142857142857142,Bull,19,7,8.0,3.0,,,,,,,,,,,,,
2025-02-28,STRADDLE,28.309999465942383,30.0,2027-01-15,686.0,19.061796731692272,4.53000020980835,1.0699996948242188,23.62030122001886,23.62030122001886,4.119999885559082,-0.9200000762939453,-22.33009955943486,8.650000095367432,1.2699999809265137,14.682080542480817,14.682080542480817,0.07142857142857142,Bull,19,7,8.0,3.0,,,,,,,,,,,,,
2025-03-03,STRADDLE,28.75,30.0,2027-01-15,683.0,21.377030261569132,4.949999809265137,0.15000009536743164,3.0303050736824266,13.131315563907652,5.039999961853027,1.0399999618530273,20.634920034218744,10.139999866485596,-1.0399999618530273,-10.256410015254556,-2.1696232060000975,0.1349206349206349,Bull,16,4,8.0,3.0,,,,,,,,,,,,,
2025-03-04,STRADDLE,29.0,30.0,2027-01-15,682.0,18.567751848464507,5.099999904632568,0.0,0.0,9.803921751955858,5.039999961853027,1.0399999618530273,20.634920034218744,10.139999866485596,-1.0399999618530273,-10.256410015254556,-2.1696232060000975,0.051587301587301584,Bull,15,3,9.0,3.0,,,,,,,,,,,,,
2025-03-05,STRADDLE,29.770000457763672,30.0,2027-01-15,681.0,23.76167257665605,5.349999904632568,-0.34999990463256836,-6.542054408814158,4.672897279559285,,,,9.300000190734863,-0.20000028610229492,-2.1505406666716573,-2.1505406666716573,0.23412698412698413,Bull,14,2,8.0,2.0,,,,,,,,,,,,,
2025-03-06,STRADDLE,29.690000534057617,30.0,2027-01-15,680.0,23.638900935448355,5.449999809265137,0.039999961853027344,0.7339442798699913,0.7339442798699913,,,,9.300000190734863,-0.20000028610229492,-2.1505406666716573,-2.1505406666716573,0.23015873015873015,Bull,13,1,8.0,3.0,,,,,,,,,,,,,
2025-03-07,BUY CALL,29.59000015258789,30.0,2027-01-15,679.0,22.87277030439063,5.300000190734863,0.39999961853027344,7.547162342173652,7.547162342173652,4.0,0.0,0.0,9.300000190734863,0.39999961853027344,4.301071078780982,4.301071078780982,0.20634920634920634,Bull,12,0,8.0,2.0,,,,,,,,,,,,,
2025-03-07,STRADDLE,29.59000015258789,30.0,2027-01-15,679.0,22.87277030439063,5.300000190734863,0.39999961853027344,7.547162342173652,7.547162342173652,4.0,0.0,0.0,9.300000190734863,0.39999961853027344,4.301071078780982,4.301071078780982,0.20634920634920634,Bull,12,0,8.0,2.0,,,,,,,,,,,,,
2025-03-10,BUY CALL,29.11000061035156,30.0,2027-01-15,676.0,24.222878695365743,5.679999828338623,0.2800002098083496,4.929581307579878,5.633806009374043,4.130000114440918,0.23000001907348633,5.5690075714349385,9.630000114440918,0.23000001907348633,2.3883698477696154,2.3883698477696154,0.2698412698412698,Bull,9,25,7.0,3.0,,,,,,,,,,,,,
2025-03-10,STRADDLE,29.11000061035156,30.0,2027-01-15,676.0,24.222878695365743,5.679999828338623,0.2800002098083496,4.929581307579878,5.633806009374043,4.130000114440918,0.23000001907348633,5.5690075714349385,9.630000114440918,0.23000001907348633,2.3883698477696154,2.3883698477696154,0.2698412698412698,Bull,9,25,7.0,3.0,,,,,,,,,,,,,
2025-03-19,BUY CALL,30.75,30.0,2027-01-15,667.0,19.937169984237684,5.75,-0.679999828338623,-11.826083971106483,0.5217427792756357,3.299999952316284,-0.4700000286102295,-14.242425315198398,9.049999952316284,-0.08000016212463379,-0.8839796966425211,4.198898948747935,0.0873015873015873,Bull,0,16,4.5,4.0,,,,,,,,,,,,,
2025-03-20,BUY CALL,30.5,30.0,2027-01-15,666.0,20.573023372557774,5.25,0.46000003814697266,8.761905488513765,8.761905488513765,,,,9.070000171661377,-0.10000038146972656,-1.1025400173879956,-1.1025400173879956,0.11507936507936507,Bull,48,15,2.5,4.0,,,,,,,,,,,,,
2025-03-21,BUY CALL,30.020000457763672,30.0,2027-01-15,665.0,22.457221416988254,5.300000190734863,0.309999942779541,5.849055313648166,7.735845899191585,,,,9.070000171661377,-0.10000038146972656,-1.1025400173879956,-1.1025400173879956,0.1984126984126984,Bull,47,14,2.5,3.0,,,,,,,,,,,,,
2025-03-24,BUY CALL,29.959999084472656,30.0,2027-01-15,662.0,20.344259781197422,5.349999904632568,0.20000028610229492,3.7383231713539855,11.96261454007541,3.6600000858306885,0.21000003814697266,5.737705825744816,9.359999895095825,-0.3599996566772461,-3.8461502212822465,-1.1752151148210899,0.10714285714285714,Bull,44,11,2.0,3.0,,,,,,,,,,,,,
2025-03-28,BUY CALL,31.0,30.0,2027-01-15,658.0,20.732450180797606,6.0,-0.5,-8.333333333333337,-7.499996821085608,,,,9.450000047683716,-0.4499998092651367,-4.761902719518355,-4.761902719518355,0.1388888888888889,Bull,40,7,5.0,3.0,,,,,,,,,,,,,
2025-03-31,BUY CALL,30.989999771118164,30.0,2027-01-15,655.0,20.702011272810388,5.699999809265137,-1.999999761581421,-35.0877162895777,-2.63157234297543,3.309999942779541,-0.8274999856948853,-25.0,7.460000038146973,1.7700002193450928,23.72654437391601,23.72654437391601,0.1388888888888889,Bull,37,4,6.0,3.0,,,,,,,,,,,,,
2025-03-31,STRADDLE,30.989999771118164,30.0,2027-01-15,655.0,20.702011272810388,5.699999809265137,-1.999999761581421,-35.0877162895777,-2.63157234297543,3.309999942779541,-0.8274999856948853,-25.0,7.460000038146973,1.7700002193450928,23.72654437391601,23.72654437391601,0.1388888888888889,Bull,37,4,6.0,3.0,,,,,,,,,,,,,
2025-04-01,BUY CALL,30.6299991607666,30.0,2027-01-15,654.0,21.586556970200807,5.300000190734863,-1.6000001430511475,-30.188680857939776,3.773581171086837,3.309999942779541,-0.8274999856948853,-25.0,7.460000038146973,1.7700002193450928,23.72654437391601,23.72654437391601,0.16666666666666666,Bull,36,3,8.0,3.0,,,,,,,,,,,,,
2025-04-01,STRADDLE,30.6299991607666,30.0,2027-01-15,654.0,21.586556970200807,5.300000190734863,-1.6000001430511475,-30.188680857939776,3.773581171086837,3.309999942779541,-0.8274999856948853,-25.0,7.460000038146973,1.7700002193450928,23.72654437391601,23.72654437391601,0.16666666666666666,Bull,36,3,8.0,3.0,,,,,,,,,,,,,
2025-04-02,STRADDLE,30.760000228881836,30.0,2027-01-15,653.0,21.660223210793355,5.349999904632568,-1.6499998569488525,-30.841119371238058,2.8037401503044235,3.309999942779541,-0.8274999856948853,-25.0,7.460000038146973,1.7700002193450928,23.72654437391601,23.72654437391601,0.17063492063492064,Bull,35,2,8.0,3.0,,,,,,,,,,,,,
2025-04-03,SELL PUT,28.88999938964844,30.0,2027-01-15,652.0,37.56652407822057,4.150000095367432,-0.25,-6.024096247107813,8.433732447940589,3.309999942779541,-0.8274999856948853,-25.0,7.460000038146973,1.7700002193450928,23.72654437391601,23.72654437391601,0.8571428571428571,Bull,34,1,6.0,6.0,,,,,,,,,,,,,
2025-04-04,SELL PUT,27.079999923706055,25.0,2027-01-15,651.0,47.37098015964582,6.449999809265137,0.3100004196166992,4.806208198198658,4.806208198198658,,,,8.649999856948853,-0.6999998092651367,-8.092483477936732,-8.092483477936732,0.9484126984126984,Bull,33,0,1.0,4.0,,,,,,,,,,,,,
2025-04-07,SELL PUT,27.13999938964844,,,,47.61298078822289,,,,,,,,,,,,0.9484126984126984,Bull,30,25,0.0,5.0,无历史 K 线 (所有候选 expiry 在信号日均无数据),,,,,,,,,,,,
2025-04-08,SELL PUT,27.13999938964844,,,,45.01022850577708,,,,,,,,,,,,0.9246031746031746,Bull,29,24,0.0,5.0,无历史 K 线 (所有候选 expiry 在信号日均无数据),,,,,,,,,,,,
2025-04-15,SHORT_VOL,29.40999984741211,30.0,2027-01-15,640.0,52.40208299417255,5.349999904632568,-0.23000001907348633,-4.299065853708317,-0.37383142585097895,,,,10.029999732971191,-0.15000009536743164,-1.4955144502580864,-1.4955144502580864,0.9841269841269841,Bull,22,17,0.5,6.0,,,,,,,,,,,,,
2025-04-16,SHORT_VOL,29.760000228881836,,,,52.860060686801226,,,,,,,,,,,,0.9880952380952381,Bull,21,16,0.5,6.0,无历史 K 线 (所有候选 expiry 在信号日均无数据),,,,,,,,,,,,
2025-04-17,SHORT_VOL,29.549999237060547,,,,42.146724829406764,,,,,,,,,,,,0.8809523809523809,Bull,20,15,0.5,7.0,无历史 K 线 (所有候选 expiry 在信号日均无数据),,,,,,,,,,,,
2025-04-30,BUY CALL,29.600000381469727,30.0,2027-01-15,625.0,24.475737882574457,4.900000095367432,-0.11999988555908203,-2.4489772086439876,-1.0204120359535218,4.25,0.09999990463256836,2.3529389325310204,9.150000095367432,-0.2199997901916504,-2.4043692666520786,-2.4043692666520786,0.31746031746031744,Bull,7,2,5.0,1.0,,,,,,,,,,,,,
2025-05-01,BUY CALL,29.38999938964844,30.0,2027-01-15,624.0,23.903421639342795,4.730000019073486,0.4499998092651367,9.513738001068406,9.513738001068406,4.25,0.19999980926513672,4.705877865062041,9.150000095367432,0.07999992370605469,0.8743160969643923,0.8743160969643923,0.29365079365079366,Bull,6,1,7.0,1.0,,,,,,,,,,,,,
2025-05-02,BUY CALL,29.1200008392334,30.0,2027-01-15,623.0,24.0741297368385,4.900000095367432,-0.1399998664855957,-2.857140076751319,5.714280153502638,4.25,0.19999980926513672,4.705877865062041,9.150000095367432,0.07999992370605469,0.8743160969643923,0.8743160969643923,0.3134920634920635,Bull,5,0,5.0,2.0,,,,,,,,,,,,,
2025-05-05,BUY CALL,29.479999542236328,30.0,2027-01-15,620.0,24.62964551706537,4.699999809265137,0.5500001907348633,11.702132192657633,11.702132192657633,4.099999904632568,0.04999971389770508,1.2195052453833148,8.799999713897705,0.43000030517578125,4.886367263133979,4.886367263133979,0.3373015873015873,Bull,2,32,2.0,2.0,,,,,,,,,,,,,
2025-05-07,BUY CALL,29.489999771118164,,,,22.96207885958155,,,,,,,,,,,,0.24206349206349206,Bull,0,30,5.0,4.0,无历史 K 线 (所有候选 expiry 在信号日均无数据),,,,,,,,,,,,
2025-05-08,BUY CALL,29.459999084472656,,,,22.924758967279455,,,,,,,,,,,,0.24206349206349206,Bull,41,29,5.0,4.0,无历史 K 线 (所有候选 expiry 在信号日均无数据),,,,,,,,,,,,
2025-05-09,STRADDLE,29.799999237060547,,,,22.779592271568152,,,,,,,,,,,,0.23412698412698413,Bull,40,28,7.0,5.0,无历史 K 线 (所有候选 expiry 在信号日均无数据),,,,,,,,,,,,
2025-05-12,BUY CALL,29.6299991607666,,,,22.685406663127093,,,,,,,,,,,,0.23015873015873015,Bull,37,25,7.5,4.0,无历史 K 线 (所有候选 expiry 在信号日均无数据),,,,,,,,,,,,
2025-05-12,STRADDLE,29.6299991607666,,,,22.685406663127093,,,,,,,,,,,,0.23015873015873015,Bull,37,25,7.5,4.0,无历史 K 线 (所有候选 expiry 在信号日均无数据),,,,,,,,,,,,
2025-05-13,STRADDLE,29.93000030517578,,,,22.624536138337938,,,,,,,,,,,,0.23015873015873015,Bull,36,24,7.5,6.0,无历史 K 线 (所有候选 expiry 在信号日均无数据),,,,,,,,,,,,
2025-05-14,BUY CALL,29.25,,,,25.23942429701184,,,,,,,,,,,,0.4166666666666667,Bull,35,23,5.5,5.0,无历史 K 线 (所有候选 expiry 在信号日均无数据),,,,,,,,,,,,
2025-05-15,BUY CALL,29.61000061035156,,,,25.816425877636327,,,,,,,,,,,,0.44047619047619047,Bull,34,22,5.5,5.0,无历史 K 线 (所有候选 expiry 在信号日均无数据),,,,,,,,,,,,
2025-05-16,BUY CALL,29.299999237060547,30.0,2027-01-15,609.0,25.96388281722437,4.679999828338623,0.630000114440918,13.461541400623611,13.461541400623611,,,,8.700000047683716,-0.440000057220459,-5.05747189435481,-5.05747189435481,0.4523809523809524,Bull,33,21,5.5,5.0,,,,,,,,,,,,,
2025-05-19,BUY CALL,29.420000076293945,30.0,2027-01-15,606.0,25.249259890430604,4.670000076293945,0.5299997329711914,11.349030499198465,13.704493705136978,3.549999952316284,0.039999961853027344,1.1267595039523421,8.700000047683716,0.009999752044677734,0.11493967804448535,0.11493967804448535,0.4166666666666667,Bull,30,18,5.0,5.0,,,,,,,,,,,,,
2025-05-21,STRADDLE,30.510000228881836,30.0,2027-01-15,604.0,21.70798623303436,5.150000095367432,0.04999971389770508,0.9708682130449064,3.1067930961017565,3.549999952316284,0.039999961853027344,1.1267595039523421,8.700000047683716,0.009999752044677734,0.11493967804448535,0.11493967804448535,0.18253968253968253,Bull,28,16,7.0,6.0,,,,,,,,,,,,,
2025-05-22,BUY CALL,30.030000686645508,30.0,2027-01-15,603.0,23.726557654031488,5.179999828338623,0.5199999809265137,10.038610003068138,10.038610003068138,3.6500000953674316,-0.1399998664855957,-3.835612680210148,8.900000095367432,0.5899996757507324,6.629209768860959,6.629209768860959,0.3055555555555556,Bull,27,15,5.0,5.0,,,,,,,,,,,,,
2025-05-29,STRADDLE,30.299999237060547,30.0,2027-01-15,596.0,20.943784866682215,5.5,0.5999999046325684,10.909089175137598,10.909089175137598,3.5799999237060547,0.619999885559082,17.318432926592116,9.079999923706055,-0.019999980926513672,-0.2202641089709455,6.607933772149559,0.15079365079365079,Bull,20,8,7.0,5.0,,,,,,,,,,,,,
2025-05-30,STRADDLE,30.0,30.0,2027-01-15,595.0,21.32549828924486,5.349999904632568,0.5799999237060547,10.841120262522486,14.018691838677878,3.450000047683716,0.43000006675720215,12.46376987866706,8.799999952316284,0.14999985694885254,1.7045438382004816,10.000004063953075,0.16666666666666666,Bull,19,7,7.0,5.0,,,,,,,,,,,,,
2025-06-02,EXIT,31.59000015258789,33.0,2027-01-15,592.0,32.37896420516829,4.699999809265137,0.6600003242492676,14.042560660283531,14.042560660283531,,,,9.350000143051147,-0.039999961853027344,-0.42780707209673174,-0.42780707209673174,0.7142857142857143,Bull,16,4,4.0,6.0,,,,,,,,,,,,,
2025-06-02,SHORT_VOL,31.59000015258789,33.0,2027-01-15,592.0,32.37896420516829,4.699999809265137,0.6600003242492676,14.042560660283531,14.042560660283531,,,,9.350000143051147,-0.039999961853027344,-0.42780707209673174,-0.42780707209673174,0.7142857142857143,Bull,16,4,4.0,6.0,,,,,,,,,,,,,
2025-06-05,EXIT,32.45000076293945,33.0,2027-01-15,589.0,35.345933575632344,4.800000190734863,0.75,15.624999379118298,20.833332505491086,3.799999952316284,0.09999990463256836,2.6315764707211,9.350000143051147,-0.09999990463256836,-1.0695176802418294,2.139037910414947,0.8134920634920635,Bull,13,1,1.0,3.0,,,,,,,,,,,,,
2025-06-24,BUY CALL,32.61000061035156,33.0,2027-01-15,570.0,18.012435890011737,5.289999961853027,-0.23999977111816406,-4.5368577098078955,2.0793976239627865,,,,8.950000286102295,0.14999985694885254,1.6759760017189578,1.6759760017189578,0.05952380952380952,Bull,36,10,4.0,3.0,,,,,,,,,,,,,
2025-07-01,STRADDLE,32.72999954223633,33.0,2027-01-15,563.0,22.734311707556977,5.260000228881836,0.12999963760375977,2.4714758925285185,2.4714758925285185,,,,9.100000143051147,-0.010000228881835938,-0.10989262334761844,-0.10989262334761844,0.28174603174603174,Bull,29,3,6.0,4.0,,,,,,,,,,,,,
2025-07-02,STRADDLE,33.2400016784668,33.0,2027-01-15,562.0,21.254690408529004,5.400000095367432,0.15000009536743164,2.777779494783972,2.777779494783972,3.700000047683716,0.20000004768371582,5.405406624492354,9.100000143051147,-0.04999995231628418,-0.5494500168163695,-0.10989262334761844,0.18253968253968253,Bull,28,2,6.0,4.0,,,,,,,,,,,,,
2025-07-03,STRADDLE,33.5099983215332,,,,20.48682141570897,,,,,,,,,,,,0.14285714285714285,Bull,27,1,8.0,4.0,无历史 K 线 (所有候选 expiry 在信号日均无数据),,,,,,,,,,,,
2025-07-07,BUY CALL,33.43000030517578,33.0,2027-01-15,557.0,18.24533443198009,5.449999809265137,1.25,22.935780619202383,22.935780619202383,3.5,0.18000006675720215,5.142859050205776,8.949999809265137,1.0699999332427979,11.955306771460736,11.955306771460736,0.06349206349206349,Bull,23,25,8.0,6.0,,,,,,,,,,,,,
2025-07-07,STRADDLE,33.43000030517578,33.0,2027-01-15,557.0,18.24533443198009,5.449999809265137,1.25,22.935780619202383,22.935780619202383,3.5,0.18000006675720215,5.142859050205776,8.949999809265137,1.0699999332427979,11.955306771460736,11.955306771460736,0.06349206349206349,Bull,23,25,8.0,6.0,,,,,,,,,,,,,
2025-07-08,BUY CALL,33.290000915527344,33.0,2027-01-15,556.0,18.255775082860072,5.5,1.1999998092651367,21.81817835027522,21.81817835027522,3.7100000381469727,0.3900001049041748,10.512132099571824,8.760000228881836,1.2599995136260986,14.383555715807676,14.383555715807676,0.06746031746031746,Bull,22,24,8.0,6.0,,,,,,,,,,,,,
2025-07-08,STRADDLE,33.290000915527344,33.0,2027-01-15,556.0,18.255775082860072,5.5,1.1999998092651367,21.81817835027522,21.81817835027522,3.7100000381469727,0.3900001049041748,10.512132099571824,8.760000228881836,1.2599995136260986,14.383555715807676,14.383555715807676,0.06746031746031746,Bull,22,24,8.0,6.0,,,,,,,,,,,,,
2025-07-09,BUY CALL,33.0,33.0,2027-01-15,555.0,17.936511721445893,5.050000190734863,0.75,14.851484587584984,32.67325853883125,3.7100000381469727,0.309999942779541,8.355793520001583,8.760000228881836,0.440000057220459,5.022831572193035,14.383555715807676,0.05555555555555555,Bull,21,23,8.0,7.0,,,,,,,,,,,,,
2025-07-09,STRADDLE,33.0,33.0,2027-01-15,555.0,17.936511721445893,5.050000190734863,0.75,14.851484587584984,32.67325853883125,3.7100000381469727,0.309999942779541,8.355793520001583,8.760000228881836,0.440000057220459,5.022831572193035,14.383555715807676,0.05555555555555555,Bull,21,23,8.0,7.0,,,,,,,,,,,,,
2025-07-10,STRADDLE,33.75,35.0,2027-01-15,554.0,20.34325032136553,4.619999885559082,0.18000030517578125,3.8961105981499156,24.458877541815617,4.400000095367432,-0.23000001907348633,-5.227273047462961,9.599999904632568,0.07000017166137695,0.7291684620496478,5.7291687104023366,0.14285714285714285,Bull,20,22,7.0,5.0,,,,,,,,,,,,,
2025-07-30,BUY CALL,33.5099983215332,35.0,2027-01-15,534.0,25.005165352961527,4.800000190734863,-0.20000028610229492,-4.1666724615624595,-4.1666724615624595,4.349999904632568,-0.25,-5.747126562779012,9.150000095367432,-0.20000028610229492,-2.1857954537459885,-2.1857954537459885,0.49206349206349204,Bull,0,2,2.0,0.0,,,,,,,,,,,,,
2025-07-31,BUY CALL,33.31999969482422,,,,24.458479003441642,,,,,,,,,,,,0.4444444444444444,Bull,48,1,2.0,3.0,无历史 K 线 (所有候选 expiry 在信号日均无数据),,,,,,,,,,,,
2025-08-20,STRADDLE,34.43000030517578,35.0,2027-01-15,513.0,22.213606831732903,4.699999809265137,0.4500002861022949,9.574474560939494,13.829789824375794,3.9000000953674316,0.40000009536743164,10.256412450927039,8.599999904632568,0.25,2.9069767764221988,2.9069767764221988,0.28174603174603174,Bull,28,16,7.0,5.0,,,,,,,,,,,,,
2025-08-21,STRADDLE,34.61000061035156,,,,21.47446540280681,,,,,,,,,,,,0.24603174603174602,Bull,27,15,7.0,5.0,无历史 K 线 (所有候选 expiry 在信号日均无数据),,,,,,,,,,,,
2025-08-25,STRADDLE,35.02000045776367,,,,21.798850959190702,,,,,,,,,,,,0.2698412698412698,Bull,23,11,7.0,4.0,无历史 K 线 (所有候选 expiry 在信号日均无数据),,,,,,,,,,,,
2025-08-26,STRADDLE,35.02000045776367,35.0,2027-01-15,507.0,21.696154983180882,5.099999904632568,0.570000171661377,11.176474163139094,11.176474163139094,,,,8.72000002861023,0.4500000476837158,5.160550988615486,5.160550988615486,0.26587301587301587,Bull,22,10,7.0,5.0,,,,,,,,,,,,,
2025-08-27,STRADDLE,34.9900016784668,35.0,2027-01-15,506.0,19.95278574683296,4.860000133514404,0.809999942779541,16.66666503142269,16.66666503142269,,,,8.72000002861023,0.4500000476837158,5.160550988615486,5.160550988615486,0.15079365079365079,Bull,21,9,8.0,6.0,,,,,,,,,,,,,
2025-08-28,STRADDLE,35.52000045776367,35.0,2027-01-15,505.0,19.500183713738824,5.25,1.1100001335144043,21.142859685988658,21.142859685988658,3.549999952316284,0.3299999237060547,9.295772623623225,8.72000002861023,0.8600001335144043,9.862386819871018,9.862386819871018,0.14285714285714285,Bull,20,8,8.0,4.0,,,,,,,,,,,,,
2025-08-29,EXIT,36.189998626708984,35.0,2027-01-15,504.0,20.93751329336373,5.170000076293945,1.3299999237060547,25.72533663596093,25.72533663596093,3.549999952316284,0.5,14.084507231437083,8.72000002861023,0.8299999237060547,9.518347717693047,9.862386819871018,0.2222222222222222,Bull,19,7,7.0,5.0,,,,,,,,,,,,,
2025-08-29,STRADDLE,36.189998626708984,35.0,2027-01-15,504.0,20.93751329336373,5.170000076293945,1.3299999237060547,25.72533663596093,25.72533663596093,3.549999952316284,0.5,14.084507231437083,8.72000002861023,0.8299999237060547,9.518347717693047,9.862386819871018,0.2222222222222222,Bull,19,7,7.0,5.0,,,,,,,,,,,,,
2025-09-02,EXIT,37.150001525878906,35.0,2027-01-15,500.0,23.426280597547855,6.050000190734863,-0.10000038146972656,-1.6528988151582213,7.43801314178929,3.2200000286102295,-0.1700000762939453,-5.279505428057972,9.270000219345093,-0.23000001907348633,-2.4811220456447343,3.3441201234560696,0.42857142857142855,Bull,15,3,1.0,0.0,,,,,,,,,,,,,
2025-09-05,EXIT,37.209999084472656,40.0,2026-09-18,378.0,20.366905228263445,3.25,0.09999990463256836,3.0769201425405734,3.0769201425405734,,,,8.759999990463257,0.04999995231628418,0.5707757119944931,0.5707757119944931,0.19444444444444445,Bull,12,0,3.0,0.0,,,,,,,,,,,,,
2025-09-08,EXIT,37.5099983215332,40.0,2026-09-18,375.0,18.901674029621578,3.5999999046325684,0.15000009536743164,4.166669426141034,4.166669426141034,5.460000038146973,0.26000022888183594,4.761908920610107,8.759999990463257,-0.06000018119812012,-0.684933576066672,0.5707757119944931,0.10714285714285714,Bull,9,25,3.0,1.0,,,,,,,,,,,,,
2025-09-12,EXIT,38.34000015258789,40.0,2026-09-18,371.0,18.04009411848944,3.5999999046325684,-0.14999985694885254,-4.166662803402554,12.500008278423103,4.650000095367432,0.019999980926513672,0.43010710787809825,8.620000123977661,-0.08999991416931152,-1.0440825159499123,0.9280761133877811,0.07142857142857142,Bull,5,21,4.0,3.0,,,,,,,,,,,,,
2025-09-19,EXIT,39.040000915527344,40.0,2026-09-18,364.0,21.33398306884031,4.019999980926514,0.619999885559082,15.42288279852646,19.4029903858004,4.300000190734863,0.21000003814697266,4.883721600744487,8.850000381469727,-0.12000036239624023,-1.355936239816429,1.5819193271305352,0.30158730158730157,Bull,40,14,0.5,2.0,,,,,,,,,,,,,
2025-09-25,EXIT,41.029998779296875,42.0,2026-09-18,358.0,26.32039214964833,4.289999961853027,0.9600000381469727,22.377623465812558,28.20512934513697,4.739999771118164,0.36999988555908203,7.805905135556561,9.71999979019165,0.15000009536743164,1.5432108910001743,1.5432108910001743,0.7261904761904762,Bull,34,8,0.0,5.0,,,,,,,,,,,,,
2025-09-26,EXIT,41.86000061035156,42.0,2026-09-18,357.0,26.84197681034054,4.980000019073486,0.4200000762939453,8.433736439464612,10.441766645279206,4.739999771118164,0.5399999618530273,11.392404808611237,9.71999979019165,-0.11999988555908203,-1.234566750507265,1.5432108910001743,0.746031746031746,Bull,33,7,0.0,4.0,,,,,,,,,,,,,
2025-10-02,BUY CALL,42.529998779296875,44.0,2026-05-15,225.0,23.31922585612693,2.859999895095825,0.6500000953674316,22.72727689542986,36.36364469995061,,,,7.7200000286102295,0.08000016212463379,1.0362715262714266,1.0362715262714266,0.4880952380952381,Bull,27,1,1.0,2.0,,,,,,,,,,,,,
2025-10-07,BUY CALL,43.38999938964844,44.0,2026-05-15,220.0,23.988169390882295,3.700000047683716,0.6000001430511475,16.216219873477055,16.216219873477055,3.809999942779541,-0.9524999856948853,-25.0,8.049999713897705,0.5500006675720215,6.8323066722907795,12.422366613389245,0.5595238095238095,Bull,22,31,0.0,4.0,,,,,,,,,,,,,
2025-10-09,BUY CALL,44.709999084472656,45.0,2026-05-15,218.0,22.4437540954021,4.300000190734863,0.929999828338623,21.627902025271474,21.627902025271474,,,,8.929999828338623,0.18000030517578125,2.015680947770738,2.015680947770738,0.3888888888888889,Bull,20,29,0.0,2.0,,,,,,,,,,,,,
2025-10-17,SELL PUT,46.9900016784668,47.0,2026-05-15,210.0,40.29234042912647,5.599999904632568,-2.299999952316284,-41.0714284193759,-11.785711761639995,5.25,-1.309999942779541,-24.952379862467446,9.25,0.6099998950958252,6.594593460495407,9.405409323202598,0.9523809523809523,Bull,12,21,0.5,4.0,,,,,,,,,,,,,
2025-10-21,SELL PUT,43.790000915527344,44.0,2026-05-15,206.0,60.44864193028665,4.550000190734863,-0.25,-5.494505264177207,2.8571347726199514,4.539999961853027,0.5,11.013215951568469,9.09000015258789,-0.37000036239624023,-4.07041095913406,-2.31023140398063,1.0,Bull,8,17,0.0,4.0,,,,,,,,,,,,,
2025-10-22,SELL PUT,43.880001068115234,44.0,2026-05-15,205.0,58.791485756658155,4.5,-1.119999885559082,-24.888886345757378,3.9999961853027344,4.039999961853027,-0.6999998092651367,-17.326728115711855,8.639999866485596,-0.5199999809265137,-6.018518390765077,0.9259250572025233,0.996031746031746,Bull,7,16,1.0,4.0,,,,,,,,,,,,,
2025-10-27,SELL PUT,42.400001525878906,42.0,2026-05-15,200.0,54.94754227952304,4.03000020980835,1.119999885559082,27.791558988835497,27.791558988835497,3.4700000286102295,0.880000114440918,25.360233636463885,7.500000238418579,0.23999977111816406,3.199996846517027,3.599996452331656,0.9841269841269841,Bull,2,11,1.0,4.0,,,,,,,,,,,,,
2025-10-28,SELL PUT,42.70000076293945,44.0,2026-05-15,199.0,55.634270099681856,3.25,0.9800000190734863,30.153846740722656,36.615386376014115,4.099999904632568,0.36999988555908203,9.024387662570946,8.15999984741211,0.010000228881835938,0.1225518268239606,0.1225518268239606,0.9841269841269841,Bull,1,10,3.0,5.0,,,,,,,,,,,,,
2025-10-29,SELL PUT,43.22999954223633,44.0,2026-05-15,198.0,52.25285584684698,4.059999942779541,-0.11999988555908203,-2.9556622475449656,9.359608861983482,4.099999904632568,0.36999988555908203,9.024387662570946,8.15999984741211,0.010000228881835938,0.1225518268239606,0.1225518268239606,0.9642857142857143,Bull,0,9,3.0,6.0,,,,,,,,,,,,,
2025-10-30,SHORT_VOL,44.34000015258789,44.0,2026-05-15,197.0,53.64349857148246,4.400000095367432,-1.0,-22.72727223467237,0.9090900224102638,,,,8.120000123977661,0.04999995231628418,0.6157629501585674,0.6157629501585674,0.9761904761904762,Bull,48,8,0.0,6.0,,,,,,,,,,,,,
2025-10-31,SHORT_VOL,44.0099983215332,44.0,2026-05-15,196.0,50.061616283652924,4.449999809265137,-0.8499999046325684,-19.101122271125114,-4.943815721825406,,,,,,,,0.9484126984126984,Bull,47,7,0.0,6.0,,,,,,,,,,,,,
2025-11-03,SELL PUT,43.7599983215332,44.0,2026-05-15,193.0,48.61031380869489,4.25,-0.559999942779541,-13.176469241871558,-7.2941163006950855,3.75,0.1700000762939453,4.533335367838542,7.299999952316284,-0.029999971389770508,-0.41095851487302465,1.3698649822513695,0.9444444444444444,Bull,44,4,3.0,6.0,,,,,,,,,,,,,
2025-11-03,SHORT_VOL,43.7599983215332,44.0,2026-05-15,193.0,48.61031380869489,4.25,-0.559999942779541,-13.176469241871558,-7.2941163006950855,3.75,0.1700000762939453,4.533335367838542,7.299999952316284,-0.029999971389770508,-0.41095851487302465,1.3698649822513695,0.9444444444444444,Bull,44,4,3.0,6.0,,,,,,,,,,,,,
2025-11-04,BUY CALL,42.7400016784668,44.0,2026-05-15,192.0,28.09079867571243,3.4000000953674316,0.28999996185302734,8.529410403492577,8.529410403492577,3.75,0.1700000762939453,4.533335367838542,7.299999952316284,-0.029999971389770508,-0.41095851487302465,1.3698649822513695,0.8015873015873016,Bull,43,3,4.0,7.0,,,,,,,,,,,,,
2025-11-06,BUY CALL,43.54999923706055,44.0,2026-05-15,190.0,30.22054598187134,3.549999952316284,1.7599999904632568,49.57746518601787,49.57746518601787,3.75,0.7999999523162842,21.333332061767578,7.299999952316284,0.9600000381469727,13.150685539968604,13.150685539968604,0.8214285714285714,Bull,41,1,3.0,7.0,,,,,,,,,,,,,
2025-11-07,BUY CALL,43.91999816894531,44.0,2026-05-15,189.0,30.542401833919286,3.700000047683716,3.419999837875366,92.43242685946353,92.43242685946353,3.5799999237060547,0.8799998760223389,24.581002647378646,7.2799999713897705,2.5399999618530273,34.89010950323033,34.89010950323033,0.8373015873015873,Bull,40,0,3.0,7.0,,,,,,,,,,,,,
2025-11-10,SHORT_VOL,45.790000915527344,46.0,2026-05-15,186.0,30.01235872356702,3.680000066757202,1.0199997425079346,27.71738380447242,68.47825263026546,4.150000095367432,-0.09999990463256836,-2.4096362008327756,7.830000162124634,1.119999647140503,14.303954328866785,14.303954328866785,0.8174603174603174,Bull,37,25,1.0,8.0,,,,,,,,,,,,,
2025-11-11,SHORT_VOL,46.45000076293945,46.0,2026-05-15,185.0,30.182823070923842,4.199999809265137,0.5,11.904762445393624,47.61904978157452,,,,8.75,0.19999980926513672,2.285712105887277,2.285712105887277,0.8214285714285714,Bull,36,24,1.0,6.0,,,,,,,,,,,,,
2025-11-12,SHORT_VOL,48.31999969482422,48.0,2026-05-15,184.0,34.14127726505888,4.349999904632568,-0.7999999523162842,-18.390803904715437,21.379317829073273,4.699999809265137,-0.6500000953674316,-13.829789824375796,9.049999713897705,0.35000038146972656,3.8674076523145704,8.066304077221277,0.8928571428571429,Bull,35,23,0.0,6.0,,,,,,,,,,,,,
2025-11-14,SELL PUT,45.959999084472656,46.0,2026-05-15,182.0,40.39522682658052,4.550000190734863,0.4499998092651367,9.890105283544127,9.890105283544127,4.199999809265137,0.06999969482421875,1.6666594762647484,8.75,-0.04999971389770508,-0.571425301688058,2.285712105887277,0.9166666666666666,Bull,33,21,0.0,5.0,,,,,,,,,,,,,
2025-11-17,SELL PUT,45.470001220703125,45.0,2026-05-15,179.0,40.82642487244502,5.070000171661377,-0.570000171661377,-11.24260655546674,5.5226769919307195,3.609999895095825,-0.3900001049041748,-10.803327319593246,8.680000066757202,-0.18000006675720215,-2.073733472037278,3.6866351472546475,0.9206349206349206,Bull,30,18,0.5,5.0,,,,,,,,,,,,,
2025-11-18,SELL PUT,46.099998474121094,46.0,2026-05-15,178.0,37.995652946808235,4.599999904632568,-0.4499998092651367,-9.782604752055557,8.695654427396814,4.130000114440918,-0.559999942779541,-13.559320272690808,8.730000019073486,0.1100001335144043,1.2600244361291375,1.2600244361291375,0.9047619047619048,Bull,29,17,0.5,5.0,,,,,,,,,,,,,
2025-11-19,SELL PUT,46.45000076293945,46.0,2026-05-15,177.0,37.25404553302367,5.400000095367432,-0.7699999809265137,-14.259258654218975,-7.407409042651403,4.099999904632568,-0.5900001525878906,-14.390247958817085,8.799999713897705,0.04000043869018555,0.45455045443937303,0.45455045443937303,0.8968253968253969,Bull,28,16,0.5,5.0,,,,,,,,,,,,,
2025-11-20,SELL PUT,45.779998779296875,46.0,2026-05-15,176.0,38.53017553252016,4.699999809265137,0.23000001907348633,4.893617625687696,4.893617625687696,4.099999904632568,-0.5900001525878906,-14.390247958817085,8.799999713897705,0.04000043869018555,0.45455045443937303,0.45455045443937303,0.9047619047619048,Bull,27,15,0.5,5.0,,,,,,,,,,,,,
2025-11-21,SELL PUT,45.29999923706055,45.0,2026-05-15,175.0,39.25641407294781,4.349999904632568,2.25,51.7241390650111,51.7241390650111,4.0,1.0,25.0,8.349999904632568,1.25,14.970060051216308,14.970060051216308,0.9047619047619048,Bull,26,14,0.5,5.0,,,,,,,,,,,,,
2025-11-24,SHORT_VOL,46.630001068115234,47.0,2026-05-15,172.0,35.984610265618215,3.9700000286102295,3.8500001430511475,96.97733287923703,96.97733287923703,3.940000057220459,0.5099999904632568,12.94416200651137,8.960000038146973,2.2900002002716064,25.558037840647195,25.558037840647195,0.8809523809523809,Bull,23,11,0.0,6.0,,,,,,,,,,,,,
2025-11-26,SHORT_VOL,48.400001525878906,48.0,2026-05-15,170.0,34.340025149999235,4.699999809265137,3.8000001907348633,80.85107116906475,80.85107116906475,4.650000095367432,1.0300002098083496,22.150541692127888,9.349999904632568,2.7699999809265137,29.62566854737704,29.62566854737704,0.8690476190476191,Bull,21,9,0.0,6.0,,,,,,,,,,,,,
2025-11-28,EXIT,51.209999084472656,51.0,2026-05-15,168.0,42.95518023411161,5.0,1.8499999046325684,36.999998092651374,44.99999999999999,5.599999904632568,1.1500000953674316,20.535716338425303,10.599999904632568,0.6999998092651367,6.6037718449338145,17.075471311924336,0.9246031746031746,Bull,19,7,0.0,4.0,,,,,,,,,,,,,
2025-12-22,SHORT_VOL,62.470001220703125,62.0,2026-05-15,144.0,40.07718544691986,7.300000190734863,6.800000190734863,93.15068511046618,93.15068511046618,6.75,1.2899999618530273,19.111110545970774,14.050000190734863,5.510000228881836,39.217082947197056,39.217082947197056,0.8809523809523809,Bull,37,11,0.0,6.0,,,,,,,,,,,,,
2025-12-24,SHORT_VOL,65.22000122070312,65.0,2026-05-15,142.0,38.87462171722849,8.0,1.0,12.5,60.12500524520874,7.809999942779541,0.07999992370605469,1.0243268155208602,15.809999942779541,0.9200000762939453,5.819102337910579,24.35167865530594,0.8611111111111112,Bull,35,9,0.0,6.0,,2025-12-26,2025-12-29,90.0,115.0,40.0,20.0,2.669999958947301,2.1199999768286943,False,0.5499999821186066,20.599250583339135,19.469752166219614
2025-12-26,EXIT,71.12000274658203,71.0,2026-05-15,140.0,54.156422684014515,8.350000381469727,-2.450000286102295,-29.341319451186155,25.628734034521862,12.0,0.14999961853027344,1.2499968210856118,19.0,-1.2499995231628418,-6.578944858751799,3.2631598020854744,0.9761904761904762,Bull,33,7,0.0,4.0,,,,,,,,,,,,,
2025-12-29,SELL PUT,66.01000213623047,66.0,2026-05-15,137.0,68.41272553889205,8.329999923706055,-0.3299999237060547,-3.961583754243736,23.64946320614547,8.850000381469727,0.40000057220458984,4.519780282067756,17.18000030517578,-0.7300004959106445,-4.2491297028133275,1.8626291568098117,1.0,Bull,30,4,1.0,4.0,,,,,,,,,,,,,
2025-12-31,SELL PUT,64.41999816894531,64.0,2026-05-15,135.0,80.7133037754217,8.899999618530273,2.010000228881836,22.584273202629234,22.584273202629234,7.099999904632568,1.1999998092651367,16.901405991317937,15.999999523162842,0.8100004196166992,5.06250277347871,5.06250277347871,1.0,Bull,28,2,1.0,4.0,,,,,,,,,,,,,
2026-01-15,SHORT_VOL,83.31999969482422,83.0,2026-05-15,120.0,63.19088353081786,11.850000381469727,2.219999313354492,18.734170817631245,18.734170817631245,,,,27.350000381469727,-2.330000877380371,-8.519198701580281,-8.519198701580281,0.9523809523809523,Bull,13,22,0.5,6.0,,,,,,,,,,,,,
2026-01-16,SHORT_VOL,81.0199966430664,81.0,2026-05-15,119.0,68.88381822985924,11.949999809265137,1.4200000762939453,11.88284601639058,24.435147471968953,11.989999771118164,1.9399995803833008,16.180146934251194,23.9399995803833,-0.5199995040893555,-2.17209487553813,3.8429410710925973,0.9563492063492064,Bull,12,21,0.5,6.0,,,,,,,,,,,,,
2026-01-22,SHORT_VOL,87.12999725341797,87.0,2026-05-15,113.0,61.13241839105099,11.779999732971191,10.800000190734863,91.68081863793769,91.68081863793769,12.350000381469727,2.310000419616699,18.704456261253934,24.130000114440918,12.065000057220459,50.0,35.18441662185162,0.9365079365079365,Bull,6,15,1.0,7.0,,,,,,,,,,,,,
2026-01-26,EXIT,98.33999633789062,98.0,2026-05-15,109.0,62.270236055097705,17.200000762939453,-8.600000381469727,-50.0,36.220925964491826,15.0600004196167,-3.765000104904175,-25.0,32.26000118255615,1.2899980545043945,3.9987538971385126,19.435831600278156,0.9365079365079365,Bull,2,11,1.0,4.0,,,,,,,,,,,,,
2026-01-29,SHORT_VOL,105.56999969482422,106.0,2026-05-15,106.0,54.9473977405492,22.549999237060547,-11.274999618530273,-50.0,-9.046559100658447,27.0,-6.75,-25.0,39.14999961853027,3.799999713897705,9.706257345910954,9.706257345910954,0.8928571428571429,Bull,48,8,0.0,6.0,,,,,,,,,,,,,
2026-01-30,SELL PUT,75.44000244140625,75.0,2026-05-15,105.0,164.91361573829536,22.90999984741211,-11.454999923706055,-50.0,-36.839806357906525,7.0,-1.75,-25.0,29.90999984741211,-5.909999847412109,-19.75927742414702,-19.75927742414702,1.0,Bull,47,7,0.0,4.0,,,,,,,,,,,,,
2026-02-02,SELL PUT,72.44000244140625,72.0,2026-05-15,102.0,165.51082470525913,12.899999618530273,-2.6499996185302734,-20.54263330925736,16.27907320596482,10.600000381469727,-1.0,-9.433961924644258,23.5,-1.6499996185302734,-7.021274972469249,2.0000011362928025,1.0,Bull,44,4,1.0,4.0,,,,,,,,,,,,,
2026-02-05,SELL PUT,66.69000244140625,67.0,2026-05-15,99.0,182.78445838342404,10.600000381469727,2.8999996185302734,27.358485982697477,51.22641612983501,9.699999809265137,2.919999599456787,30.103089246122405,20.300000190734863,-0.019999980926513672,-0.0985220726039297,12.463057452581834,1.0,Bull,41,1,1.0,4.0,,,,,,,,,,,,,
2026-02-09,SHORT_VOL,76.04000091552734,76.0,2026-05-15,95.0,184.53935488053642,10.25,-4.25,-41.463414634146346,19.512195121951216,11.949999809265137,-1.4800004959106445,-12.384941586050594,22.199999809265137,-2.799999713897705,-12.612611432226812,9.279281249169024,1.0,Bull,37,25,0.0,6.0,,,,,,,,,,,,,
2026-02-10,SHORT_VOL,73.41000366210938,73.0,2026-05-15,94.0,182.3743334814057,11.699999809265137,-4.75,-40.59829126012902,7.094016557579641,10.350000381469727,0.3000001907348633,2.898552460654716,22.050000190734863,-5.050000190734863,-22.90249499796744,-4.625852376147659,0.9920634920634921,Bull,36,24,0.0,6.0,,,,,,,,,,,,,
2026-02-11,SHORT_VOL,76.55999755859375,77.0,2026-05-15,93.0,182.72304643083484,10.819999694824219,-4.819999694824219,-44.54713337126878,2.125697804045834,11.050000190734863,-2.762500047683716,-25.0,21.869999885559082,-2.9499998092651367,-13.488796637868495,0.36579754972417355,0.9920634920634921,Bull,35,23,0.0,6.0,,,,,,,,,,,,,
2026-02-12,SELL PUT,67.7300033569336,68.0,2026-05-15,92.0,187.4701940032497,10.600000381469727,-3.200000286102295,-30.188680857939776,-11.79245240580532,6.0,-1.5,-25.0,16.600000381469727,-1.0000004768371582,-6.024099119620745,2.4096362008327756,1.0,Bull,34,22,2.0,6.0,,,,,,,,,,,,,
2026-02-12,SHORT_VOL,67.7300033569336,68.0,2026-05-15,92.0,187.4701940032497,10.600000381469727,-3.200000286102295,-30.188680857939776,-11.79245240580532,6.0,-1.5,-25.0,16.600000381469727,-1.0000004768371582,-6.024099119620745,2.4096362008327756,1.0,Bull,34,22,2.0,6.0,,,,,,,,,,,,,
2026-02-13,SHORT_VOL,69.72000122070312,70.0,2026-05-15,91.0,127.28425777673974,9.800000190734863,-1.0500001907348633,-10.714287452030424,-10.714287452030424,8.100000381469727,-0.2999992370605469,-3.703694110272532,17.90000057220459,-0.7500009536743164,-4.189949327928682,-4.189949327928682,0.9603174603174603,Bull,33,21,2.0,8.0,,,,,,,,,,,,,
2026-02-17,SELL PUT,66.37000274658203,66.5,2026-05-15,87.0,127.98719665324909,8.300000190734863,8.199999809265137,98.79517615455775,98.79517615455775,7.449999809265137,1.75,23.4899334872952,15.75,6.449999809265137,40.952379741365945,40.952379741365945,0.9603174603174603,Bull,29,17,2.5,8.0,,,,,,,,,,,,,
2026-02-17,SHORT_VOL,66.37000274658203,66.5,2026-05-15,87.0,127.98719665324909,8.300000190734863,8.199999809265137,98.79517615455775,98.79517615455775,7.449999809265137,1.75,23.4899334872952,15.75,6.449999809265137,40.952379741365945,40.952379741365945,0.9603174603174603,Bull,29,17,2.5,8.0,,,,,,,,,,,,,
2026-02-18,SHORT_VOL,70.08999633789062,70.0,2026-05-15,86.0,127.07897001278745,8.350000381469727,10.049999237060547,120.35926680151357,120.35926680151357,8.149999618530273,0.7499995231628418,9.202448567698125,16.5,8.25,50.0,56.363634629683055,0.9523809523809523,Bull,28,16,2.5,8.0,,,,,,,,,,,,,
2026-02-19,SHORT_VOL,71.01000213623047,71.0,2026-05-15,85.0,126.10393815439602,9.0,7.200000762939453,80.00000847710504,101.66666242811414,8.75,1.3600001335144043,15.542858668736049,17.75,8.875,50.0,51.26760241011499,0.9484126984126984,Bull,27,15,2.5,8.0,,,,,,,,,,,,,
2026-02-20,SHORT_VOL,76.62000274658203,77.0,2026-07-17,147.0,100.76225956813025,11.300000190734863,6.699999809265137,59.29203270950938,66.37167185603332,14.5,2.6700000762939453,18.413793629613416,25.800000190734863,4.029999732971191,15.620153888287255,28.100771289642314,0.9444444444444444,Bull,26,14,2.5,8.0,,,,,,,,,,,,,
2026-02-23,SHORT_VOL,80.56999969482422,81.0,2026-07-17,144.0,100.66872953726896,14.0,3.8999996185302734,27.857140132359092,27.857140132359092,16.75,3.0500001907348633,18.208956362596197,30.75,0.8499994277954102,2.7642257814484883,14.73170334730691,0.9404761904761905,Bull,23,11,2.0,8.0,,,,,,,,,,,,,
2026-02-24,SHORT_VOL,79.08000183105469,79.0,2026-05-15,80.0,94.29842187174594,12.970000267028809,2.679999351501465,20.663063194488295,20.663063194488295,12.699999809265137,3.5,27.559055532005722,25.670000076293945,-0.8200006484985352,-3.1943928557125316,-3.1943928557125316,0.9365079365079365,Bull,22,10,3.0,8.0,,,,,,,,,,,,,
2026-02-25,SHORT_VOL,80.04000091552734,80.0,2026-05-15,79.0,91.60779731616041,13.600000381469727,-1.1500005722045898,-8.455886323146643,10.66176300436572,11.399999618530273,1.0099992752075195,8.859643061441892,25.0,-2.1599998474121094,-8.639999389648438,-0.7999992370605469,0.9325396825396826,Bull,21,9,3.0,8.0,,,,,,,,,,,,,
2026-02-26,SELL PUT,80.44999694824219,80.0,2026-07-17,141.0,89.77891396299927,14.25,-2.5500001907348633,-17.894738180595525,30.456141421669415,14.75,-0.8500003814697266,-5.762714450642214,29.0,-1.6999998092651367,-5.862068307810817,8.758620558113888,0.9246031746031746,Bull,20,8,3.0,8.0,,,,,,,,,,,,,
2026-02-26,SHORT_VOL,80.44999694824219,80.0,2026-07-17,141.0,89.77891396299927,14.25,-2.5500001907348633,-17.894738180595525,30.456141421669415,14.75,-0.8500003814697266,-5.762714450642214,29.0,-1.6999998092651367,-5.862068307810817,8.758620558113888,0.9246031746031746,Bull,20,8,3.0,8.0,,,,,,,,,,,,,
2026-02-27,SHORT_VOL,84.98999786376953,85.0,2026-05-15,77.0,61.48886749601373,12.25,-5.300000190734863,-43.265307679468265,6.1224489795918435,13.399999618530273,-3.3499999046325684,-25.0,25.649999618530273,-2.560000419616699,-9.9805086069759,-0.35087407505673524,0.8571428571428571,Bull,19,7,3.0,7.0,,,,,,,,,,,,,
2026-03-02,SHORT_VOL,81.56999969482422,82.0,2026-05-15,74.0,69.12299120310767,11.199999809265137,-3.3499999046325684,-29.91071394359578,4.017855508290968,12.460000038146973,-3.115000009536743,-25.0,23.65999984741211,-2.7199997901916504,-11.496195298957955,-0.4649222783642333,0.876984126984127,Bull,16,4,2.0,7.0,,,,,,,,,,,,,
2026-03-03,SELL PUT,74.68000030517578,74.5,2026-05-15,73.0,80.19965071649446,10.0,0.23999977111816406,2.399997711181645,5.299997329711914,11.699999809265137,3.380000114440918,28.888890337966693,21.699999809265137,-3.140000343322754,-14.47004779226811,-7.6958485589783185,0.9007936507936508,Bull,15,3,2.0,4.0,,,,,,,,,,,,,
2026-03-04,SELL PUT,75.33999633789062,75.0,2026-07-17,135.0,76.52524012235011,14.550000190734863,-0.6500005722045898,-4.467357826005369,-4.467357826005369,11.800000190734863,1.380000114440918,11.694916035039286,26.350000381469727,-2.030000686645508,-7.703987314068798,-4.060723464926393,0.8888888888888888,Bull,14,2,2.0,4.0,,,,,,,,,,,,,
2026-03-05,SELL PUT,74.2699966430664,74.5,2026-05-15,71.0,77.26887646627996,9.5,2.5500001907348633,26.84210727089329,26.84210727089329,9.25,2.6500000953674316,28.64864967964791,18.75,-0.09999990463256836,-0.5333328247070312,-0.5333328247070312,0.8888888888888888,Bull,13,1,2.0,4.0,,,,,,,,,,,,,
2026-03-10,SHORT_VOL,80.08999633789062,80.0,2026-05-15,66.0,63.3602842778818,10.149999618530273,-4.699999809265137,-46.30541858035754,-2.1674810012096146,9.100000381469727,-2.2750000953674316,-25.0,19.25,-1.3600006103515625,-7.064938235592533,0.25974125057071834,0.8452380952380952,Bull,8,24,3.0,7.0,,,,,,,,,,,,,
2026-03-11,SHORT_VOL,77.91000366210938,78.0,2026-05-15,65.0,64.66460136111733,8.600000381469727,-2.8500003814697266,-33.13953784944677,5.465108052404188,8.850000381469727,-1.4200000762939453,-16.045197910580484,17.450000762939453,-1.4300003051757812,-8.194843797444612,2.120337625833085,0.8452380952380952,Bull,7,23,4.0,6.0,,,,,,,,,,,,,
2026-03-12,SHORT_VOL,76.4800033569336,76.0,2026-07-17,127.0,65.02048941531224,12.449999809265137,-4.059999465942383,-32.61043797704303,-1.0441776420283433,,,,23.130000114440918,0.05999946594238281,0.2594010620212791,0.2594010620212791,0.8452380952380952,Bull,6,22,4.0,6.0,,,,,,,,,,,,,
2026-03-13,BUY CALL,72.69000244140625,72.5,2026-05-15,63.0,58.779610650538416,7.980000019073486,-3.179999828338623,-39.84962181375828,0.8771951315045712,7.019999980926514,-1.1299996376037598,-16.096860978261997,15.0,-2.0500001907348633,-13.666667938232422,5.0,0.7896825396825397,Bull,5,21,2.0,6.0,,,,,,,,,,,,,
2026-03-17,BUY CALL,71.66000366210938,71.5,2026-05-15,59.0,41.534303598231666,7.800000190734863,-3.9000000953674316,-50.0,-10.256412450927044,6.599999904632568,-1.649999976158142,-25.0,14.400000095367432,0.059999704360961914,0.4166646108583304,0.4166646108583304,0.6984126984126984,Bull,1,17,2.5,5.0,,,,,,,,,,,,,
2026-03-18,BUY CALL,68.69999694824219,68.5,2026-05-15,58.0,44.7616830278291,6.5,-2.4499998092651367,-37.69230475792518,-2.1538440997783903,5.820000171661377,-1.4550000429153442,-25.0,12.320000171661377,0.929999828338623,7.548699800165755,17.613636737484853,0.7103174603174603,Bull,0,16,2.5,7.0,,,,,,,,,,,,,
2026-03-19,BUY CALL,65.68000030517578,65.5,2026-05-15,57.0,48.128816448617975,5.25,0.019999980926513672,0.3809520176478731,17.14285895937966,7.239999771118164,-0.010000228881835938,-0.1381247126792585,12.489999771118164,0.03000020980834961,0.24019383793522558,4.083268520638077,0.7261904761904762,Bull,41,15,1.5,8.0,,,,,,,,,,,,,
2026-03-19,SHORT_VOL,65.68000030517578,65.5,2026-05-15,57.0,48.128816448617975,5.25,0.019999980926513672,0.3809520176478731,17.14285895937966,7.239999771118164,-0.010000228881835938,-0.1381247126792585,12.489999771118164,0.03000020980834961,0.24019383793522558,4.083268520638077,0.7261904761904762,Bull,41,15,1.5,8.0,,2026-03-19,2026-03-24,85.0,105.0,45.0,30.0,1.5599999949336052,1.530000001192093,False,0.0299999937415123,1.9230765281373685,15.928693215277551
2026-03-20,BUY CALL,61.52000045776367,61.5,2026-05-15,56.0,50.24703704135148,6.800000190734863,1.9700002670288086,28.97059134958515,28.97059134958515,5.400000095367432,1.25,23.148147739337148,12.200000286102295,0.7200002670288086,5.901641394623583,5.901641394623583,0.7341269841269841,Bull,40,14,0.5,7.0,,,,,,,,,,,,,
2026-03-20,SHORT_VOL,61.52000045776367,61.5,2026-05-15,56.0,50.24703704135148,6.800000190734863,1.9700002670288086,28.97059134958515,28.97059134958515,5.400000095367432,1.25,23.148147739337148,12.200000286102295,0.7200002670288086,5.901641394623583,5.901641394623583,0.7341269841269841,Bull,40,14,0.5,7.0,,,,,,,,,,,,,
2026-03-23,BUY CALL,62.470001220703125,62.5,2026-05-15,53.0,46.38288154588708,6.699999809265137,0.35000038146972656,5.223886439305958,23.13433186358358,5.789999961853027,0.09000015258789062,1.5544067906882515,12.489999771118164,0.26000022888183594,2.0816672029334993,2.16173308816242,0.7063492063492064,Bull,37,11,0.0,6.0,,,,,,,,,,,,,
2026-03-23,SHORT_VOL,62.470001220703125,62.5,2026-05-15,53.0,46.38288154588708,6.699999809265137,0.35000038146972656,5.223886439305958,23.13433186358358,5.789999961853027,0.09000015258789062,1.5544067906882515,12.489999771118164,0.26000022888183594,2.0816672029334993,2.16173308816242,0.7063492063492064,Bull,37,11,0.0,6.0,,2026-03-23,2026-03-26,80.0,95.0,45.0,30.0,1.520000047981739,1.9800000414252281,False,-0.4599999934434891,-30.263156508072385,13.937838910464599
2026-03-24,BUY CALL,62.95000076293945,63.0,2026-05-15,52.0,42.60782695653244,5.659999847412109,1.1800003051757812,20.848062490943462,28.091876244747205,6.570000171661377,0.49000024795532227,7.458146653768114,12.230000019073486,0.690000057220459,5.641864727263767,5.641864727263767,0.6865079365079365,Bull,36,10,1.0,3.0,,,,,,,,,,,,,
2026-03-26,BUY CALL,60.77000045776367,61.0,2026-05-15,50.0,57.82287834034404,7.0,3.5,50.0,50.0,5.420000076293945,2.2200000286102295,40.9594095454,12.420000076293945,1.2799999713897705,10.305957838381229,10.305957838381229,0.7777777777777778,Bull,34,8,0.0,6.0,,,,,,,,,,,,,
2026-03-26,SHORT_VOL,60.77000045776367,61.0,2026-05-15,50.0,57.82287834034404,7.0,3.5,50.0,50.0,5.420000076293945,2.2200000286102295,40.9594095454,12.420000076293945,1.2799999713897705,10.305957838381229,10.305957838381229,0.7777777777777778,Bull,34,8,0.0,6.0,,2026-03-26,2026-03-31,80.0,100.0,40.0,20.0,1.5600000228732824,2.2499998919665813,False,-0.6899998690932989,-44.230760190786675,16.647719370188426
2026-03-27,BUY CALL,63.439998626708984,63.5,2026-05-15,49.0,64.10863971308387,5.190000057220459,3.4599995613098145,66.66665747905294,71.48361310995304,6.170000076293945,2.4000000953674316,38.89789409547315,11.360000133514404,1.0599994659423828,9.330981104614251,15.933097900585919,0.8373015873015873,Bull,33,7,0.0,5.0,,,,,,,,,,,,,
2026-03-30,BUY CALL,63.52000045776367,63.5,2026-05-15,46.0,63.6500008032945,7.150000095367432,-0.26999998092651367,-3.7762234590940746,24.47551748001635,5.800000190734863,1.25,21.551723429195686,12.950000286102295,-1.5199999809265137,-11.73745133085248,0.6949744936311679,0.8333333333333334,Bull,30,4,1.0,5.0,,,,,,,,,,,,,
2026-04-06,SHORT_VOL,66.08999633789062,66.0,2026-05-15,39.0,62.680139077095056,5.75,0.7199997901916504,12.521735481593922,14.782607037088136,5.550000190734863,2.3500001430511475,42.34234346467633,11.300000190734863,-1.630000352859497,-14.424781640233714,-0.4424795565566416,0.8055555555555556,Bull,23,25,0.0,6.0,,,,,,,,,,,,,
2026-04-07,SHORT_VOL,65.94000244140625,66.0,2026-05-15,38.0,62.71354273364707,5.050000190734863,1.419999599456787,28.118802887612414,30.69306248228385,6.579999923706055,3.379999876022339,51.36777986645661,11.630000114440918,-1.9600002765655518,-16.85296867823611,-3.2674128177270916,0.8055555555555556,Bull,22,24,0.0,6.0,,,,,,,,,,,,,
2026-04-08,SHORT_VOL,67.47000122070312,67.5,2026-05-15,37.0,63.30280366845902,6.800000190734863,-1.9000000953674316,-27.941177089321556,-11.764708357286224,4.300000190734863,0.38000011444091797,8.83721157175057,11.100000381469727,-2.2800002098083496,-20.54054172479641,-2.072076468525226,0.8134920634920635,Bull,21,23,0.0,7.0,,,,,,,,,,,,,
2026-04-09,SHORT_VOL,68.38999938964844,68.5,2026-05-15,36.0,61.48353759114323,4.699999809265137,2.1500000953674316,45.7446847365637,45.7446847365637,5.099999904632568,2.0,39.215687007823405,9.799999713897705,0.15000009536743164,1.5306132627199114,1.5306132627199114,0.7857142857142857,Bull,20,22,0.0,7.0,,2026-04-09,2026-04-14,90.0,110.0,45.0,30.0,0.6799999792128801,0.8099999465048313,False,-0.12999996729195118,-19.117642833229194,17.807760303565765
2026-04-10,SHORT_VOL,69.08000183105469,69.0,2026-05-15,35.0,45.83683985518443,4.900000095367432,1.25,25.51020358513416,33.673470678651164,4.670000076293945,1.5500001907348633,33.19058170048092,9.570000171661377,-0.3000001907348633,-3.134798175064008,2.8213163645078696,0.6666666666666666,Bull,19,21,2.0,6.0,,2026-04-10,2026-04-15,85.0,100.0,55.0,40.0,1.2799999341368675,1.1200000457465649,False,0.15999988839030266,12.499991923686633,12.447221340643699
2026-04-13,SHORT_VOL,68.27999877929688,68.5,2026-05-15,32.0,43.86565918474839,3.75,3.5500001907348633,94.66667175292969,94.66667175292969,5.099999904632568,3.1599998474121094,61.96078248044149,8.849999904632568,0.3900003433227539,4.406783587857517,12.429377587414086,0.6626984126984127,Bull,16,18,0.5,6.0,,2026-04-13,2026-04-17,80.0,95.0,55.0,40.0,1.6199999898672104,1.8499998766928911,False,-0.22999988682568073,-14.197523966931232,10.795801416504169
2026-04-21,BUY CALL,68.48999786376953,68.5,2026-05-15,24.0,47.31820024138012,5.349999904632568,-1.7899999618530273,-33.457943808616996,-14.018691838677878,2.390000104904175,-0.5975000262260437,-25.0,7.740000009536743,-1.2999999523162842,-16.795864996311444,-1.4211872733887625,0.6904761904761905,Bull,8,10,0.0,3.0,,,,,,,,,,,,,
